// An ordinary Rust program using std::fs -- read_to_string on /sd/w4 and
// File::open on /dev/acm -- built for wasm32-wasip1. It imports eleven WASI
// calls and modules/wasm/wasi.c implements those eleven.
//
// The point of the second half: to a wasm program the BleuIO is a file. So is
// an FTDI dongle the day a driver registers one, with no change here at all.
const unsigned char hello_wasm[] = {
    0x00, 0x61, 0x73, 0x6d, 0x01, 0x00, 0x00, 0x00, 0x01, 0x6c, 0x0f, 0x60,
    0x01, 0x7f, 0x00, 0x60, 0x00, 0x00, 0x60, 0x03, 0x7f, 0x7f, 0x7f, 0x01,
    0x7f, 0x60, 0x02, 0x7f, 0x7f, 0x01, 0x7f, 0x60, 0x02, 0x7f, 0x7f, 0x00,
    0x60, 0x01, 0x7f, 0x01, 0x7f, 0x60, 0x04, 0x7f, 0x7f, 0x7f, 0x7f, 0x01,
    0x7f, 0x60, 0x09, 0x7f, 0x7f, 0x7f, 0x7f, 0x7f, 0x7e, 0x7e, 0x7f, 0x7f,
    0x01, 0x7f, 0x60, 0x05, 0x7f, 0x7f, 0x7f, 0x7f, 0x7f, 0x01, 0x7f, 0x60,
    0x03, 0x7f, 0x7f, 0x7f, 0x00, 0x60, 0x04, 0x7f, 0x7f, 0x7f, 0x7f, 0x00,
    0x60, 0x00, 0x01, 0x7f, 0x60, 0x05, 0x7f, 0x7f, 0x7f, 0x7f, 0x7f, 0x00,
    0x60, 0x06, 0x7f, 0x7f, 0x7f, 0x7f, 0x7f, 0x7f, 0x01, 0x7f, 0x60, 0x08,
    0x7f, 0x7f, 0x7f, 0x7f, 0x7e, 0x7e, 0x7f, 0x7f, 0x01, 0x7f, 0x02, 0xa1,
    0x03, 0x0b, 0x16, 0x77, 0x61, 0x73, 0x69, 0x5f, 0x73, 0x6e, 0x61, 0x70,
    0x73, 0x68, 0x6f, 0x74, 0x5f, 0x70, 0x72, 0x65, 0x76, 0x69, 0x65, 0x77,
    0x31, 0x0b, 0x65, 0x6e, 0x76, 0x69, 0x72, 0x6f, 0x6e, 0x5f, 0x67, 0x65,
    0x74, 0x00, 0x03, 0x16, 0x77, 0x61, 0x73, 0x69, 0x5f, 0x73, 0x6e, 0x61,
    0x70, 0x73, 0x68, 0x6f, 0x74, 0x5f, 0x70, 0x72, 0x65, 0x76, 0x69, 0x65,
    0x77, 0x31, 0x11, 0x65, 0x6e, 0x76, 0x69, 0x72, 0x6f, 0x6e, 0x5f, 0x73,
    0x69, 0x7a, 0x65, 0x73, 0x5f, 0x67, 0x65, 0x74, 0x00, 0x03, 0x16, 0x77,
    0x61, 0x73, 0x69, 0x5f, 0x73, 0x6e, 0x61, 0x70, 0x73, 0x68, 0x6f, 0x74,
    0x5f, 0x70, 0x72, 0x65, 0x76, 0x69, 0x65, 0x77, 0x31, 0x08, 0x66, 0x64,
    0x5f, 0x63, 0x6c, 0x6f, 0x73, 0x65, 0x00, 0x05, 0x16, 0x77, 0x61, 0x73,
    0x69, 0x5f, 0x73, 0x6e, 0x61, 0x70, 0x73, 0x68, 0x6f, 0x74, 0x5f, 0x70,
    0x72, 0x65, 0x76, 0x69, 0x65, 0x77, 0x31, 0x0d, 0x66, 0x64, 0x5f, 0x66,
    0x64, 0x73, 0x74, 0x61, 0x74, 0x5f, 0x67, 0x65, 0x74, 0x00, 0x03, 0x16,
    0x77, 0x61, 0x73, 0x69, 0x5f, 0x73, 0x6e, 0x61, 0x70, 0x73, 0x68, 0x6f,
    0x74, 0x5f, 0x70, 0x72, 0x65, 0x76, 0x69, 0x65, 0x77, 0x31, 0x0f, 0x66,
    0x64, 0x5f, 0x66, 0x69, 0x6c, 0x65, 0x73, 0x74, 0x61, 0x74, 0x5f, 0x67,
    0x65, 0x74, 0x00, 0x03, 0x16, 0x77, 0x61, 0x73, 0x69, 0x5f, 0x73, 0x6e,
    0x61, 0x70, 0x73, 0x68, 0x6f, 0x74, 0x5f, 0x70, 0x72, 0x65, 0x76, 0x69,
    0x65, 0x77, 0x31, 0x0e, 0x66, 0x64, 0x5f, 0x70, 0x72, 0x65, 0x73, 0x74,
    0x61, 0x74, 0x5f, 0x67, 0x65, 0x74, 0x00, 0x03, 0x16, 0x77, 0x61, 0x73,
    0x69, 0x5f, 0x73, 0x6e, 0x61, 0x70, 0x73, 0x68, 0x6f, 0x74, 0x5f, 0x70,
    0x72, 0x65, 0x76, 0x69, 0x65, 0x77, 0x31, 0x13, 0x66, 0x64, 0x5f, 0x70,
    0x72, 0x65, 0x73, 0x74, 0x61, 0x74, 0x5f, 0x64, 0x69, 0x72, 0x5f, 0x6e,
    0x61, 0x6d, 0x65, 0x00, 0x02, 0x16, 0x77, 0x61, 0x73, 0x69, 0x5f, 0x73,
    0x6e, 0x61, 0x70, 0x73, 0x68, 0x6f, 0x74, 0x5f, 0x70, 0x72, 0x65, 0x76,
    0x69, 0x65, 0x77, 0x31, 0x07, 0x66, 0x64, 0x5f, 0x72, 0x65, 0x61, 0x64,
    0x00, 0x06, 0x16, 0x77, 0x61, 0x73, 0x69, 0x5f, 0x73, 0x6e, 0x61, 0x70,
    0x73, 0x68, 0x6f, 0x74, 0x5f, 0x70, 0x72, 0x65, 0x76, 0x69, 0x65, 0x77,
    0x31, 0x08, 0x66, 0x64, 0x5f, 0x77, 0x72, 0x69, 0x74, 0x65, 0x00, 0x06,
    0x16, 0x77, 0x61, 0x73, 0x69, 0x5f, 0x73, 0x6e, 0x61, 0x70, 0x73, 0x68,
    0x6f, 0x74, 0x5f, 0x70, 0x72, 0x65, 0x76, 0x69, 0x65, 0x77, 0x31, 0x09,
    0x70, 0x61, 0x74, 0x68, 0x5f, 0x6f, 0x70, 0x65, 0x6e, 0x00, 0x07, 0x16,
    0x77, 0x61, 0x73, 0x69, 0x5f, 0x73, 0x6e, 0x61, 0x70, 0x73, 0x68, 0x6f,
    0x74, 0x5f, 0x70, 0x72, 0x65, 0x76, 0x69, 0x65, 0x77, 0x31, 0x09, 0x70,
    0x72, 0x6f, 0x63, 0x5f, 0x65, 0x78, 0x69, 0x74, 0x00, 0x00, 0x03, 0xaa,
    0x01, 0xa8, 0x01, 0x01, 0x08, 0x01, 0x04, 0x00, 0x01, 0x04, 0x09, 0x09,
    0x03, 0x09, 0x0a, 0x0a, 0x09, 0x03, 0x05, 0x03, 0x03, 0x0b, 0x09, 0x04,
    0x01, 0x00, 0x04, 0x04, 0x01, 0x04, 0x03, 0x09, 0x0c, 0x03, 0x02, 0x04,
    0x03, 0x03, 0x03, 0x06, 0x00, 0x02, 0x03, 0x02, 0x0d, 0x08, 0x03, 0x05,
    0x00, 0x00, 0x08, 0x0c, 0x03, 0x03, 0x03, 0x09, 0x00, 0x03, 0x01, 0x01,
    0x0c, 0x0a, 0x04, 0x03, 0x0b, 0x01, 0x0a, 0x09, 0x01, 0x01, 0x01, 0x00,
    0x03, 0x03, 0x00, 0x02, 0x03, 0x02, 0x02, 0x03, 0x02, 0x04, 0x04, 0x09,
    0x00, 0x04, 0x04, 0x04, 0x09, 0x04, 0x04, 0x04, 0x00, 0x00, 0x00, 0x03,
    0x04, 0x04, 0x00, 0x04, 0x02, 0x03, 0x02, 0x03, 0x04, 0x04, 0x04, 0x04,
    0x03, 0x03, 0x03, 0x03, 0x03, 0x0a, 0x01, 0x0a, 0x02, 0x03, 0x02, 0x03,
    0x02, 0x02, 0x05, 0x03, 0x03, 0x05, 0x03, 0x03, 0x03, 0x02, 0x06, 0x06,
    0x0e, 0x00, 0x01, 0x03, 0x02, 0x02, 0x00, 0x01, 0x03, 0x06, 0x02, 0x01,
    0x01, 0x01, 0x05, 0x01, 0x01, 0x02, 0x03, 0x03, 0x03, 0x05, 0x03, 0x03,
    0x05, 0x02, 0x05, 0x02, 0x05, 0x05, 0x05, 0x02, 0x00, 0x00, 0x03, 0x03,
    0x04, 0x02, 0x03, 0x04, 0x05, 0x01, 0x70, 0x01, 0x37, 0x37, 0x05, 0x03,
    0x01, 0x00, 0x11, 0x06, 0x0e, 0x02, 0x7f, 0x01, 0x41, 0x80, 0x80, 0xc0,
    0x00, 0x0b, 0x7f, 0x00, 0x41, 0x00, 0x0b, 0x07, 0x21, 0x03, 0x06, 0x6d,
    0x65, 0x6d, 0x6f, 0x72, 0x79, 0x02, 0x00, 0x06, 0x5f, 0x73, 0x74, 0x61,
    0x72, 0x74, 0x00, 0x0d, 0x0b, 0x5f, 0x5f, 0x6d, 0x61, 0x69, 0x6e, 0x5f,
    0x76, 0x6f, 0x69, 0x64, 0x00, 0x1d, 0x09, 0x3c, 0x01, 0x00, 0x41, 0x01,
    0x0b, 0x36, 0x19, 0x1b, 0x1c, 0x2e, 0x41, 0x78, 0x10, 0x3e, 0x2c, 0x2d,
    0x3c, 0x3d, 0x47, 0x36, 0x51, 0x75, 0x76, 0x31, 0x32, 0x33, 0x52, 0x53,
    0x54, 0x55, 0x7c, 0x7d, 0x7e, 0x56, 0x57, 0x58, 0x50, 0x6a, 0x6c, 0x6d,
    0x6e, 0x6f, 0x70, 0x71, 0x72, 0x66, 0x67, 0x68, 0x69, 0x59, 0x74, 0x5a,
    0x6b, 0x5c, 0x29, 0x26, 0x5f, 0x5d, 0x5e, 0x60, 0x0a, 0xe0, 0xe1, 0x02,
    0xa8, 0x01, 0x02, 0x00, 0x0b, 0x03, 0x00, 0x00, 0x0b, 0x57, 0x01, 0x01,
    0x7f, 0x02, 0x40, 0x02, 0x40, 0x23, 0x81, 0x80, 0x80, 0x80, 0x00, 0x41,
    0xb0, 0xd1, 0xc0, 0x80, 0x00, 0x6a, 0x28, 0x02, 0x00, 0x0d, 0x00, 0x23,
    0x81, 0x80, 0x80, 0x80, 0x00, 0x41, 0xb0, 0xd1, 0xc0, 0x80, 0x00, 0x6a,
    0x41, 0x01, 0x36, 0x02, 0x00, 0x10, 0x97, 0x81, 0x80, 0x80, 0x00, 0x10,
    0x8b, 0x80, 0x80, 0x80, 0x00, 0x10, 0x9d, 0x80, 0x80, 0x80, 0x00, 0x21,
    0x00, 0x10, 0x9c, 0x81, 0x80, 0x80, 0x00, 0x20, 0x00, 0x0d, 0x01, 0x0f,
    0x0b, 0x00, 0x0b, 0x20, 0x00, 0x10, 0x8d, 0x81, 0x80, 0x80, 0x00, 0x00,
    0x0b, 0x54, 0x01, 0x01, 0x7f, 0x02, 0x40, 0x20, 0x00, 0x41, 0xff, 0x01,
    0x71, 0x41, 0x03, 0x47, 0x0d, 0x00, 0x02, 0x40, 0x20, 0x01, 0x28, 0x02,
    0x04, 0x22, 0x00, 0x28, 0x02, 0x00, 0x22, 0x02, 0x45, 0x0d, 0x00, 0x20,
    0x01, 0x28, 0x02, 0x00, 0x20, 0x02, 0x11, 0x80, 0x80, 0x80, 0x80, 0x00,
    0x80, 0x80, 0x80, 0x80, 0x00, 0x0b, 0x02, 0x40, 0x20, 0x00, 0x28, 0x02,
    0x04, 0x45, 0x0d, 0x00, 0x20, 0x01, 0x28, 0x02, 0x00, 0x10, 0xac, 0x81,
    0x80, 0x80, 0x00, 0x0b, 0x20, 0x01, 0x10, 0xac, 0x81, 0x80, 0x80, 0x00,
    0x0b, 0x0b, 0x0f, 0x00, 0x20, 0x00, 0x11, 0x81, 0x80, 0x80, 0x80, 0x00,
    0x80, 0x80, 0x80, 0x80, 0x00, 0x0b, 0x9e, 0x14, 0x03, 0x01, 0x7f, 0x01,
    0x7e, 0x0f, 0x7f, 0x23, 0x80, 0x80, 0x80, 0x80, 0x00, 0x41, 0xb0, 0x03,
    0x6b, 0x22, 0x00, 0x24, 0x80, 0x80, 0x80, 0x80, 0x00, 0x41, 0x80, 0x80,
    0xc0, 0x80, 0x00, 0x41, 0xc5, 0x00, 0x10, 0x91, 0x80, 0x80, 0x80, 0x00,
    0x20, 0x00, 0x41, 0x00, 0x36, 0x02, 0x10, 0x20, 0x00, 0x42, 0x80, 0x80,
    0x80, 0x80, 0xe0, 0x36, 0x37, 0x02, 0x08, 0x20, 0x00, 0x41, 0x00, 0x3b,
    0x01, 0x14, 0x20, 0x00, 0x41, 0x01, 0x3a, 0x00, 0x10, 0x20, 0x00, 0x41,
    0x00, 0x2f, 0x00, 0xa6, 0x80, 0xc0, 0x80, 0x00, 0x3b, 0x01, 0x24, 0x20,
    0x00, 0x41, 0x00, 0x28, 0x00, 0xa2, 0x80, 0xc0, 0x80, 0x00, 0x36, 0x02,
    0x20, 0x20, 0x00, 0x41, 0x00, 0x3a, 0x00, 0x26, 0x20, 0x00, 0x41, 0xa4,
    0x03, 0x6a, 0x20, 0x00, 0x41, 0x20, 0x6a, 0x41, 0x07, 0x10, 0x92, 0x80,
    0x80, 0x80, 0x00, 0x02, 0x40, 0x02, 0x40, 0x20, 0x00, 0x28, 0x02, 0xa4,
    0x03, 0x41, 0x01, 0x47, 0x0d, 0x00, 0x20, 0x00, 0x41, 0x00, 0x29, 0x03,
    0x88, 0xb6, 0xc0, 0x80, 0x00, 0x22, 0x01, 0x37, 0x03, 0x18, 0x20, 0x01,
    0xa7, 0x21, 0x02, 0x0c, 0x01, 0x0b, 0x20, 0x00, 0x41, 0x18, 0x6a, 0x20,
    0x00, 0x41, 0x08, 0x6a, 0x20, 0x00, 0x28, 0x02, 0xa8, 0x03, 0x10, 0x93,
    0x80, 0x80, 0x80, 0x00, 0x20, 0x00, 0x2d, 0x00, 0x18, 0x21, 0x02, 0x0b,
    0x02, 0x40, 0x02, 0x40, 0x02, 0x40, 0x02, 0x40, 0x02, 0x40, 0x02, 0x40,
    0x02, 0x40, 0x02, 0x40, 0x02, 0x40, 0x02, 0x40, 0x20, 0x02, 0x41, 0xff,
    0x01, 0x71, 0x41, 0xff, 0x01, 0x47, 0x0d, 0x00, 0x20, 0x00, 0x28, 0x02,
    0x1c, 0x21, 0x03, 0x0c, 0x01, 0x0b, 0x20, 0x00, 0x29, 0x03, 0x18, 0x22,
    0x01, 0x42, 0xff, 0x01, 0x83, 0x42, 0xff, 0x01, 0x52, 0x0d, 0x01, 0x20,
    0x01, 0x42, 0x20, 0x88, 0xa7, 0x21, 0x03, 0x0b, 0x41, 0x00, 0x21, 0x04,
    0x20, 0x00, 0x41, 0x20, 0x6a, 0x41, 0x00, 0x41, 0x90, 0x01, 0xfc, 0x0b,
    0x00, 0x02, 0x40, 0x20, 0x03, 0x20, 0x00, 0x41, 0x20, 0x6a, 0x10, 0xff,
    0x80, 0x80, 0x80, 0x00, 0x22, 0x05, 0x41, 0x7f, 0x46, 0x0d, 0x00, 0x20,
    0x00, 0x29, 0x03, 0x50, 0x22, 0x01, 0x42, 0xff, 0xff, 0xff, 0xff, 0x0f,
    0x20, 0x01, 0x42, 0xff, 0xff, 0xff, 0xff, 0x0f, 0x54, 0x1b, 0xa7, 0x21,
    0x04, 0x0b, 0x41, 0x00, 0x21, 0x06, 0x20, 0x00, 0x41, 0x00, 0x36, 0x02,
    0x10, 0x20, 0x00, 0x42, 0x80, 0x80, 0x80, 0x80, 0x10, 0x37, 0x02, 0x08,
    0x02, 0x40, 0x02, 0x40, 0x20, 0x04, 0x0d, 0x00, 0x41, 0x01, 0x21, 0x07,
    0x0c, 0x01, 0x0b, 0x41, 0x00, 0x21, 0x02, 0x02, 0x40, 0x02, 0x40, 0x02,
    0x40, 0x20, 0x04, 0x41, 0x00, 0x4e, 0x0d, 0x00, 0x20, 0x00, 0x41, 0x20,
    0x6a, 0x21, 0x08, 0x41, 0x00, 0x21, 0x04, 0x0c, 0x01, 0x0b, 0x20, 0x04,
    0x41, 0x01, 0x10, 0x94, 0x80, 0x80, 0x80, 0x00, 0x22, 0x07, 0x0d, 0x01,
    0x20, 0x00, 0x41, 0xa4, 0x03, 0x6a, 0x21, 0x08, 0x0b, 0x20, 0x08, 0x20,
    0x04, 0x36, 0x02, 0x00, 0x41, 0x7f, 0x21, 0x09, 0x41, 0x81, 0xcc, 0x00,
    0x21, 0x0a, 0x0c, 0x06, 0x0b, 0x20, 0x00, 0x20, 0x07, 0x36, 0x02, 0x0c,
    0x20, 0x00, 0x20, 0x04, 0x36, 0x02, 0x08, 0x20, 0x04, 0x21, 0x06, 0x0b,
    0x02, 0x40, 0x02, 0x40, 0x02, 0x40, 0x02, 0x40, 0x20, 0x05, 0x41, 0x7f,
    0x47, 0x0d, 0x00, 0x41, 0x80, 0xc0, 0x00, 0x21, 0x0b, 0x0c, 0x01, 0x0b,
    0x41, 0x00, 0x21, 0x09, 0x02, 0x40, 0x20, 0x04, 0x41, 0xff, 0x77, 0x4d,
    0x0d, 0x00, 0x41, 0x80, 0xc0, 0x00, 0x21, 0x0b, 0x0c, 0x02, 0x0b, 0x41,
    0x80, 0xc0, 0x00, 0x20, 0x04, 0x20, 0x04, 0x41, 0x80, 0x08, 0x6a, 0x22,
    0x02, 0x41, 0xff, 0x3f, 0x71, 0x22, 0x08, 0x6b, 0x41, 0x80, 0xc8, 0x00,
    0x6a, 0x22, 0x0c, 0x20, 0x0c, 0x20, 0x02, 0x49, 0x1b, 0x20, 0x02, 0x20,
    0x08, 0x1b, 0x21, 0x0b, 0x20, 0x04, 0x0d, 0x01, 0x0b, 0x20, 0x06, 0x41,
    0x20, 0x49, 0x0d, 0x01, 0x41, 0x00, 0x21, 0x09, 0x0b, 0x20, 0x06, 0x21,
    0x04, 0x0c, 0x02, 0x0b, 0x20, 0x00, 0x42, 0x00, 0x37, 0x03, 0x38, 0x20,
    0x00, 0x42, 0x00, 0x37, 0x03, 0x30, 0x20, 0x00, 0x42, 0x00, 0x37, 0x03,
    0x28, 0x20, 0x00, 0x42, 0x00, 0x37, 0x03, 0x20, 0x02, 0x40, 0x03, 0x40,
    0x20, 0x03, 0x20, 0x00, 0x41, 0x20, 0x6a, 0x41, 0x20, 0x10, 0x80, 0x81,
    0x80, 0x80, 0x00, 0x22, 0x02, 0x41, 0x7f, 0x47, 0x0d, 0x01, 0x41, 0x00,
    0x28, 0x02, 0x94, 0xd2, 0xc0, 0x80, 0x00, 0x22, 0x02, 0x41, 0x1b, 0x46,
    0x0d, 0x00, 0x0b, 0x41, 0x00, 0x21, 0x06, 0x0c, 0x03, 0x0b, 0x02, 0x40,
    0x02, 0x40, 0x02, 0x40, 0x02, 0x40, 0x20, 0x02, 0x41, 0x20, 0x4b, 0x0d,
    0x00, 0x20, 0x02, 0x20, 0x06, 0x4d, 0x0d, 0x01, 0x20, 0x00, 0x41, 0x08,
    0x6a, 0x41, 0x00, 0x20, 0x02, 0x10, 0x95, 0x80, 0x80, 0x80, 0x00, 0x20,
    0x00, 0x28, 0x02, 0x0c, 0x21, 0x07, 0x20, 0x00, 0x28, 0x02, 0x08, 0x21,
    0x04, 0x20, 0x00, 0x28, 0x02, 0x10, 0x21, 0x08, 0x0c, 0x02, 0x0b, 0x41,
    0x00, 0x20, 0x02, 0x41, 0x20, 0x41, 0x90, 0xb6, 0xc0, 0x80, 0x00, 0x10,
    0x96, 0x80, 0x80, 0x80, 0x00, 0x00, 0x0b, 0x41, 0x00, 0x21, 0x08, 0x20,
    0x06, 0x21, 0x04, 0x20, 0x02, 0x45, 0x0d, 0x01, 0x0b, 0x02, 0x40, 0x20,
    0x02, 0x45, 0x0d, 0x00, 0x20, 0x07, 0x20, 0x08, 0x6a, 0x20, 0x00, 0x41,
    0x20, 0x6a, 0x20, 0x02, 0xfc, 0x0a, 0x00, 0x00, 0x0b, 0x20, 0x00, 0x20,
    0x08, 0x20, 0x02, 0x6a, 0x22, 0x09, 0x36, 0x02, 0x10, 0x0c, 0x02, 0x0b,
    0x41, 0xff, 0x01, 0x21, 0x0c, 0x41, 0x00, 0x21, 0x06, 0x41, 0x00, 0x21,
    0x02, 0x0c, 0x03, 0x0b, 0x20, 0x00, 0x28, 0x02, 0x1c, 0x21, 0x02, 0x20,
    0x00, 0x28, 0x02, 0x18, 0x21, 0x0a, 0x0c, 0x04, 0x0b, 0x03, 0x40, 0x02,
    0x40, 0x20, 0x09, 0x20, 0x04, 0x47, 0x0d, 0x00, 0x20, 0x04, 0x20, 0x06,
    0x47, 0x0d, 0x00, 0x20, 0x00, 0x42, 0x00, 0x37, 0x03, 0x38, 0x20, 0x00,
    0x42, 0x00, 0x37, 0x03, 0x30, 0x20, 0x00, 0x42, 0x00, 0x37, 0x03, 0x28,
    0x20, 0x00, 0x42, 0x00, 0x37, 0x03, 0x20, 0x02, 0x40, 0x03, 0x40, 0x20,
    0x03, 0x20, 0x00, 0x41, 0x20, 0x6a, 0x41, 0x20, 0x10, 0x80, 0x81, 0x80,
    0x80, 0x00, 0x22, 0x02, 0x41, 0x7f, 0x47, 0x0d, 0x01, 0x41, 0x00, 0x28,
    0x02, 0x94, 0xd2, 0xc0, 0x80, 0x00, 0x22, 0x02, 0x41, 0x1b, 0x46, 0x0d,
    0x00, 0x0c, 0x04, 0x0b, 0x0b, 0x02, 0x40, 0x02, 0x40, 0x20, 0x02, 0x41,
    0x20, 0x4b, 0x0d, 0x00, 0x20, 0x02, 0x45, 0x0d, 0x01, 0x20, 0x00, 0x41,
    0x08, 0x6a, 0x20, 0x06, 0x20, 0x02, 0x10, 0x95, 0x80, 0x80, 0x80, 0x00,
    0x20, 0x00, 0x28, 0x02, 0x10, 0x21, 0x04, 0x20, 0x00, 0x28, 0x02, 0x0c,
    0x21, 0x07, 0x02, 0x40, 0x20, 0x02, 0x45, 0x0d, 0x00, 0x20, 0x07, 0x20,
    0x04, 0x6a, 0x20, 0x00, 0x41, 0x20, 0x6a, 0x20, 0x02, 0xfc, 0x0a, 0x00,
    0x00, 0x0b, 0x20, 0x00, 0x20, 0x04, 0x20, 0x02, 0x6a, 0x22, 0x09, 0x36,
    0x02, 0x10, 0x20, 0x00, 0x28, 0x02, 0x08, 0x21, 0x04, 0x0c, 0x02, 0x0b,
    0x41, 0x00, 0x20, 0x02, 0x41, 0x20, 0x41, 0x90, 0xb6, 0xc0, 0x80, 0x00,
    0x10, 0x96, 0x80, 0x80, 0x80, 0x00, 0x00, 0x0b, 0x41, 0xff, 0x01, 0x21,
    0x0c, 0x20, 0x06, 0x21, 0x02, 0x0c, 0x03, 0x0b, 0x02, 0x40, 0x02, 0x40,
    0x20, 0x09, 0x20, 0x04, 0x46, 0x0d, 0x00, 0x20, 0x04, 0x21, 0x0d, 0x0c,
    0x01, 0x0b, 0x20, 0x00, 0x41, 0x20, 0x6a, 0x20, 0x04, 0x20, 0x07, 0x20,
    0x04, 0x41, 0x20, 0x6a, 0x22, 0x02, 0x20, 0x04, 0x41, 0x01, 0x74, 0x22,
    0x08, 0x20, 0x02, 0x20, 0x08, 0x4b, 0x1b, 0x22, 0x0d, 0x10, 0x97, 0x80,
    0x80, 0x80, 0x00, 0x02, 0x40, 0x20, 0x00, 0x28, 0x02, 0x20, 0x41, 0x01,
    0x47, 0x0d, 0x00, 0x41, 0x00, 0x21, 0x02, 0x41, 0x01, 0x21, 0x0c, 0x41,
    0x26, 0x21, 0x08, 0x20, 0x00, 0x28, 0x02, 0x10, 0x21, 0x06, 0x0c, 0x04,
    0x0b, 0x20, 0x00, 0x20, 0x00, 0x28, 0x02, 0x24, 0x22, 0x07, 0x36, 0x02,
    0x0c, 0x20, 0x00, 0x20, 0x0d, 0x36, 0x02, 0x08, 0x0b, 0x20, 0x0b, 0x20,
    0x0d, 0x20, 0x09, 0x6b, 0x22, 0x02, 0x20, 0x0b, 0x20, 0x02, 0x49, 0x1b,
    0x21, 0x0e, 0x20, 0x07, 0x20, 0x09, 0x6a, 0x21, 0x0f, 0x41, 0x00, 0x21,
    0x04, 0x02, 0x40, 0x02, 0x40, 0x03, 0x40, 0x20, 0x04, 0x41, 0x00, 0x20,
    0x03, 0x20, 0x0f, 0x20, 0x04, 0x6a, 0x20, 0x0e, 0x20, 0x04, 0x6b, 0x22,
    0x02, 0x41, 0xff, 0xff, 0xff, 0xff, 0x07, 0x20, 0x02, 0x41, 0xff, 0xff,
    0xff, 0xff, 0x07, 0x49, 0x1b, 0x10, 0x80, 0x81, 0x80, 0x80, 0x00, 0x22,
    0x02, 0x20, 0x02, 0x41, 0x7f, 0x46, 0x22, 0x08, 0x1b, 0x6a, 0x21, 0x04,
    0x41, 0x00, 0x28, 0x02, 0x94, 0xd2, 0xc0, 0x80, 0x00, 0x20, 0x10, 0x20,
    0x08, 0x1b, 0x21, 0x02, 0x02, 0x40, 0x02, 0x40, 0x02, 0x40, 0x02, 0x40,
    0x41, 0x00, 0x20, 0x0c, 0x41, 0xff, 0x01, 0x72, 0x20, 0x08, 0x1b, 0x22,
    0x0c, 0x41, 0xff, 0x01, 0x71, 0x0e, 0x04, 0x03, 0x01, 0x00, 0x02, 0x06,
    0x0b, 0x20, 0x02, 0x21, 0x10, 0x20, 0x02, 0x2d, 0x00, 0x08, 0x41, 0x23,
    0x46, 0x0d, 0x03, 0x0c, 0x04, 0x0b, 0x20, 0x02, 0x21, 0x10, 0x20, 0x0c,
    0x41, 0x80, 0xfe, 0x03, 0x71, 0x41, 0x80, 0xc6, 0x00, 0x46, 0x0d, 0x02,
    0x0c, 0x03, 0x0b, 0x20, 0x02, 0x2d, 0x00, 0x08, 0x41, 0x23, 0x47, 0x0d,
    0x02, 0x20, 0x02, 0x28, 0x02, 0x00, 0x21, 0x08, 0x02, 0x40, 0x20, 0x02,
    0x41, 0x04, 0x6a, 0x28, 0x02, 0x00, 0x22, 0x10, 0x28, 0x02, 0x00, 0x22,
    0x0a, 0x45, 0x0d, 0x00, 0x20, 0x08, 0x20, 0x0a, 0x11, 0x80, 0x80, 0x80,
    0x80, 0x00, 0x80, 0x80, 0x80, 0x80, 0x00, 0x0b, 0x02, 0x40, 0x20, 0x10,
    0x28, 0x02, 0x04, 0x45, 0x0d, 0x00, 0x20, 0x08, 0x10, 0xac, 0x81, 0x80,
    0x80, 0x00, 0x0b, 0x20, 0x02, 0x10, 0xac, 0x81, 0x80, 0x80, 0x00, 0x20,
    0x02, 0x21, 0x10, 0x0c, 0x01, 0x0b, 0x41, 0x1b, 0x21, 0x10, 0x20, 0x02,
    0x41, 0x1b, 0x46, 0x0d, 0x00, 0x0b, 0x0b, 0x20, 0x0c, 0x41, 0x08, 0x76,
    0x21, 0x08, 0x20, 0x04, 0x20, 0x09, 0x6a, 0x21, 0x06, 0x0c, 0x03, 0x0b,
    0x20, 0x00, 0x20, 0x04, 0x20, 0x09, 0x6a, 0x22, 0x09, 0x36, 0x02, 0x10,
    0x02, 0x40, 0x20, 0x04, 0x0d, 0x00, 0x41, 0xff, 0x01, 0x21, 0x0c, 0x20,
    0x09, 0x21, 0x06, 0x20, 0x09, 0x21, 0x02, 0x0c, 0x03, 0x0b, 0x41, 0x7f,
    0x20, 0x0b, 0x20, 0x05, 0x41, 0x7f, 0x46, 0x1b, 0x21, 0x0b, 0x20, 0x0d,
    0x21, 0x04, 0x20, 0x02, 0x21, 0x10, 0x0c, 0x00, 0x0b, 0x0b, 0x41, 0x00,
    0x21, 0x08, 0x41, 0x00, 0x21, 0x0c, 0x0b, 0x20, 0x00, 0x41, 0x20, 0x6a,
    0x20, 0x00, 0x28, 0x02, 0x0c, 0x22, 0x0a, 0x20, 0x06, 0x10, 0x98, 0x80,
    0x80, 0x80, 0x00, 0x02, 0x40, 0x02, 0x40, 0x02, 0x40, 0x20, 0x00, 0x28,
    0x02, 0x20, 0x0d, 0x00, 0x20, 0x02, 0x21, 0x10, 0x20, 0x06, 0x21, 0x02,
    0x0c, 0x01, 0x0b, 0x02, 0x40, 0x20, 0x0c, 0x41, 0xff, 0x01, 0x71, 0x41,
    0xff, 0x01, 0x46, 0x0d, 0x00, 0x20, 0x00, 0x28, 0x02, 0x08, 0x21, 0x04,
    0x0c, 0x02, 0x0b, 0x41, 0x00, 0x21, 0x02, 0x41, 0x00, 0x29, 0x03, 0xf8,
    0xb3, 0xc0, 0x80, 0x00, 0x22, 0x01, 0xa7, 0x22, 0x0c, 0x41, 0x08, 0x76,
    0x21, 0x08, 0x20, 0x01, 0x42, 0x20, 0x88, 0xa7, 0x21, 0x10, 0x0b, 0x20,
    0x00, 0x28, 0x02, 0x08, 0x21, 0x09, 0x20, 0x0c, 0x41, 0xff, 0x01, 0x71,
    0x41, 0xff, 0x01, 0x46, 0x0d, 0x01, 0x20, 0x09, 0x21, 0x04, 0x20, 0x10,
    0x21, 0x02, 0x0b, 0x20, 0x08, 0x41, 0x08, 0x74, 0xad, 0x20, 0x0c, 0xad,
    0x42, 0xff, 0x01, 0x83, 0x84, 0xa7, 0x21, 0x08, 0x41, 0x7f, 0x21, 0x09,
    0x02, 0x40, 0x20, 0x04, 0x45, 0x0d, 0x00, 0x20, 0x0a, 0x10, 0xac, 0x81,
    0x80, 0x80, 0x00, 0x0b, 0x20, 0x08, 0x21, 0x0a, 0x0b, 0x20, 0x03, 0x10,
    0x82, 0x81, 0x80, 0x80, 0x00, 0x1a, 0x20, 0x09, 0x41, 0x7f, 0x47, 0x0d,
    0x01, 0x0b, 0x20, 0x00, 0x20, 0x02, 0x36, 0x02, 0x0c, 0x20, 0x00, 0x20,
    0x0a, 0x36, 0x02, 0x08, 0x20, 0x00, 0x41, 0x81, 0x80, 0x80, 0x80, 0x00,
    0x36, 0x02, 0x24, 0x20, 0x00, 0x20, 0x00, 0x41, 0x08, 0x6a, 0x36, 0x02,
    0x20, 0x41, 0xfb, 0x90, 0xc0, 0x80, 0x00, 0x20, 0x00, 0x41, 0x20, 0x6a,
    0x10, 0x91, 0x80, 0x80, 0x80, 0x00, 0x20, 0x00, 0x2d, 0x00, 0x08, 0x20,
    0x00, 0x28, 0x02, 0x0c, 0x10, 0x8e, 0x80, 0x80, 0x80, 0x00, 0x0c, 0x01,
    0x0b, 0x20, 0x00, 0x20, 0x02, 0x36, 0x02, 0xa4, 0x03, 0x20, 0x0a, 0x20,
    0x02, 0x6a, 0x21, 0x08, 0x41, 0x00, 0x21, 0x10, 0x20, 0x0a, 0x21, 0x04,
    0x02, 0x40, 0x03, 0x40, 0x20, 0x10, 0x21, 0x03, 0x02, 0x40, 0x20, 0x04,
    0x22, 0x02, 0x20, 0x08, 0x47, 0x0d, 0x00, 0x20, 0x08, 0x21, 0x04, 0x20,
    0x03, 0x21, 0x10, 0x41, 0x00, 0x21, 0x0e, 0x41, 0x00, 0x21, 0x03, 0x0c,
    0x02, 0x0b, 0x02, 0x40, 0x02, 0x40, 0x20, 0x02, 0x2c, 0x00, 0x00, 0x22,
    0x0c, 0x41, 0x7f, 0x4c, 0x0d, 0x00, 0x20, 0x02, 0x41, 0x01, 0x6a, 0x21,
    0x04, 0x20, 0x0c, 0x41, 0xff, 0x01, 0x71, 0x21, 0x0c, 0x0c, 0x01, 0x0b,
    0x20, 0x02, 0x2d, 0x00, 0x01, 0x41, 0x3f, 0x71, 0x21, 0x04, 0x20, 0x0c,
    0x41, 0x1f, 0x71, 0x21, 0x10, 0x02, 0x40, 0x20, 0x0c, 0x41, 0x5f, 0x4b,
    0x0d, 0x00, 0x20, 0x10, 0x41, 0x06, 0x74, 0x20, 0x04, 0x72, 0x21, 0x0c,
    0x20, 0x02, 0x41, 0x02, 0x6a, 0x21, 0x04, 0x0c, 0x01, 0x0b, 0x20, 0x04,
    0x41, 0x06, 0x74, 0x20, 0x02, 0x2d, 0x00, 0x02, 0x41, 0x3f, 0x71, 0x72,
    0x21, 0x04, 0x02, 0x40, 0x20, 0x0c, 0x41, 0x70, 0x4f, 0x0d, 0x00, 0x20,
    0x04, 0x20, 0x10, 0x41, 0x0c, 0x74, 0x72, 0x21, 0x0c, 0x20, 0x02, 0x41,
    0x03, 0x6a, 0x21, 0x04, 0x0c, 0x01, 0x0b, 0x20, 0x04, 0x41, 0x06, 0x74,
    0x20, 0x02, 0x2d, 0x00, 0x03, 0x41, 0x3f, 0x71, 0x72, 0x20, 0x10, 0x41,
    0x12, 0x74, 0x41, 0x80, 0x80, 0xf0, 0x00, 0x71, 0x72, 0x21, 0x0c, 0x20,
    0x02, 0x41, 0x04, 0x6a, 0x21, 0x04, 0x0b, 0x20, 0x04, 0x20, 0x02, 0x6b,
    0x20, 0x03, 0x6a, 0x22, 0x10, 0x21, 0x0e, 0x20, 0x0c, 0x10, 0x9a, 0x80,
    0x80, 0x80, 0x00, 0x0d, 0x00, 0x0b, 0x0b, 0x02, 0x40, 0x03, 0x40, 0x20,
    0x04, 0x20, 0x08, 0x22, 0x0c, 0x46, 0x0d, 0x01, 0x02, 0x40, 0x20, 0x0c,
    0x41, 0x7f, 0x6a, 0x22, 0x08, 0x2c, 0x00, 0x00, 0x22, 0x02, 0x41, 0x7f,
    0x4a, 0x0d, 0x00, 0x02, 0x40, 0x02, 0x40, 0x20, 0x0c, 0x41, 0x7e, 0x6a,
    0x22, 0x08, 0x2d, 0x00, 0x00, 0x22, 0x0f, 0xc0, 0x22, 0x06, 0x41, 0x40,
    0x48, 0x0d, 0x00, 0x20, 0x0f, 0x41, 0x1f, 0x71, 0x21, 0x0f, 0x0c, 0x01,
    0x0b, 0x02, 0x40, 0x02, 0x40, 0x20, 0x0c, 0x41, 0x7d, 0x6a, 0x22, 0x08,
    0x2d, 0x00, 0x00, 0x22, 0x0f, 0xc0, 0x22, 0x05, 0x41, 0x40, 0x48, 0x0d,
    0x00, 0x20, 0x0f, 0x41, 0x0f, 0x71, 0x21, 0x0f, 0x0c, 0x01, 0x0b, 0x20,
    0x0c, 0x41, 0x7c, 0x6a, 0x22, 0x08, 0x2d, 0x00, 0x00, 0x41, 0x07, 0x71,
    0x41, 0x06, 0x74, 0x20, 0x05, 0x41, 0x3f, 0x71, 0x72, 0x21, 0x0f, 0x0b,
    0x20, 0x0f, 0x41, 0x06, 0x74, 0x20, 0x06, 0x41, 0x3f, 0x71, 0x72, 0x21,
    0x0f, 0x0b, 0x20, 0x0f, 0x41, 0x06, 0x74, 0x20, 0x02, 0x41, 0x3f, 0x71,
    0x72, 0x21, 0x02, 0x0b, 0x20, 0x02, 0x10, 0x9a, 0x80, 0x80, 0x80, 0x00,
    0x0d, 0x00, 0x0b, 0x20, 0x10, 0x20, 0x04, 0x6b, 0x20, 0x0c, 0x6a, 0x21,
    0x0e, 0x0b, 0x20, 0x00, 0x20, 0x0e, 0x20, 0x03, 0x6b, 0x36, 0x02, 0x0c,
    0x20, 0x00, 0x20, 0x0a, 0x20, 0x03, 0x6a, 0x36, 0x02, 0x08, 0x20, 0x00,
    0x41, 0x82, 0x80, 0x80, 0x80, 0x00, 0x36, 0x02, 0x2c, 0x20, 0x00, 0x41,
    0x83, 0x80, 0x80, 0x80, 0x00, 0x36, 0x02, 0x24, 0x20, 0x00, 0x20, 0x00,
    0x41, 0x08, 0x6a, 0x36, 0x02, 0x28, 0x20, 0x00, 0x20, 0x00, 0x41, 0xa4,
    0x03, 0x6a, 0x36, 0x02, 0x20, 0x41, 0x99, 0x91, 0xc0, 0x80, 0x00, 0x20,
    0x00, 0x41, 0x20, 0x6a, 0x10, 0x91, 0x80, 0x80, 0x80, 0x00, 0x20, 0x09,
    0x45, 0x0d, 0x00, 0x20, 0x0a, 0x10, 0xac, 0x81, 0x80, 0x80, 0x00, 0x0b,
    0x41, 0xfb, 0x91, 0xc0, 0x80, 0x00, 0x41, 0x3f, 0x10, 0x91, 0x80, 0x80,
    0x80, 0x00, 0x20, 0x00, 0x41, 0x00, 0x36, 0x02, 0x10, 0x20, 0x00, 0x42,
    0x80, 0x80, 0x80, 0x80, 0xe0, 0x36, 0x37, 0x02, 0x08, 0x20, 0x00, 0x41,
    0x00, 0x3b, 0x01, 0x14, 0x20, 0x00, 0x41, 0x01, 0x3a, 0x00, 0x10, 0x20,
    0x00, 0x41, 0x00, 0x3a, 0x00, 0x28, 0x20, 0x00, 0x42, 0xaf, 0xc8, 0x95,
    0xb3, 0xf7, 0xa5, 0xd8, 0xb1, 0xed, 0x00, 0x37, 0x03, 0x20, 0x20, 0x00,
    0x41, 0xa4, 0x03, 0x6a, 0x20, 0x00, 0x41, 0x20, 0x6a, 0x41, 0x09, 0x10,
    0x92, 0x80, 0x80, 0x80, 0x00, 0x02, 0x40, 0x02, 0x40, 0x20, 0x00, 0x28,
    0x02, 0xa4, 0x03, 0x41, 0x01, 0x47, 0x0d, 0x00, 0x20, 0x00, 0x41, 0x00,
    0x29, 0x03, 0x88, 0xb6, 0xc0, 0x80, 0x00, 0x22, 0x01, 0x37, 0x03, 0x18,
    0x20, 0x01, 0xa7, 0x21, 0x02, 0x0c, 0x01, 0x0b, 0x20, 0x00, 0x41, 0x18,
    0x6a, 0x20, 0x00, 0x41, 0x08, 0x6a, 0x20, 0x00, 0x28, 0x02, 0xa8, 0x03,
    0x10, 0x93, 0x80, 0x80, 0x80, 0x00, 0x20, 0x00, 0x2d, 0x00, 0x18, 0x21,
    0x02, 0x0b, 0x02, 0x40, 0x02, 0x40, 0x02, 0x40, 0x20, 0x02, 0x41, 0xff,
    0x01, 0x71, 0x41, 0xff, 0x01, 0x47, 0x0d, 0x00, 0x20, 0x00, 0x28, 0x02,
    0x1c, 0x21, 0x02, 0x0c, 0x01, 0x0b, 0x02, 0x40, 0x20, 0x00, 0x29, 0x03,
    0x18, 0x22, 0x01, 0x42, 0xff, 0x01, 0x83, 0x42, 0xff, 0x01, 0x52, 0x0d,
    0x00, 0x20, 0x01, 0x42, 0x20, 0x88, 0xa7, 0x21, 0x02, 0x0c, 0x01, 0x0b,
    0x20, 0x00, 0x20, 0x01, 0x37, 0x03, 0x08, 0x20, 0x00, 0x41, 0x81, 0x80,
    0x80, 0x80, 0x00, 0x36, 0x02, 0x24, 0x20, 0x00, 0x20, 0x00, 0x41, 0x08,
    0x6a, 0x36, 0x02, 0x20, 0x41, 0xdd, 0x90, 0xc0, 0x80, 0x00, 0x20, 0x00,
    0x41, 0x20, 0x6a, 0x10, 0x91, 0x80, 0x80, 0x80, 0x00, 0x20, 0x00, 0x2d,
    0x00, 0x08, 0x20, 0x00, 0x28, 0x02, 0x0c, 0x10, 0x8e, 0x80, 0x80, 0x80,
    0x00, 0x0c, 0x01, 0x0b, 0x41, 0x9a, 0x92, 0xc0, 0x80, 0x00, 0x41, 0xc5,
    0x00, 0x10, 0x91, 0x80, 0x80, 0x80, 0x00, 0x20, 0x02, 0x10, 0x82, 0x81,
    0x80, 0x80, 0x00, 0x1a, 0x0b, 0x20, 0x00, 0x41, 0xb0, 0x03, 0x6a, 0x24,
    0x80, 0x80, 0x80, 0x80, 0x00, 0x0b, 0xa2, 0x05, 0x03, 0x01, 0x7f, 0x03,
    0x7e, 0x02, 0x7f, 0x23, 0x80, 0x80, 0x80, 0x80, 0x00, 0x41, 0x30, 0x6b,
    0x22, 0x02, 0x24, 0x80, 0x80, 0x80, 0x80, 0x00, 0x20, 0x02, 0x41, 0x06,
    0x36, 0x02, 0x0c, 0x20, 0x02, 0x41, 0x85, 0xbc, 0xc0, 0x80, 0x00, 0x36,
    0x02, 0x08, 0x02, 0x40, 0x41, 0x00, 0x2d, 0x00, 0xe8, 0xd1, 0xc0, 0x80,
    0x00, 0x41, 0x03, 0x46, 0x0d, 0x00, 0x10, 0xfa, 0x80, 0x80, 0x80, 0x00,
    0x0b, 0x02, 0x40, 0x02, 0x40, 0x02, 0x40, 0x02, 0x40, 0x02, 0x40, 0x41,
    0x00, 0x29, 0x03, 0x80, 0xd2, 0xc0, 0x80, 0x00, 0x22, 0x03, 0x42, 0x00,
    0x52, 0x0d, 0x00, 0x41, 0x00, 0x29, 0x03, 0x88, 0xd2, 0xc0, 0x80, 0x00,
    0x21, 0x04, 0x03, 0x40, 0x20, 0x04, 0x42, 0x7f, 0x51, 0x0d, 0x02, 0x41,
    0x00, 0x20, 0x04, 0x42, 0x01, 0x7c, 0x22, 0x03, 0x41, 0x00, 0x29, 0x03,
    0x88, 0xd2, 0xc0, 0x80, 0x00, 0x22, 0x05, 0x20, 0x05, 0x20, 0x04, 0x51,
    0x22, 0x06, 0x1b, 0x37, 0x03, 0x88, 0xd2, 0xc0, 0x80, 0x00, 0x20, 0x05,
    0x21, 0x04, 0x20, 0x06, 0x45, 0x0d, 0x00, 0x0b, 0x41, 0x00, 0x20, 0x03,
    0x37, 0x03, 0x80, 0xd2, 0xc0, 0x80, 0x00, 0x0b, 0x02, 0x40, 0x02, 0x40,
    0x20, 0x03, 0x41, 0x00, 0x29, 0x03, 0xc0, 0xd1, 0xc0, 0x80, 0x00, 0x51,
    0x0d, 0x00, 0x41, 0x00, 0x2d, 0x00, 0xcc, 0xd1, 0xc0, 0x80, 0x00, 0x21,
    0x07, 0x41, 0x01, 0x21, 0x06, 0x41, 0x00, 0x41, 0x01, 0x3a, 0x00, 0xcc,
    0xd1, 0xc0, 0x80, 0x00, 0x20, 0x02, 0x20, 0x07, 0x3a, 0x00, 0x20, 0x20,
    0x07, 0x0d, 0x03, 0x41, 0x00, 0x20, 0x03, 0x37, 0x03, 0xc0, 0xd1, 0xc0,
    0x80, 0x00, 0x0c, 0x01, 0x0b, 0x41, 0x00, 0x28, 0x02, 0xc8, 0xd1, 0xc0,
    0x80, 0x00, 0x22, 0x06, 0x41, 0x7f, 0x46, 0x0d, 0x03, 0x20, 0x06, 0x41,
    0x01, 0x6a, 0x21, 0x06, 0x0b, 0x41, 0x00, 0x20, 0x06, 0x36, 0x02, 0xc8,
    0xd1, 0xc0, 0x80, 0x00, 0x20, 0x02, 0x41, 0xc0, 0xd1, 0xc0, 0x80, 0x00,
    0x36, 0x02, 0x18, 0x20, 0x02, 0x41, 0xff, 0x01, 0x3a, 0x00, 0x10, 0x20,
    0x02, 0x20, 0x02, 0x29, 0x03, 0x10, 0x37, 0x03, 0x20, 0x20, 0x02, 0x20,
    0x02, 0x41, 0x18, 0x6a, 0x36, 0x02, 0x28, 0x20, 0x02, 0x41, 0x20, 0x6a,
    0x41, 0x80, 0xb5, 0xc0, 0x80, 0x00, 0x20, 0x00, 0x20, 0x01, 0x10, 0xaf,
    0x80, 0x80, 0x80, 0x00, 0x21, 0x06, 0x20, 0x02, 0x2d, 0x00, 0x20, 0x21,
    0x01, 0x02, 0x40, 0x02, 0x40, 0x02, 0x40, 0x20, 0x06, 0x45, 0x0d, 0x00,
    0x20, 0x01, 0x41, 0xff, 0x01, 0x71, 0x41, 0xff, 0x01, 0x47, 0x0d, 0x01,
    0x41, 0x80, 0xb4, 0xc0, 0x80, 0x00, 0x41, 0xad, 0x01, 0x41, 0xd8, 0xb4,
    0xc0, 0x80, 0x00, 0x10, 0x9e, 0x80, 0x80, 0x80, 0x00, 0x00, 0x0b, 0x20,
    0x01, 0x41, 0xff, 0x01, 0x71, 0x41, 0x03, 0x47, 0x0d, 0x01, 0x20, 0x02,
    0x28, 0x02, 0x24, 0x22, 0x06, 0x28, 0x02, 0x00, 0x21, 0x01, 0x02, 0x40,
    0x20, 0x06, 0x41, 0x04, 0x6a, 0x28, 0x02, 0x00, 0x22, 0x00, 0x28, 0x02,
    0x00, 0x22, 0x07, 0x45, 0x0d, 0x00, 0x20, 0x01, 0x20, 0x07, 0x11, 0x80,
    0x80, 0x80, 0x80, 0x00, 0x80, 0x80, 0x80, 0x80, 0x00, 0x0b, 0x02, 0x40,
    0x20, 0x00, 0x28, 0x02, 0x04, 0x45, 0x0d, 0x00, 0x20, 0x01, 0x10, 0xac,
    0x81, 0x80, 0x80, 0x00, 0x0b, 0x20, 0x06, 0x10, 0xac, 0x81, 0x80, 0x80,
    0x00, 0x0c, 0x01, 0x0b, 0x20, 0x02, 0x20, 0x02, 0x29, 0x03, 0x20, 0x37,
    0x03, 0x10, 0x0b, 0x20, 0x02, 0x28, 0x02, 0x18, 0x22, 0x06, 0x20, 0x06,
    0x28, 0x02, 0x08, 0x41, 0x7f, 0x6a, 0x22, 0x01, 0x36, 0x02, 0x08, 0x02,
    0x40, 0x20, 0x01, 0x0d, 0x00, 0x20, 0x06, 0x41, 0x00, 0x3a, 0x00, 0x0c,
    0x20, 0x06, 0x42, 0x00, 0x37, 0x03, 0x00, 0x0b, 0x20, 0x02, 0x2d, 0x00,
    0x10, 0x41, 0xff, 0x01, 0x47, 0x0d, 0x03, 0x20, 0x02, 0x41, 0x30, 0x6a,
    0x24, 0x80, 0x80, 0x80, 0x80, 0x00, 0x0f, 0x0b, 0x10, 0xa0, 0x80, 0x80,
    0x80, 0x00, 0x00, 0x0b, 0x20, 0x02, 0x41, 0x20, 0x6a, 0x10, 0xcf, 0x80,
    0x80, 0x80, 0x00, 0x00, 0x0b, 0x41, 0xdc, 0xb9, 0xc0, 0x80, 0x00, 0x41,
    0x26, 0x41, 0x84, 0xba, 0xc0, 0x80, 0x00, 0x10, 0xbf, 0x80, 0x80, 0x80,
    0x00, 0x00, 0x0b, 0x20, 0x02, 0x20, 0x02, 0x29, 0x03, 0x10, 0x37, 0x03,
    0x18, 0x20, 0x02, 0x41, 0x81, 0x80, 0x80, 0x80, 0x00, 0xad, 0x42, 0x20,
    0x86, 0x20, 0x02, 0x41, 0x18, 0x6a, 0xad, 0x84, 0x37, 0x03, 0x28, 0x20,
    0x02, 0x41, 0x84, 0x80, 0x80, 0x80, 0x00, 0xad, 0x42, 0x20, 0x86, 0x20,
    0x02, 0x41, 0x08, 0x6a, 0xad, 0x84, 0x37, 0x03, 0x20, 0x41, 0xa2, 0x83,
    0xc0, 0x80, 0x00, 0x20, 0x02, 0x41, 0x20, 0x6a, 0x41, 0xc0, 0xb5, 0xc0,
    0x80, 0x00, 0x10, 0x9e, 0x80, 0x80, 0x80, 0x00, 0x00, 0x0b, 0xd6, 0x02,
    0x01, 0x04, 0x7f, 0x02, 0x40, 0x02, 0x40, 0x02, 0x40, 0x02, 0x40, 0x20,
    0x02, 0x41, 0x07, 0x4b, 0x0d, 0x00, 0x41, 0x00, 0x21, 0x03, 0x03, 0x40,
    0x20, 0x01, 0x20, 0x03, 0x6a, 0x2d, 0x00, 0x00, 0x45, 0x0d, 0x04, 0x20,
    0x03, 0x41, 0x01, 0x6a, 0x22, 0x03, 0x41, 0x07, 0x47, 0x0d, 0x00, 0x0c,
    0x02, 0x0b, 0x0b, 0x02, 0x40, 0x02, 0x40, 0x02, 0x40, 0x20, 0x01, 0x41,
    0x03, 0x6a, 0x41, 0x7c, 0x71, 0x22, 0x03, 0x20, 0x01, 0x46, 0x0d, 0x00,
    0x20, 0x03, 0x20, 0x01, 0x6b, 0x21, 0x04, 0x41, 0x00, 0x21, 0x03, 0x03,
    0x40, 0x20, 0x01, 0x20, 0x03, 0x6a, 0x2d, 0x00, 0x00, 0x45, 0x0d, 0x06,
    0x20, 0x04, 0x20, 0x03, 0x41, 0x01, 0x6a, 0x22, 0x03, 0x47, 0x0d, 0x00,
    0x0b, 0x20, 0x04, 0x20, 0x02, 0x41, 0x78, 0x6a, 0x22, 0x05, 0x4b, 0x0d,
    0x02, 0x0c, 0x01, 0x0b, 0x20, 0x02, 0x41, 0x78, 0x6a, 0x21, 0x05, 0x41,
    0x00, 0x21, 0x04, 0x0b, 0x03, 0x40, 0x41, 0x80, 0x82, 0x84, 0x08, 0x20,
    0x01, 0x20, 0x04, 0x6a, 0x22, 0x03, 0x28, 0x02, 0x00, 0x22, 0x06, 0x6b,
    0x20, 0x06, 0x72, 0x41, 0x80, 0x82, 0x84, 0x08, 0x20, 0x03, 0x41, 0x04,
    0x6a, 0x28, 0x02, 0x00, 0x22, 0x03, 0x6b, 0x20, 0x03, 0x72, 0x71, 0x41,
    0x80, 0x81, 0x82, 0x84, 0x78, 0x71, 0x41, 0x80, 0x81, 0x82, 0x84, 0x78,
    0x47, 0x0d, 0x01, 0x20, 0x04, 0x41, 0x08, 0x6a, 0x22, 0x04, 0x20, 0x05,
    0x4d, 0x0d, 0x00, 0x0b, 0x0b, 0x20, 0x02, 0x20, 0x04, 0x46, 0x0d, 0x00,
    0x20, 0x02, 0x20, 0x04, 0x6b, 0x21, 0x05, 0x20, 0x01, 0x20, 0x04, 0x6a,
    0x21, 0x06, 0x41, 0x00, 0x21, 0x03, 0x03, 0x40, 0x20, 0x06, 0x20, 0x03,
    0x6a, 0x2d, 0x00, 0x00, 0x45, 0x0d, 0x02, 0x20, 0x05, 0x20, 0x03, 0x41,
    0x01, 0x6a, 0x22, 0x03, 0x47, 0x0d, 0x00, 0x0b, 0x0b, 0x20, 0x00, 0x41,
    0x01, 0x36, 0x02, 0x04, 0x20, 0x00, 0x41, 0x01, 0x36, 0x02, 0x00, 0x0f,
    0x0b, 0x20, 0x03, 0x20, 0x04, 0x6a, 0x21, 0x03, 0x0b, 0x02, 0x40, 0x20,
    0x03, 0x41, 0x01, 0x6a, 0x20, 0x02, 0x46, 0x0d, 0x00, 0x20, 0x00, 0x20,
    0x03, 0x36, 0x02, 0x08, 0x20, 0x00, 0x41, 0x00, 0x36, 0x02, 0x04, 0x20,
    0x00, 0x41, 0x01, 0x36, 0x02, 0x00, 0x0f, 0x0b, 0x20, 0x00, 0x20, 0x02,
    0x36, 0x02, 0x08, 0x20, 0x00, 0x20, 0x01, 0x36, 0x02, 0x04, 0x20, 0x00,
    0x41, 0x00, 0x36, 0x02, 0x00, 0x0b, 0x84, 0x05, 0x01, 0x05, 0x7f, 0x23,
    0x80, 0x80, 0x80, 0x80, 0x00, 0x41, 0x10, 0x6b, 0x22, 0x03, 0x24, 0x80,
    0x80, 0x80, 0x80, 0x00, 0x20, 0x01, 0x2d, 0x00, 0x0a, 0x21, 0x04, 0x20,
    0x01, 0x2d, 0x00, 0x09, 0x21, 0x05, 0x02, 0x40, 0x02, 0x40, 0x02, 0x40,
    0x02, 0x40, 0x02, 0x40, 0x02, 0x40, 0x02, 0x40, 0x02, 0x40, 0x02, 0x40,
    0x02, 0x40, 0x02, 0x40, 0x02, 0x40, 0x02, 0x40, 0x20, 0x01, 0x2d, 0x00,
    0x08, 0x0d, 0x00, 0x02, 0x40, 0x20, 0x05, 0x41, 0x01, 0x71, 0x0d, 0x00,
    0x20, 0x04, 0x41, 0x01, 0x71, 0x0d, 0x06, 0x20, 0x01, 0x2d, 0x00, 0x0b,
    0x21, 0x05, 0x20, 0x01, 0x2d, 0x00, 0x0d, 0x21, 0x06, 0x02, 0x40, 0x20,
    0x01, 0x2d, 0x00, 0x0c, 0x22, 0x07, 0x0d, 0x00, 0x20, 0x06, 0x41, 0x01,
    0x71, 0x0d, 0x00, 0x20, 0x05, 0x41, 0x01, 0x71, 0x45, 0x0d, 0x05, 0x0b,
    0x20, 0x03, 0x41, 0x08, 0x6a, 0x41, 0xfe, 0xba, 0xc0, 0x80, 0x00, 0x41,
    0x3d, 0x10, 0xdb, 0x80, 0x80, 0x80, 0x00, 0x0c, 0x05, 0x0b, 0x20, 0x04,
    0x41, 0x01, 0x71, 0x0d, 0x05, 0x41, 0x80, 0x80, 0x80, 0x80, 0x01, 0x21,
    0x04, 0x0c, 0x01, 0x0b, 0x02, 0x40, 0x20, 0x05, 0x41, 0x01, 0x71, 0x0d,
    0x00, 0x20, 0x04, 0x41, 0x01, 0x71, 0x45, 0x0d, 0x07, 0x41, 0x81, 0x80,
    0x80, 0xa0, 0x01, 0x21, 0x04, 0x0c, 0x06, 0x0b, 0x20, 0x04, 0x41, 0x01,
    0x71, 0x0d, 0x01, 0x41, 0x80, 0x80, 0x80, 0xa0, 0x01, 0x21, 0x04, 0x0b,
    0x20, 0x01, 0x2d, 0x00, 0x0b, 0x21, 0x06, 0x20, 0x01, 0x2d, 0x00, 0x0d,
    0x21, 0x05, 0x0c, 0x08, 0x0b, 0x41, 0x81, 0x80, 0x80, 0xa0, 0x01, 0x21,
    0x04, 0x0c, 0x03, 0x0b, 0x20, 0x03, 0x41, 0x08, 0x6a, 0x41, 0xc4, 0xba,
    0xc0, 0x80, 0x00, 0x41, 0x3a, 0x10, 0xdb, 0x80, 0x80, 0x80, 0x00, 0x0b,
    0x02, 0x40, 0x20, 0x03, 0x2d, 0x00, 0x08, 0x41, 0xff, 0x01, 0x47, 0x0d,
    0x00, 0x20, 0x03, 0x28, 0x02, 0x0c, 0x21, 0x04, 0x0c, 0x04, 0x0b, 0x20,
    0x00, 0x20, 0x03, 0x29, 0x03, 0x08, 0x37, 0x02, 0x00, 0x0c, 0x07, 0x0b,
    0x41, 0x81, 0x80, 0x80, 0x80, 0x01, 0x21, 0x04, 0x0b, 0x20, 0x01, 0x2d,
    0x00, 0x0d, 0x21, 0x05, 0x20, 0x01, 0x2d, 0x00, 0x0b, 0x22, 0x06, 0x41,
    0x01, 0x47, 0x0d, 0x03, 0x20, 0x05, 0x41, 0x01, 0x71, 0x0d, 0x03, 0x0c,
    0x02, 0x0b, 0x20, 0x01, 0x2d, 0x00, 0x0d, 0x21, 0x06, 0x20, 0x01, 0x2d,
    0x00, 0x0c, 0x21, 0x07, 0x20, 0x01, 0x2d, 0x00, 0x0b, 0x21, 0x05, 0x41,
    0x80, 0x80, 0x80, 0x20, 0x21, 0x04, 0x0b, 0x20, 0x05, 0x41, 0x01, 0x71,
    0x0d, 0x00, 0x20, 0x07, 0x41, 0x01, 0x71, 0x0d, 0x00, 0x41, 0x00, 0x21,
    0x05, 0x20, 0x06, 0x41, 0x01, 0x71, 0x45, 0x0d, 0x02, 0x0b, 0x20, 0x03,
    0x41, 0x08, 0x6a, 0x41, 0xfe, 0xba, 0xc0, 0x80, 0x00, 0x41, 0x3d, 0x10,
    0xdb, 0x80, 0x80, 0x80, 0x00, 0x02, 0x40, 0x20, 0x03, 0x2d, 0x00, 0x08,
    0x41, 0xff, 0x01, 0x47, 0x0d, 0x00, 0x20, 0x03, 0x28, 0x02, 0x0c, 0x21,
    0x05, 0x0c, 0x02, 0x0b, 0x20, 0x00, 0x20, 0x03, 0x29, 0x03, 0x08, 0x37,
    0x02, 0x00, 0x0c, 0x02, 0x0b, 0x02, 0x40, 0x02, 0x40, 0x20, 0x01, 0x2d,
    0x00, 0x0c, 0x0d, 0x00, 0x20, 0x05, 0x41, 0x01, 0x71, 0x0d, 0x01, 0x41,
    0x80, 0x80, 0x02, 0x41, 0x00, 0x20, 0x06, 0x41, 0x01, 0x71, 0x1b, 0x21,
    0x05, 0x0c, 0x02, 0x0b, 0x20, 0x05, 0x41, 0x01, 0x71, 0x0d, 0x00, 0x41,
    0x80, 0xa0, 0x02, 0x41, 0x80, 0x20, 0x20, 0x06, 0x41, 0x01, 0x71, 0x1b,
    0x21, 0x05, 0x0c, 0x01, 0x0b, 0x41, 0x80, 0xa0, 0x01, 0x21, 0x05, 0x0b,
    0x20, 0x04, 0x20, 0x05, 0x72, 0x20, 0x01, 0x28, 0x02, 0x00, 0x41, 0xff,
    0xff, 0xff, 0x8f, 0x7e, 0x71, 0x72, 0x21, 0x04, 0x20, 0x01, 0x28, 0x02,
    0x04, 0x21, 0x01, 0x02, 0x40, 0x03, 0x40, 0x20, 0x03, 0x20, 0x01, 0x36,
    0x02, 0x00, 0x20, 0x02, 0x20, 0x04, 0x20, 0x03, 0x10, 0x91, 0x81, 0x80,
    0x80, 0x00, 0x22, 0x05, 0x41, 0x7f, 0x47, 0x0d, 0x01, 0x41, 0x00, 0x28,
    0x02, 0x94, 0xd2, 0xc0, 0x80, 0x00, 0x22, 0x05, 0x41, 0x1b, 0x46, 0x0d,
    0x00, 0x0b, 0x20, 0x00, 0x41, 0x00, 0x3b, 0x00, 0x01, 0x20, 0x00, 0x20,
    0x05, 0x36, 0x02, 0x04, 0x20, 0x00, 0x41, 0x00, 0x3a, 0x00, 0x00, 0x20,
    0x00, 0x41, 0x03, 0x6a, 0x41, 0x00, 0x3a, 0x00, 0x00, 0x0c, 0x01, 0x0b,
    0x20, 0x00, 0x41, 0xff, 0x01, 0x3a, 0x00, 0x00, 0x20, 0x00, 0x20, 0x05,
    0x36, 0x02, 0x04, 0x0b, 0x20, 0x03, 0x41, 0x10, 0x6a, 0x24, 0x80, 0x80,
    0x80, 0x80, 0x00, 0x0b, 0x5f, 0x01, 0x01, 0x7f, 0x23, 0x80, 0x80, 0x80,
    0x80, 0x00, 0x41, 0x10, 0x6b, 0x22, 0x02, 0x24, 0x80, 0x80, 0x80, 0x80,
    0x00, 0x02, 0x40, 0x02, 0x40, 0x20, 0x01, 0x20, 0x00, 0x4d, 0x0d, 0x00,
    0x20, 0x02, 0x41, 0x00, 0x36, 0x02, 0x0c, 0x20, 0x02, 0x41, 0x0c, 0x6a,
    0x41, 0x04, 0x20, 0x00, 0x10, 0xb1, 0x81, 0x80, 0x80, 0x00, 0x21, 0x00,
    0x41, 0x00, 0x20, 0x02, 0x28, 0x02, 0x0c, 0x20, 0x00, 0x1b, 0x21, 0x00,
    0x0c, 0x01, 0x0b, 0x20, 0x00, 0x10, 0xa9, 0x81, 0x80, 0x80, 0x00, 0x21,
    0x00, 0x0b, 0x20, 0x02, 0x41, 0x10, 0x6a, 0x24, 0x80, 0x80, 0x80, 0x80,
    0x00, 0x20, 0x00, 0x0b, 0x9f, 0x01, 0x01, 0x01, 0x7f, 0x23, 0x80, 0x80,
    0x80, 0x80, 0x00, 0x41, 0x10, 0x6b, 0x22, 0x03, 0x24, 0x80, 0x80, 0x80,
    0x80, 0x00, 0x02, 0x40, 0x20, 0x02, 0x20, 0x01, 0x6a, 0x22, 0x01, 0x20,
    0x02, 0x4f, 0x0d, 0x00, 0x41, 0x00, 0x41, 0x00, 0x10, 0xa2, 0x80, 0x80,
    0x80, 0x00, 0x00, 0x0b, 0x20, 0x03, 0x41, 0x04, 0x6a, 0x20, 0x00, 0x28,
    0x02, 0x00, 0x22, 0x02, 0x20, 0x00, 0x28, 0x02, 0x04, 0x20, 0x01, 0x20,
    0x02, 0x41, 0x01, 0x74, 0x22, 0x02, 0x20, 0x01, 0x20, 0x02, 0x4b, 0x1b,
    0x22, 0x02, 0x41, 0x08, 0x20, 0x02, 0x41, 0x08, 0x4b, 0x1b, 0x22, 0x02,
    0x10, 0x97, 0x80, 0x80, 0x80, 0x00, 0x02, 0x40, 0x20, 0x03, 0x28, 0x02,
    0x04, 0x41, 0x01, 0x47, 0x0d, 0x00, 0x20, 0x03, 0x28, 0x02, 0x08, 0x20,
    0x03, 0x28, 0x02, 0x0c, 0x10, 0xa2, 0x80, 0x80, 0x80, 0x00, 0x00, 0x0b,
    0x20, 0x03, 0x28, 0x02, 0x08, 0x21, 0x01, 0x20, 0x00, 0x20, 0x02, 0x36,
    0x02, 0x00, 0x20, 0x00, 0x20, 0x01, 0x36, 0x02, 0x04, 0x20, 0x03, 0x41,
    0x10, 0x6a, 0x24, 0x80, 0x80, 0x80, 0x80, 0x00, 0x0b, 0xcd, 0x02, 0x02,
    0x01, 0x7f, 0x01, 0x7e, 0x23, 0x80, 0x80, 0x80, 0x80, 0x00, 0x41, 0x20,
    0x6b, 0x22, 0x04, 0x24, 0x80, 0x80, 0x80, 0x80, 0x00, 0x02, 0x40, 0x02,
    0x40, 0x02, 0x40, 0x20, 0x00, 0x20, 0x02, 0x4b, 0x0d, 0x00, 0x20, 0x01,
    0x20, 0x02, 0x4b, 0x0d, 0x01, 0x41, 0x83, 0x80, 0x80, 0x80, 0x00, 0xad,
    0x42, 0x20, 0x86, 0x21, 0x05, 0x20, 0x00, 0x20, 0x01, 0x4d, 0x0d, 0x02,
    0x20, 0x04, 0x20, 0x00, 0x36, 0x02, 0x08, 0x20, 0x04, 0x20, 0x01, 0x36,
    0x02, 0x0c, 0x20, 0x04, 0x20, 0x05, 0x20, 0x04, 0x41, 0x0c, 0x6a, 0xad,
    0x84, 0x37, 0x03, 0x18, 0x20, 0x04, 0x20, 0x05, 0x20, 0x04, 0x41, 0x08,
    0x6a, 0xad, 0x84, 0x37, 0x03, 0x10, 0x41, 0xb0, 0x80, 0xc0, 0x80, 0x00,
    0x20, 0x04, 0x41, 0x10, 0x6a, 0x20, 0x03, 0x10, 0x9e, 0x80, 0x80, 0x80,
    0x00, 0x00, 0x0b, 0x20, 0x04, 0x20, 0x00, 0x36, 0x02, 0x08, 0x20, 0x04,
    0x20, 0x02, 0x36, 0x02, 0x0c, 0x20, 0x04, 0x41, 0x83, 0x80, 0x80, 0x80,
    0x00, 0xad, 0x42, 0x20, 0x86, 0x22, 0x05, 0x20, 0x04, 0x41, 0x0c, 0x6a,
    0xad, 0x84, 0x37, 0x03, 0x18, 0x20, 0x04, 0x20, 0x05, 0x20, 0x04, 0x41,
    0x08, 0x6a, 0xad, 0x84, 0x37, 0x03, 0x10, 0x41, 0xf7, 0x81, 0xc0, 0x80,
    0x00, 0x20, 0x04, 0x41, 0x10, 0x6a, 0x20, 0x03, 0x10, 0x9e, 0x80, 0x80,
    0x80, 0x00, 0x00, 0x0b, 0x20, 0x04, 0x20, 0x01, 0x36, 0x02, 0x08, 0x20,
    0x04, 0x20, 0x02, 0x36, 0x02, 0x0c, 0x20, 0x04, 0x41, 0x83, 0x80, 0x80,
    0x80, 0x00, 0xad, 0x42, 0x20, 0x86, 0x22, 0x05, 0x20, 0x04, 0x41, 0x0c,
    0x6a, 0xad, 0x84, 0x37, 0x03, 0x18, 0x20, 0x04, 0x20, 0x05, 0x20, 0x04,
    0x41, 0x08, 0x6a, 0xad, 0x84, 0x37, 0x03, 0x10, 0x41, 0xb0, 0x82, 0xc0,
    0x80, 0x00, 0x20, 0x04, 0x41, 0x10, 0x6a, 0x20, 0x03, 0x10, 0x9e, 0x80,
    0x80, 0x80, 0x00, 0x00, 0x0b, 0x20, 0x04, 0x20, 0x01, 0x36, 0x02, 0x08,
    0x20, 0x04, 0x20, 0x02, 0x36, 0x02, 0x0c, 0x20, 0x04, 0x20, 0x05, 0x20,
    0x04, 0x41, 0x0c, 0x6a, 0xad, 0x84, 0x37, 0x03, 0x18, 0x20, 0x04, 0x20,
    0x05, 0x20, 0x04, 0x41, 0x08, 0x6a, 0xad, 0x84, 0x37, 0x03, 0x10, 0x41,
    0xb0, 0x82, 0xc0, 0x80, 0x00, 0x20, 0x04, 0x41, 0x10, 0x6a, 0x20, 0x03,
    0x10, 0x9e, 0x80, 0x80, 0x80, 0x00, 0x00, 0x0b, 0x7f, 0x01, 0x01, 0x7f,
    0x41, 0x00, 0x21, 0x04, 0x02, 0x40, 0x02, 0x40, 0x20, 0x03, 0x41, 0x00,
    0x4e, 0x0d, 0x00, 0x41, 0x01, 0x21, 0x01, 0x41, 0x04, 0x21, 0x02, 0x0c,
    0x01, 0x0b, 0x02, 0x40, 0x02, 0x40, 0x20, 0x01, 0x45, 0x0d, 0x00, 0x20,
    0x02, 0x20, 0x03, 0x10, 0xaf, 0x81, 0x80, 0x80, 0x00, 0x21, 0x04, 0x0c,
    0x01, 0x0b, 0x20, 0x03, 0x41, 0x01, 0x10, 0x94, 0x80, 0x80, 0x80, 0x00,
    0x21, 0x04, 0x0b, 0x02, 0x40, 0x02, 0x40, 0x20, 0x04, 0x0d, 0x00, 0x41,
    0x01, 0x21, 0x01, 0x20, 0x00, 0x41, 0x01, 0x36, 0x02, 0x04, 0x0c, 0x01,
    0x0b, 0x20, 0x00, 0x20, 0x04, 0x36, 0x02, 0x04, 0x41, 0x00, 0x21, 0x01,
    0x0b, 0x41, 0x08, 0x21, 0x02, 0x20, 0x03, 0x21, 0x04, 0x0b, 0x20, 0x00,
    0x20, 0x02, 0x6a, 0x20, 0x04, 0x36, 0x02, 0x00, 0x20, 0x00, 0x20, 0x01,
    0x36, 0x02, 0x00, 0x0b, 0xb8, 0x05, 0x03, 0x05, 0x7f, 0x01, 0x7e, 0x01,
    0x7f, 0x02, 0x40, 0x20, 0x02, 0x45, 0x0d, 0x00, 0x41, 0x00, 0x20, 0x02,
    0x41, 0x79, 0x6a, 0x22, 0x03, 0x20, 0x03, 0x20, 0x02, 0x4b, 0x1b, 0x21,
    0x04, 0x20, 0x01, 0x41, 0x03, 0x6a, 0x41, 0x7c, 0x71, 0x20, 0x01, 0x6b,
    0x21, 0x05, 0x41, 0x00, 0x21, 0x03, 0x03, 0x40, 0x02, 0x40, 0x02, 0x40,
    0x02, 0x40, 0x02, 0x40, 0x20, 0x01, 0x20, 0x03, 0x6a, 0x2d, 0x00, 0x00,
    0x22, 0x06, 0xc0, 0x22, 0x07, 0x41, 0x00, 0x48, 0x0d, 0x00, 0x20, 0x05,
    0x20, 0x03, 0x6b, 0x41, 0x03, 0x71, 0x0d, 0x01, 0x20, 0x03, 0x20, 0x04,
    0x4f, 0x0d, 0x02, 0x03, 0x40, 0x20, 0x01, 0x20, 0x03, 0x6a, 0x22, 0x06,
    0x41, 0x04, 0x6a, 0x28, 0x02, 0x00, 0x20, 0x06, 0x28, 0x02, 0x00, 0x72,
    0x41, 0x80, 0x81, 0x82, 0x84, 0x78, 0x71, 0x0d, 0x03, 0x20, 0x03, 0x41,
    0x08, 0x6a, 0x22, 0x03, 0x20, 0x04, 0x49, 0x0d, 0x00, 0x0c, 0x03, 0x0b,
    0x0b, 0x42, 0x80, 0x80, 0x80, 0x80, 0x90, 0x20, 0x21, 0x08, 0x02, 0x40,
    0x02, 0x40, 0x02, 0x40, 0x02, 0x40, 0x02, 0x40, 0x02, 0x40, 0x02, 0x40,
    0x02, 0x40, 0x02, 0x40, 0x20, 0x06, 0x2d, 0x00, 0xfd, 0xa2, 0xc0, 0x80,
    0x00, 0x41, 0x7e, 0x6a, 0x0e, 0x03, 0x00, 0x01, 0x02, 0x07, 0x0b, 0x20,
    0x03, 0x41, 0x01, 0x6a, 0x22, 0x06, 0x20, 0x02, 0x49, 0x0d, 0x02, 0x42,
    0x00, 0x21, 0x08, 0x0c, 0x06, 0x0b, 0x20, 0x03, 0x41, 0x01, 0x6a, 0x22,
    0x09, 0x20, 0x02, 0x49, 0x0d, 0x02, 0x42, 0x00, 0x21, 0x08, 0x0c, 0x05,
    0x0b, 0x20, 0x03, 0x41, 0x01, 0x6a, 0x22, 0x09, 0x20, 0x02, 0x49, 0x0d,
    0x02, 0x42, 0x00, 0x21, 0x08, 0x0c, 0x04, 0x0b, 0x20, 0x01, 0x20, 0x06,
    0x6a, 0x2c, 0x00, 0x00, 0x41, 0xbf, 0x7f, 0x4a, 0x0d, 0x03, 0x0c, 0x04,
    0x0b, 0x20, 0x01, 0x20, 0x09, 0x6a, 0x2c, 0x00, 0x00, 0x21, 0x09, 0x02,
    0x40, 0x02, 0x40, 0x02, 0x40, 0x20, 0x06, 0x41, 0xa0, 0x7e, 0x6a, 0x0e,
    0x0e, 0x00, 0x02, 0x02, 0x02, 0x02, 0x02, 0x02, 0x02, 0x02, 0x02, 0x02,
    0x02, 0x02, 0x01, 0x02, 0x0b, 0x20, 0x09, 0x41, 0x60, 0x71, 0x41, 0xa0,
    0x7f, 0x46, 0x0d, 0x03, 0x0c, 0x04, 0x0b, 0x20, 0x09, 0x41, 0x9f, 0x7f,
    0x4a, 0x0d, 0x03, 0x0c, 0x02, 0x0b, 0x02, 0x40, 0x20, 0x07, 0x41, 0x1f,
    0x6a, 0x41, 0xff, 0x01, 0x71, 0x41, 0x0c, 0x49, 0x0d, 0x00, 0x20, 0x07,
    0x41, 0x7e, 0x71, 0x41, 0x6e, 0x47, 0x0d, 0x03, 0x20, 0x09, 0x41, 0x40,
    0x48, 0x0d, 0x02, 0x0c, 0x03, 0x0b, 0x20, 0x09, 0x41, 0x40, 0x48, 0x0d,
    0x01, 0x0c, 0x02, 0x0b, 0x20, 0x01, 0x20, 0x09, 0x6a, 0x2c, 0x00, 0x00,
    0x21, 0x09, 0x02, 0x40, 0x02, 0x40, 0x02, 0x40, 0x02, 0x40, 0x20, 0x06,
    0x41, 0x90, 0x7e, 0x6a, 0x0e, 0x05, 0x01, 0x00, 0x00, 0x00, 0x02, 0x00,
    0x0b, 0x20, 0x07, 0x41, 0x0f, 0x6a, 0x41, 0xff, 0x01, 0x71, 0x41, 0x02,
    0x4b, 0x0d, 0x04, 0x20, 0x09, 0x41, 0x40, 0x48, 0x0d, 0x02, 0x0c, 0x04,
    0x0b, 0x20, 0x09, 0x41, 0xf0, 0x00, 0x6a, 0x41, 0xff, 0x01, 0x71, 0x41,
    0x30, 0x49, 0x0d, 0x01, 0x0c, 0x03, 0x0b, 0x20, 0x09, 0x41, 0x8f, 0x7f,
    0x4a, 0x0d, 0x02, 0x0b, 0x02, 0x40, 0x20, 0x03, 0x41, 0x02, 0x6a, 0x22,
    0x06, 0x20, 0x02, 0x49, 0x0d, 0x00, 0x42, 0x00, 0x21, 0x08, 0x0c, 0x02,
    0x0b, 0x02, 0x40, 0x20, 0x01, 0x20, 0x06, 0x6a, 0x2c, 0x00, 0x00, 0x41,
    0xbf, 0x7f, 0x4c, 0x0d, 0x00, 0x42, 0x80, 0x80, 0x80, 0x80, 0x90, 0xc0,
    0x00, 0x21, 0x08, 0x0c, 0x02, 0x0b, 0x42, 0x00, 0x21, 0x08, 0x20, 0x03,
    0x41, 0x03, 0x6a, 0x22, 0x06, 0x20, 0x02, 0x4f, 0x0d, 0x01, 0x20, 0x01,
    0x20, 0x06, 0x6a, 0x2c, 0x00, 0x00, 0x41, 0x40, 0x48, 0x0d, 0x02, 0x42,
    0x80, 0x80, 0x80, 0x80, 0x90, 0xe0, 0x00, 0x21, 0x08, 0x0c, 0x01, 0x0b,
    0x42, 0x00, 0x21, 0x08, 0x20, 0x03, 0x41, 0x02, 0x6a, 0x22, 0x06, 0x20,
    0x02, 0x4f, 0x0d, 0x00, 0x20, 0x01, 0x20, 0x06, 0x6a, 0x2c, 0x00, 0x00,
    0x41, 0xbf, 0x7f, 0x4c, 0x0d, 0x01, 0x42, 0x80, 0x80, 0x80, 0x80, 0x90,
    0xc0, 0x00, 0x21, 0x08, 0x0b, 0x20, 0x00, 0x20, 0x08, 0x20, 0x03, 0xad,
    0x84, 0x37, 0x02, 0x04, 0x20, 0x00, 0x41, 0x01, 0x36, 0x02, 0x00, 0x0f,
    0x0b, 0x20, 0x06, 0x41, 0x01, 0x6a, 0x21, 0x03, 0x0c, 0x02, 0x0b, 0x20,
    0x03, 0x41, 0x01, 0x6a, 0x21, 0x03, 0x0c, 0x01, 0x0b, 0x20, 0x03, 0x20,
    0x02, 0x4f, 0x0d, 0x00, 0x03, 0x40, 0x20, 0x01, 0x20, 0x03, 0x6a, 0x2c,
    0x00, 0x00, 0x41, 0x00, 0x48, 0x0d, 0x01, 0x20, 0x02, 0x20, 0x03, 0x41,
    0x01, 0x6a, 0x22, 0x03, 0x47, 0x0d, 0x00, 0x0c, 0x03, 0x0b, 0x0b, 0x20,
    0x03, 0x20, 0x02, 0x49, 0x0d, 0x00, 0x0b, 0x0b, 0x20, 0x00, 0x20, 0x02,
    0x36, 0x02, 0x08, 0x20, 0x00, 0x20, 0x01, 0x36, 0x02, 0x04, 0x20, 0x00,
    0x41, 0x00, 0x36, 0x02, 0x00, 0x0b, 0xfb, 0x03, 0x01, 0x03, 0x7f, 0x23,
    0x80, 0x80, 0x80, 0x80, 0x00, 0x41, 0xa0, 0x08, 0x6b, 0x22, 0x02, 0x24,
    0x80, 0x80, 0x80, 0x80, 0x00, 0x02, 0x40, 0x02, 0x40, 0x02, 0x40, 0x02,
    0x40, 0x02, 0x40, 0x02, 0x40, 0x02, 0x40, 0x02, 0x40, 0x20, 0x00, 0x2d,
    0x00, 0x00, 0x0e, 0x04, 0x00, 0x01, 0x02, 0x03, 0x00, 0x0b, 0x20, 0x02,
    0x20, 0x00, 0x28, 0x02, 0x04, 0x22, 0x00, 0x36, 0x02, 0x04, 0x20, 0x02,
    0x41, 0x08, 0x6a, 0x41, 0x00, 0x41, 0x80, 0x08, 0xfc, 0x0b, 0x00, 0x20,
    0x00, 0x20, 0x02, 0x41, 0x08, 0x6a, 0x41, 0x80, 0x08, 0x10, 0xa5, 0x81,
    0x80, 0x80, 0x00, 0x41, 0x00, 0x48, 0x0d, 0x04, 0x20, 0x02, 0x41, 0x8c,
    0x08, 0x6a, 0x20, 0x02, 0x41, 0x08, 0x6a, 0x20, 0x02, 0x41, 0x08, 0x6a,
    0x10, 0xa6, 0x81, 0x80, 0x80, 0x00, 0x10, 0x98, 0x80, 0x80, 0x80, 0x00,
    0x20, 0x02, 0x28, 0x02, 0x8c, 0x08, 0x0d, 0x05, 0x02, 0x40, 0x02, 0x40,
    0x20, 0x02, 0x28, 0x02, 0x94, 0x08, 0x22, 0x00, 0x0d, 0x00, 0x41, 0x01,
    0x21, 0x03, 0x0c, 0x01, 0x0b, 0x20, 0x02, 0x28, 0x02, 0x90, 0x08, 0x21,
    0x04, 0x20, 0x00, 0x41, 0x01, 0x10, 0x94, 0x80, 0x80, 0x80, 0x00, 0x22,
    0x03, 0x45, 0x0d, 0x07, 0x20, 0x00, 0x45, 0x0d, 0x00, 0x20, 0x03, 0x20,
    0x04, 0x20, 0x00, 0xfc, 0x0a, 0x00, 0x00, 0x0b, 0x20, 0x02, 0x20, 0x00,
    0x36, 0x02, 0x94, 0x08, 0x20, 0x02, 0x20, 0x03, 0x36, 0x02, 0x90, 0x08,
    0x20, 0x02, 0x20, 0x00, 0x36, 0x02, 0x8c, 0x08, 0x20, 0x02, 0x41, 0x85,
    0x80, 0x80, 0x80, 0x00, 0xad, 0x42, 0x20, 0x86, 0x20, 0x02, 0x41, 0x04,
    0x6a, 0xad, 0x84, 0x37, 0x03, 0x10, 0x20, 0x02, 0x41, 0x86, 0x80, 0x80,
    0x80, 0x00, 0xad, 0x42, 0x20, 0x86, 0x20, 0x02, 0x41, 0x8c, 0x08, 0x6a,
    0xad, 0x84, 0x37, 0x03, 0x08, 0x20, 0x01, 0x28, 0x02, 0x00, 0x20, 0x01,
    0x28, 0x02, 0x04, 0x41, 0xfe, 0x8e, 0xc0, 0x80, 0x00, 0x20, 0x02, 0x41,
    0x08, 0x6a, 0x10, 0xaf, 0x80, 0x80, 0x80, 0x00, 0x21, 0x00, 0x20, 0x02,
    0x28, 0x02, 0x8c, 0x08, 0x45, 0x0d, 0x03, 0x20, 0x02, 0x28, 0x02, 0x90,
    0x08, 0x10, 0xac, 0x81, 0x80, 0x80, 0x00, 0x0c, 0x03, 0x0b, 0x20, 0x01,
    0x28, 0x02, 0x00, 0x20, 0x00, 0x2d, 0x00, 0x01, 0x41, 0x02, 0x74, 0x22,
    0x00, 0x28, 0x02, 0xa4, 0xc2, 0xc0, 0x80, 0x00, 0x20, 0x00, 0x28, 0x02,
    0xfc, 0xc0, 0xc0, 0x80, 0x00, 0x20, 0x01, 0x28, 0x02, 0x04, 0x28, 0x02,
    0x0c, 0x11, 0x82, 0x80, 0x80, 0x80, 0x00, 0x80, 0x80, 0x80, 0x80, 0x00,
    0x21, 0x00, 0x0c, 0x02, 0x0b, 0x20, 0x01, 0x20, 0x00, 0x28, 0x02, 0x04,
    0x22, 0x00, 0x28, 0x02, 0x00, 0x20, 0x00, 0x28, 0x02, 0x04, 0x10, 0xaa,
    0x80, 0x80, 0x80, 0x00, 0x21, 0x00, 0x0c, 0x01, 0x0b, 0x20, 0x00, 0x28,
    0x02, 0x04, 0x22, 0x00, 0x28, 0x02, 0x00, 0x20, 0x01, 0x20, 0x00, 0x28,
    0x02, 0x04, 0x28, 0x02, 0x10, 0x11, 0x83, 0x80, 0x80, 0x80, 0x00, 0x80,
    0x80, 0x80, 0x80, 0x00, 0x21, 0x00, 0x0b, 0x20, 0x02, 0x41, 0xa0, 0x08,
    0x6a, 0x24, 0x80, 0x80, 0x80, 0x80, 0x00, 0x20, 0x00, 0x0f, 0x0b, 0x41,
    0xec, 0xbd, 0xc0, 0x80, 0x00, 0x41, 0x25, 0x41, 0x80, 0xbe, 0xc0, 0x80,
    0x00, 0x10, 0x9e, 0x80, 0x80, 0x80, 0x00, 0x00, 0x0b, 0x20, 0x02, 0x20,
    0x02, 0x29, 0x02, 0x90, 0x08, 0x37, 0x03, 0x98, 0x08, 0x20, 0x02, 0x41,
    0x98, 0x08, 0x6a, 0x10, 0xc0, 0x80, 0x80, 0x80, 0x00, 0x00, 0x0b, 0x41,
    0x01, 0x20, 0x00, 0x10, 0xa2, 0x80, 0x80, 0x80, 0x00, 0x00, 0x0b, 0x9b,
    0x01, 0x01, 0x02, 0x7f, 0x02, 0x40, 0x02, 0x40, 0x20, 0x00, 0x41, 0x77,
    0x6a, 0x22, 0x01, 0x41, 0x17, 0x4b, 0x0d, 0x00, 0x41, 0x01, 0x21, 0x02,
    0x41, 0x9f, 0x80, 0x80, 0x04, 0x20, 0x01, 0x76, 0x41, 0x01, 0x71, 0x0d,
    0x01, 0x0b, 0x41, 0x00, 0x21, 0x02, 0x20, 0x00, 0x41, 0x85, 0x01, 0x49,
    0x0d, 0x00, 0x02, 0x40, 0x02, 0x40, 0x20, 0x00, 0x41, 0x08, 0x76, 0x22,
    0x01, 0x45, 0x0d, 0x00, 0x02, 0x40, 0x20, 0x01, 0x41, 0x30, 0x46, 0x0d,
    0x00, 0x20, 0x01, 0x41, 0x20, 0x46, 0x0d, 0x02, 0x20, 0x01, 0x41, 0x16,
    0x47, 0x0d, 0x03, 0x20, 0x00, 0x41, 0x80, 0x2d, 0x46, 0x21, 0x02, 0x0c,
    0x03, 0x0b, 0x20, 0x00, 0x41, 0x80, 0xe0, 0x00, 0x46, 0x21, 0x02, 0x0c,
    0x02, 0x0b, 0x20, 0x00, 0x41, 0xff, 0x01, 0x71, 0x2d, 0x00, 0xe0, 0x92,
    0xc0, 0x80, 0x00, 0x21, 0x02, 0x0c, 0x01, 0x0b, 0x20, 0x00, 0x41, 0xff,
    0x01, 0x71, 0x2d, 0x00, 0xe0, 0x92, 0xc0, 0x80, 0x00, 0x41, 0x02, 0x71,
    0x41, 0x01, 0x76, 0x21, 0x02, 0x0b, 0x20, 0x02, 0x41, 0x01, 0x71, 0x0b,
    0x14, 0x00, 0x20, 0x01, 0x20, 0x00, 0x28, 0x02, 0x00, 0x20, 0x00, 0x28,
    0x02, 0x04, 0x10, 0xaa, 0x80, 0x80, 0x80, 0x00, 0x0b, 0xbf, 0x02, 0x01,
    0x07, 0x7f, 0x23, 0x80, 0x80, 0x80, 0x80, 0x00, 0x41, 0x10, 0x6b, 0x22,
    0x02, 0x24, 0x80, 0x80, 0x80, 0x80, 0x00, 0x41, 0x0a, 0x21, 0x03, 0x20,
    0x00, 0x28, 0x02, 0x00, 0x22, 0x04, 0x21, 0x05, 0x02, 0x40, 0x20, 0x04,
    0x41, 0xe8, 0x07, 0x49, 0x0d, 0x00, 0x41, 0x0a, 0x21, 0x03, 0x20, 0x04,
    0x21, 0x05, 0x03, 0x40, 0x20, 0x02, 0x41, 0x06, 0x6a, 0x20, 0x03, 0x6a,
    0x22, 0x06, 0x41, 0x7c, 0x6a, 0x20, 0x05, 0x22, 0x00, 0x20, 0x00, 0x41,
    0x90, 0xce, 0x00, 0x6e, 0x22, 0x05, 0x41, 0x90, 0xce, 0x00, 0x6c, 0x6b,
    0x22, 0x07, 0x41, 0xff, 0xff, 0x03, 0x71, 0x41, 0xe4, 0x00, 0x6e, 0x22,
    0x08, 0x41, 0x01, 0x74, 0x2f, 0x00, 0xb5, 0xa1, 0xc0, 0x80, 0x00, 0x3b,
    0x00, 0x00, 0x20, 0x06, 0x41, 0x7e, 0x6a, 0x20, 0x07, 0x20, 0x08, 0x41,
    0xe4, 0x00, 0x6c, 0x6b, 0x41, 0xff, 0xff, 0x03, 0x71, 0x41, 0x01, 0x74,
    0x2f, 0x00, 0xb5, 0xa1, 0xc0, 0x80, 0x00, 0x3b, 0x00, 0x00, 0x20, 0x03,
    0x41, 0x7c, 0x6a, 0x21, 0x03, 0x20, 0x00, 0x41, 0xff, 0xac, 0xe2, 0x04,
    0x4b, 0x0d, 0x00, 0x0b, 0x0b, 0x02, 0x40, 0x02, 0x40, 0x20, 0x05, 0x41,
    0x09, 0x4b, 0x0d, 0x00, 0x20, 0x05, 0x21, 0x00, 0x0c, 0x01, 0x0b, 0x20,
    0x02, 0x41, 0x06, 0x6a, 0x20, 0x03, 0x41, 0x7e, 0x6a, 0x22, 0x03, 0x6a,
    0x20, 0x05, 0x20, 0x05, 0x41, 0xff, 0xff, 0x03, 0x71, 0x41, 0xe4, 0x00,
    0x6e, 0x22, 0x00, 0x41, 0xe4, 0x00, 0x6c, 0x6b, 0x41, 0xff, 0xff, 0x03,
    0x71, 0x41, 0x01, 0x74, 0x2f, 0x00, 0xb5, 0xa1, 0xc0, 0x80, 0x00, 0x3b,
    0x00, 0x00, 0x0b, 0x02, 0x40, 0x02, 0x40, 0x20, 0x04, 0x45, 0x0d, 0x00,
    0x20, 0x00, 0x45, 0x0d, 0x01, 0x0b, 0x20, 0x02, 0x41, 0x06, 0x6a, 0x20,
    0x03, 0x41, 0x7f, 0x6a, 0x22, 0x03, 0x6a, 0x20, 0x00, 0x41, 0x01, 0x74,
    0x2d, 0x00, 0xb6, 0xa1, 0xc0, 0x80, 0x00, 0x3a, 0x00, 0x00, 0x0b, 0x20,
    0x01, 0x41, 0x01, 0x41, 0x01, 0x41, 0x00, 0x20, 0x02, 0x41, 0x06, 0x6a,
    0x20, 0x03, 0x6a, 0x41, 0x0a, 0x20, 0x03, 0x6b, 0x10, 0xb4, 0x80, 0x80,
    0x80, 0x00, 0x21, 0x03, 0x20, 0x02, 0x41, 0x10, 0x6a, 0x24, 0x80, 0x80,
    0x80, 0x80, 0x00, 0x20, 0x03, 0x0b, 0xf9, 0x06, 0x03, 0x01, 0x7f, 0x03,
    0x7e, 0x04, 0x7f, 0x23, 0x80, 0x80, 0x80, 0x80, 0x00, 0x41, 0x10, 0x6b,
    0x22, 0x00, 0x24, 0x80, 0x80, 0x80, 0x80, 0x00, 0x02, 0x40, 0x02, 0x40,
    0x02, 0x40, 0x41, 0x00, 0x29, 0x03, 0x80, 0xd2, 0xc0, 0x80, 0x00, 0x22,
    0x01, 0x42, 0x00, 0x52, 0x0d, 0x00, 0x41, 0x00, 0x29, 0x03, 0x88, 0xd2,
    0xc0, 0x80, 0x00, 0x21, 0x02, 0x03, 0x40, 0x20, 0x02, 0x42, 0x7f, 0x51,
    0x0d, 0x02, 0x41, 0x00, 0x20, 0x02, 0x42, 0x01, 0x7c, 0x22, 0x01, 0x41,
    0x00, 0x29, 0x03, 0x88, 0xd2, 0xc0, 0x80, 0x00, 0x22, 0x03, 0x20, 0x03,
    0x20, 0x02, 0x51, 0x22, 0x04, 0x1b, 0x37, 0x03, 0x88, 0xd2, 0xc0, 0x80,
    0x00, 0x20, 0x03, 0x21, 0x02, 0x20, 0x04, 0x45, 0x0d, 0x00, 0x0b, 0x41,
    0x00, 0x20, 0x01, 0x37, 0x03, 0x80, 0xd2, 0xc0, 0x80, 0x00, 0x0b, 0x41,
    0x00, 0x20, 0x01, 0x37, 0x03, 0xf0, 0xd1, 0xc0, 0x80, 0x00, 0x41, 0x87,
    0x80, 0x80, 0x80, 0x00, 0x10, 0x8f, 0x80, 0x80, 0x80, 0x00, 0x02, 0x40,
    0x02, 0x40, 0x02, 0x40, 0x41, 0x00, 0x2d, 0x00, 0x90, 0xd2, 0xc0, 0x80,
    0x00, 0x22, 0x04, 0x41, 0x03, 0x46, 0x0d, 0x00, 0x02, 0x40, 0x20, 0x04,
    0x0e, 0x03, 0x00, 0x03, 0x02, 0x00, 0x0b, 0x41, 0x00, 0x41, 0x02, 0x3a,
    0x00, 0x90, 0xd2, 0xc0, 0x80, 0x00, 0x02, 0x40, 0x02, 0x40, 0x41, 0x00,
    0x2d, 0x00, 0xe8, 0xd1, 0xc0, 0x80, 0x00, 0x22, 0x04, 0x41, 0x03, 0x46,
    0x0d, 0x00, 0x02, 0x40, 0x02, 0x40, 0x20, 0x04, 0x0e, 0x03, 0x00, 0x00,
    0x01, 0x00, 0x0b, 0x41, 0x00, 0x41, 0x03, 0x3a, 0x00, 0xe8, 0xd1, 0xc0,
    0x80, 0x00, 0x41, 0x00, 0x42, 0x01, 0x37, 0x03, 0xd8, 0xd1, 0xc0, 0x80,
    0x00, 0x41, 0x00, 0x42, 0x00, 0x37, 0x03, 0xd0, 0xd1, 0xc0, 0x80, 0x00,
    0x41, 0x00, 0x42, 0x00, 0x37, 0x03, 0xc0, 0xd1, 0xc0, 0x80, 0x00, 0x41,
    0x00, 0x41, 0x00, 0x3a, 0x00, 0xe0, 0xd1, 0xc0, 0x80, 0x00, 0x41, 0x00,
    0x41, 0x00, 0x3a, 0x00, 0xcc, 0xd1, 0xc0, 0x80, 0x00, 0x41, 0x00, 0x41,
    0x00, 0x36, 0x02, 0xc8, 0xd1, 0xc0, 0x80, 0x00, 0x0c, 0x02, 0x0b, 0x41,
    0x8e, 0xb3, 0xc0, 0x80, 0x00, 0x41, 0xf1, 0x00, 0x41, 0xd4, 0xb2, 0xc0,
    0x80, 0x00, 0x10, 0x9e, 0x80, 0x80, 0x80, 0x00, 0x00, 0x0b, 0x02, 0x40,
    0x41, 0x00, 0x29, 0x03, 0x80, 0xd2, 0xc0, 0x80, 0x00, 0x22, 0x01, 0x42,
    0x00, 0x52, 0x0d, 0x00, 0x41, 0x00, 0x29, 0x03, 0x88, 0xd2, 0xc0, 0x80,
    0x00, 0x21, 0x02, 0x03, 0x40, 0x20, 0x02, 0x42, 0x7f, 0x51, 0x0d, 0x06,
    0x41, 0x00, 0x20, 0x02, 0x42, 0x01, 0x7c, 0x22, 0x01, 0x41, 0x00, 0x29,
    0x03, 0x88, 0xd2, 0xc0, 0x80, 0x00, 0x22, 0x03, 0x20, 0x03, 0x20, 0x02,
    0x51, 0x22, 0x04, 0x1b, 0x37, 0x03, 0x88, 0xd2, 0xc0, 0x80, 0x00, 0x20,
    0x03, 0x21, 0x02, 0x20, 0x04, 0x45, 0x0d, 0x00, 0x0b, 0x41, 0x00, 0x20,
    0x01, 0x37, 0x03, 0x80, 0xd2, 0xc0, 0x80, 0x00, 0x0b, 0x02, 0x40, 0x02,
    0x40, 0x20, 0x01, 0x41, 0x00, 0x29, 0x03, 0xc0, 0xd1, 0xc0, 0x80, 0x00,
    0x51, 0x0d, 0x00, 0x41, 0x00, 0x2d, 0x00, 0xcc, 0xd1, 0xc0, 0x80, 0x00,
    0x21, 0x05, 0x41, 0x01, 0x21, 0x04, 0x41, 0x00, 0x41, 0x01, 0x3a, 0x00,
    0xcc, 0xd1, 0xc0, 0x80, 0x00, 0x20, 0x05, 0x0d, 0x02, 0x41, 0x00, 0x20,
    0x01, 0x37, 0x03, 0xc0, 0xd1, 0xc0, 0x80, 0x00, 0x0c, 0x01, 0x0b, 0x41,
    0x00, 0x28, 0x02, 0xc8, 0xd1, 0xc0, 0x80, 0x00, 0x22, 0x04, 0x41, 0x7f,
    0x46, 0x0d, 0x01, 0x20, 0x04, 0x41, 0x01, 0x6a, 0x21, 0x04, 0x0b, 0x41,
    0x00, 0x20, 0x04, 0x36, 0x02, 0xc8, 0xd1, 0xc0, 0x80, 0x00, 0x41, 0x00,
    0x28, 0x02, 0xd0, 0xd1, 0xc0, 0x80, 0x00, 0x0d, 0x05, 0x41, 0x00, 0x41,
    0x7f, 0x36, 0x02, 0xd0, 0xd1, 0xc0, 0x80, 0x00, 0x02, 0x40, 0x41, 0x00,
    0x2d, 0x00, 0xe0, 0xd1, 0xc0, 0x80, 0x00, 0x0d, 0x00, 0x20, 0x00, 0x41,
    0x08, 0x6a, 0x41, 0xd4, 0xd1, 0xc0, 0x80, 0x00, 0x10, 0x9f, 0x80, 0x80,
    0x80, 0x00, 0x20, 0x00, 0x2d, 0x00, 0x08, 0x41, 0x03, 0x47, 0x0d, 0x00,
    0x20, 0x00, 0x28, 0x02, 0x0c, 0x22, 0x04, 0x28, 0x02, 0x00, 0x21, 0x05,
    0x02, 0x40, 0x20, 0x04, 0x41, 0x04, 0x6a, 0x28, 0x02, 0x00, 0x22, 0x06,
    0x28, 0x02, 0x00, 0x22, 0x07, 0x45, 0x0d, 0x00, 0x20, 0x05, 0x20, 0x07,
    0x11, 0x80, 0x80, 0x80, 0x80, 0x00, 0x80, 0x80, 0x80, 0x80, 0x00, 0x0b,
    0x02, 0x40, 0x20, 0x06, 0x28, 0x02, 0x04, 0x45, 0x0d, 0x00, 0x20, 0x05,
    0x10, 0xac, 0x81, 0x80, 0x80, 0x00, 0x0b, 0x20, 0x04, 0x10, 0xac, 0x81,
    0x80, 0x80, 0x00, 0x0b, 0x02, 0x40, 0x41, 0x00, 0x28, 0x02, 0xd4, 0xd1,
    0xc0, 0x80, 0x00, 0x45, 0x0d, 0x00, 0x41, 0x00, 0x28, 0x02, 0xd8, 0xd1,
    0xc0, 0x80, 0x00, 0x10, 0xac, 0x81, 0x80, 0x80, 0x00, 0x0b, 0x41, 0x00,
    0x42, 0x80, 0x80, 0x80, 0x80, 0x10, 0x37, 0x02, 0xd4, 0xd1, 0xc0, 0x80,
    0x00, 0x41, 0x00, 0x41, 0x00, 0x28, 0x02, 0xd0, 0xd1, 0xc0, 0x80, 0x00,
    0x41, 0x01, 0x6a, 0x36, 0x02, 0xd0, 0xd1, 0xc0, 0x80, 0x00, 0x41, 0x00,
    0x41, 0x00, 0x28, 0x02, 0xc8, 0xd1, 0xc0, 0x80, 0x00, 0x41, 0x7f, 0x6a,
    0x22, 0x04, 0x36, 0x02, 0xc8, 0xd1, 0xc0, 0x80, 0x00, 0x41, 0x00, 0x41,
    0x00, 0x3a, 0x00, 0xe0, 0xd1, 0xc0, 0x80, 0x00, 0x41, 0x00, 0x41, 0x00,
    0x36, 0x02, 0xdc, 0xd1, 0xc0, 0x80, 0x00, 0x20, 0x04, 0x0d, 0x00, 0x41,
    0x00, 0x42, 0x00, 0x37, 0x03, 0xc0, 0xd1, 0xc0, 0x80, 0x00, 0x41, 0x00,
    0x41, 0x00, 0x3a, 0x00, 0xcc, 0xd1, 0xc0, 0x80, 0x00, 0x0b, 0x41, 0x00,
    0x41, 0x03, 0x3a, 0x00, 0x90, 0xd2, 0xc0, 0x80, 0x00, 0x0b, 0x20, 0x00,
    0x41, 0x10, 0x6a, 0x24, 0x80, 0x80, 0x80, 0x80, 0x00, 0x41, 0x00, 0x0f,
    0x0b, 0x41, 0x8e, 0xb3, 0xc0, 0x80, 0x00, 0x41, 0xf1, 0x00, 0x41, 0xbc,
    0xbb, 0xc0, 0x80, 0x00, 0x10, 0x9e, 0x80, 0x80, 0x80, 0x00, 0x00, 0x0b,
    0x41, 0xe4, 0xb2, 0xc0, 0x80, 0x00, 0x41, 0xd5, 0x00, 0x41, 0xbc, 0xbb,
    0xc0, 0x80, 0x00, 0x10, 0x9e, 0x80, 0x80, 0x80, 0x00, 0x00, 0x0b, 0x10,
    0xa0, 0x80, 0x80, 0x80, 0x00, 0x00, 0x0b, 0x41, 0x8c, 0xbc, 0xc0, 0x80,
    0x00, 0x10, 0xa1, 0x80, 0x80, 0x80, 0x00, 0x00, 0x0b, 0x47, 0x01, 0x01,
    0x7f, 0x23, 0x80, 0x80, 0x80, 0x80, 0x00, 0x41, 0x20, 0x6b, 0x22, 0x03,
    0x24, 0x80, 0x80, 0x80, 0x80, 0x00, 0x20, 0x03, 0x20, 0x01, 0x36, 0x02,
    0x10, 0x20, 0x03, 0x20, 0x00, 0x36, 0x02, 0x0c, 0x20, 0x03, 0x41, 0x01,
    0x3b, 0x01, 0x1c, 0x20, 0x03, 0x20, 0x02, 0x36, 0x02, 0x18, 0x20, 0x03,
    0x20, 0x03, 0x41, 0x0c, 0x6a, 0x36, 0x02, 0x14, 0x20, 0x03, 0x41, 0x14,
    0x6a, 0x10, 0xb0, 0x80, 0x80, 0x80, 0x00, 0x00, 0x0b, 0xa7, 0x02, 0x03,
    0x06, 0x7f, 0x01, 0x7e, 0x01, 0x7f, 0x02, 0x40, 0x20, 0x01, 0x28, 0x02,
    0x08, 0x22, 0x02, 0x0d, 0x00, 0x20, 0x00, 0x41, 0xff, 0x01, 0x3a, 0x00,
    0x00, 0x0f, 0x0b, 0x20, 0x01, 0x28, 0x02, 0x04, 0x21, 0x03, 0x41, 0x00,
    0x21, 0x04, 0x03, 0x40, 0x02, 0x40, 0x02, 0x40, 0x02, 0x40, 0x02, 0x40,
    0x02, 0x40, 0x41, 0x01, 0x20, 0x03, 0x20, 0x04, 0x6a, 0x22, 0x05, 0x20,
    0x02, 0x20, 0x04, 0x6b, 0x22, 0x06, 0x10, 0x81, 0x81, 0x80, 0x80, 0x00,
    0x22, 0x07, 0x41, 0x7f, 0x47, 0x0d, 0x00, 0x20, 0x01, 0x41, 0x00, 0x3a,
    0x00, 0x0c, 0x42, 0x00, 0x21, 0x08, 0x20, 0x06, 0x21, 0x07, 0x41, 0x00,
    0x28, 0x02, 0x94, 0xd2, 0xc0, 0x80, 0x00, 0x22, 0x09, 0x41, 0x78, 0x6a,
    0x0e, 0x14, 0x01, 0x02, 0x02, 0x02, 0x02, 0x02, 0x02, 0x02, 0x02, 0x02,
    0x02, 0x02, 0x02, 0x02, 0x02, 0x02, 0x02, 0x02, 0x02, 0x04, 0x02, 0x0b,
    0x20, 0x01, 0x41, 0x00, 0x3a, 0x00, 0x0c, 0x0b, 0x20, 0x07, 0x0d, 0x01,
    0x42, 0x02, 0x21, 0x08, 0x41, 0xb8, 0xba, 0xc0, 0x80, 0x00, 0x21, 0x09,
    0x0b, 0x20, 0x00, 0x20, 0x09, 0xad, 0x42, 0x20, 0x86, 0x20, 0x08, 0x84,
    0x37, 0x02, 0x00, 0x02, 0x40, 0x20, 0x04, 0x45, 0x0d, 0x00, 0x02, 0x40,
    0x20, 0x06, 0x45, 0x0d, 0x00, 0x20, 0x03, 0x20, 0x05, 0x20, 0x06, 0xfc,
    0x0a, 0x00, 0x00, 0x0b, 0x20, 0x01, 0x20, 0x06, 0x36, 0x02, 0x08, 0x0b,
    0x0f, 0x0b, 0x20, 0x07, 0x20, 0x04, 0x6a, 0x21, 0x04, 0x0b, 0x20, 0x02,
    0x20, 0x04, 0x4b, 0x0d, 0x00, 0x0b, 0x20, 0x00, 0x41, 0xff, 0x01, 0x3a,
    0x00, 0x00, 0x02, 0x40, 0x20, 0x02, 0x20, 0x04, 0x49, 0x0d, 0x00, 0x02,
    0x40, 0x20, 0x02, 0x20, 0x04, 0x6b, 0x22, 0x07, 0x45, 0x0d, 0x00, 0x20,
    0x03, 0x20, 0x03, 0x20, 0x04, 0x6a, 0x20, 0x07, 0xfc, 0x0a, 0x00, 0x00,
    0x0b, 0x20, 0x01, 0x20, 0x07, 0x36, 0x02, 0x08, 0x0f, 0x0b, 0x20, 0x04,
    0x20, 0x02, 0x20, 0x02, 0x41, 0xbc, 0xbd, 0xc0, 0x80, 0x00, 0x10, 0x96,
    0x80, 0x80, 0x80, 0x00, 0x00, 0x0b, 0x18, 0x00, 0x41, 0x90, 0xbe, 0xc0,
    0x80, 0x00, 0x41, 0xef, 0x00, 0x41, 0xc8, 0xbe, 0xc0, 0x80, 0x00, 0x10,
    0x9e, 0x80, 0x80, 0x80, 0x00, 0x00, 0x0b, 0x3c, 0x01, 0x01, 0x7f, 0x23,
    0x80, 0x80, 0x80, 0x80, 0x00, 0x41, 0x10, 0x6b, 0x22, 0x01, 0x24, 0x80,
    0x80, 0x80, 0x80, 0x00, 0x20, 0x01, 0x41, 0x88, 0x80, 0x80, 0x80, 0x00,
    0xad, 0x42, 0x20, 0x86, 0x20, 0x01, 0x41, 0x0f, 0x6a, 0xad, 0x84, 0x37,
    0x03, 0x00, 0x41, 0xba, 0x83, 0xc0, 0x80, 0x00, 0x20, 0x01, 0x20, 0x00,
    0x10, 0x9e, 0x80, 0x80, 0x80, 0x00, 0x00, 0x0b, 0x1c, 0x00, 0x02, 0x40,
    0x20, 0x00, 0x45, 0x0d, 0x00, 0x20, 0x00, 0x20, 0x01, 0x10, 0xa3, 0x80,
    0x80, 0x80, 0x00, 0x00, 0x0b, 0x10, 0xa4, 0x80, 0x80, 0x80, 0x00, 0x00,
    0x0b, 0x0d, 0x00, 0x20, 0x01, 0x20, 0x00, 0x10, 0xa5, 0x80, 0x80, 0x80,
    0x00, 0x00, 0x0b, 0x17, 0x00, 0x41, 0xbc, 0x92, 0xc0, 0x80, 0x00, 0x41,
    0x23, 0x41, 0xd0, 0x92, 0xc0, 0x80, 0x00, 0x10, 0x9e, 0x80, 0x80, 0x80,
    0x00, 0x00, 0x0b, 0x0d, 0x00, 0x20, 0x01, 0x20, 0x00, 0x10, 0xf3, 0x80,
    0x80, 0x80, 0x00, 0x00, 0x0b, 0xc7, 0x07, 0x01, 0x0d, 0x7f, 0x23, 0x80,
    0x80, 0x80, 0x80, 0x00, 0x41, 0x10, 0x6b, 0x22, 0x02, 0x24, 0x80, 0x80,
    0x80, 0x80, 0x00, 0x20, 0x00, 0x28, 0x02, 0x08, 0x21, 0x03, 0x20, 0x00,
    0x28, 0x02, 0x04, 0x21, 0x04, 0x41, 0x01, 0x21, 0x05, 0x02, 0x40, 0x20,
    0x01, 0x28, 0x02, 0x00, 0x22, 0x06, 0x41, 0x22, 0x20, 0x01, 0x28, 0x02,
    0x04, 0x22, 0x07, 0x28, 0x02, 0x10, 0x22, 0x08, 0x11, 0x83, 0x80, 0x80,
    0x80, 0x00, 0x80, 0x80, 0x80, 0x80, 0x00, 0x0d, 0x00, 0x02, 0x40, 0x02,
    0x40, 0x02, 0x40, 0x20, 0x03, 0x0d, 0x00, 0x41, 0x00, 0x21, 0x03, 0x41,
    0x00, 0x21, 0x00, 0x0c, 0x01, 0x0b, 0x41, 0x00, 0x21, 0x09, 0x41, 0x00,
    0x21, 0x0a, 0x20, 0x03, 0x21, 0x0b, 0x20, 0x04, 0x21, 0x0c, 0x03, 0x40,
    0x20, 0x0c, 0x20, 0x0b, 0x6a, 0x21, 0x0d, 0x41, 0x00, 0x21, 0x00, 0x02,
    0x40, 0x02, 0x40, 0x03, 0x40, 0x20, 0x0c, 0x20, 0x00, 0x6a, 0x22, 0x0e,
    0x2d, 0x00, 0x00, 0x22, 0x01, 0x41, 0x81, 0x7f, 0x6a, 0x41, 0xff, 0x01,
    0x71, 0x41, 0xa1, 0x01, 0x49, 0x0d, 0x01, 0x20, 0x01, 0x41, 0x22, 0x46,
    0x0d, 0x01, 0x20, 0x01, 0x41, 0xdc, 0x00, 0x46, 0x0d, 0x01, 0x20, 0x0b,
    0x20, 0x00, 0x41, 0x01, 0x6a, 0x22, 0x00, 0x47, 0x0d, 0x00, 0x0b, 0x20,
    0x0a, 0x20, 0x0b, 0x6a, 0x21, 0x0a, 0x0c, 0x01, 0x0b, 0x02, 0x40, 0x02,
    0x40, 0x20, 0x0e, 0x2c, 0x00, 0x00, 0x22, 0x01, 0x41, 0x7f, 0x4c, 0x0d,
    0x00, 0x20, 0x0e, 0x41, 0x01, 0x6a, 0x21, 0x0c, 0x20, 0x01, 0x41, 0xff,
    0x01, 0x71, 0x21, 0x01, 0x0c, 0x01, 0x0b, 0x20, 0x0e, 0x2d, 0x00, 0x01,
    0x41, 0x3f, 0x71, 0x21, 0x0b, 0x20, 0x01, 0x41, 0x1f, 0x71, 0x21, 0x0c,
    0x02, 0x40, 0x20, 0x01, 0x41, 0x5f, 0x4b, 0x0d, 0x00, 0x20, 0x0c, 0x41,
    0x06, 0x74, 0x20, 0x0b, 0x72, 0x21, 0x01, 0x20, 0x0e, 0x41, 0x02, 0x6a,
    0x21, 0x0c, 0x0c, 0x01, 0x0b, 0x20, 0x0b, 0x41, 0x06, 0x74, 0x20, 0x0e,
    0x2d, 0x00, 0x02, 0x41, 0x3f, 0x71, 0x72, 0x21, 0x0b, 0x02, 0x40, 0x20,
    0x01, 0x41, 0x70, 0x4f, 0x0d, 0x00, 0x20, 0x0b, 0x20, 0x0c, 0x41, 0x0c,
    0x74, 0x72, 0x21, 0x01, 0x20, 0x0e, 0x41, 0x03, 0x6a, 0x21, 0x0c, 0x0c,
    0x01, 0x0b, 0x20, 0x0b, 0x41, 0x06, 0x74, 0x20, 0x0e, 0x2d, 0x00, 0x03,
    0x41, 0x3f, 0x71, 0x72, 0x20, 0x0c, 0x41, 0x12, 0x74, 0x41, 0x80, 0x80,
    0xf0, 0x00, 0x71, 0x72, 0x21, 0x01, 0x20, 0x0e, 0x41, 0x04, 0x6a, 0x21,
    0x0c, 0x0b, 0x20, 0x00, 0x20, 0x0a, 0x6a, 0x21, 0x00, 0x20, 0x02, 0x20,
    0x01, 0x41, 0x81, 0x80, 0x04, 0x10, 0xa7, 0x80, 0x80, 0x80, 0x00, 0x02,
    0x40, 0x20, 0x02, 0x2d, 0x00, 0x0d, 0x22, 0x0e, 0x20, 0x02, 0x2d, 0x00,
    0x0c, 0x22, 0x0b, 0x6b, 0x22, 0x0a, 0x41, 0xff, 0x01, 0x71, 0x41, 0x01,
    0x46, 0x0d, 0x00, 0x02, 0x40, 0x02, 0x40, 0x02, 0x40, 0x20, 0x00, 0x20,
    0x09, 0x49, 0x0d, 0x00, 0x02, 0x40, 0x20, 0x09, 0x45, 0x0d, 0x00, 0x02,
    0x40, 0x20, 0x09, 0x20, 0x03, 0x49, 0x0d, 0x00, 0x20, 0x09, 0x20, 0x03,
    0x47, 0x0d, 0x02, 0x0c, 0x01, 0x0b, 0x20, 0x04, 0x20, 0x09, 0x6a, 0x2c,
    0x00, 0x00, 0x41, 0xbf, 0x7f, 0x4c, 0x0d, 0x01, 0x0b, 0x02, 0x40, 0x20,
    0x00, 0x45, 0x0d, 0x00, 0x02, 0x40, 0x20, 0x00, 0x20, 0x03, 0x49, 0x0d,
    0x00, 0x20, 0x00, 0x20, 0x03, 0x46, 0x0d, 0x01, 0x0c, 0x02, 0x0b, 0x20,
    0x04, 0x20, 0x00, 0x6a, 0x2c, 0x00, 0x00, 0x41, 0xbf, 0x7f, 0x4c, 0x0d,
    0x01, 0x0b, 0x20, 0x06, 0x20, 0x04, 0x20, 0x09, 0x6a, 0x20, 0x00, 0x20,
    0x09, 0x6b, 0x20, 0x07, 0x28, 0x02, 0x0c, 0x22, 0x09, 0x11, 0x82, 0x80,
    0x80, 0x80, 0x00, 0x80, 0x80, 0x80, 0x80, 0x00, 0x45, 0x0d, 0x01, 0x0c,
    0x02, 0x0b, 0x20, 0x04, 0x20, 0x03, 0x20, 0x09, 0x20, 0x00, 0x41, 0x9c,
    0xb2, 0xc0, 0x80, 0x00, 0x10, 0xa8, 0x80, 0x80, 0x80, 0x00, 0x00, 0x0b,
    0x02, 0x40, 0x02, 0x40, 0x20, 0x0e, 0x41, 0x81, 0x01, 0x49, 0x0d, 0x00,
    0x20, 0x06, 0x20, 0x02, 0x28, 0x02, 0x00, 0x20, 0x08, 0x11, 0x83, 0x80,
    0x80, 0x80, 0x00, 0x80, 0x80, 0x80, 0x80, 0x00, 0x0d, 0x02, 0x0c, 0x01,
    0x0b, 0x20, 0x06, 0x20, 0x02, 0x20, 0x0b, 0x6a, 0x20, 0x0a, 0x20, 0x09,
    0x11, 0x82, 0x80, 0x80, 0x80, 0x00, 0x80, 0x80, 0x80, 0x80, 0x00, 0x0d,
    0x01, 0x0b, 0x02, 0x40, 0x20, 0x01, 0x41, 0x80, 0x01, 0x4f, 0x0d, 0x00,
    0x41, 0x01, 0x20, 0x00, 0x6a, 0x21, 0x09, 0x0c, 0x02, 0x0b, 0x02, 0x40,
    0x20, 0x01, 0x41, 0x80, 0x10, 0x4f, 0x0d, 0x00, 0x41, 0x02, 0x20, 0x00,
    0x6a, 0x21, 0x09, 0x0c, 0x02, 0x0b, 0x41, 0x03, 0x41, 0x04, 0x20, 0x01,
    0x41, 0x80, 0x80, 0x04, 0x49, 0x1b, 0x20, 0x00, 0x6a, 0x21, 0x09, 0x0c,
    0x01, 0x0b, 0x41, 0x01, 0x21, 0x05, 0x0c, 0x05, 0x0b, 0x02, 0x40, 0x02,
    0x40, 0x20, 0x01, 0x41, 0x80, 0x01, 0x4f, 0x0d, 0x00, 0x41, 0x01, 0x21,
    0x01, 0x0c, 0x01, 0x0b, 0x02, 0x40, 0x20, 0x01, 0x41, 0x80, 0x10, 0x4f,
    0x0d, 0x00, 0x41, 0x02, 0x21, 0x01, 0x0c, 0x01, 0x0b, 0x41, 0x03, 0x41,
    0x04, 0x20, 0x01, 0x41, 0x80, 0x80, 0x04, 0x49, 0x1b, 0x21, 0x01, 0x0b,
    0x20, 0x01, 0x20, 0x00, 0x6a, 0x21, 0x0a, 0x20, 0x0d, 0x20, 0x0c, 0x6b,
    0x22, 0x0b, 0x0d, 0x01, 0x0b, 0x0b, 0x20, 0x09, 0x20, 0x0a, 0x4b, 0x0d,
    0x01, 0x41, 0x00, 0x21, 0x00, 0x02, 0x40, 0x20, 0x09, 0x45, 0x0d, 0x00,
    0x02, 0x40, 0x20, 0x09, 0x20, 0x03, 0x49, 0x0d, 0x00, 0x20, 0x03, 0x21,
    0x00, 0x20, 0x09, 0x20, 0x03, 0x47, 0x0d, 0x03, 0x0c, 0x01, 0x0b, 0x20,
    0x09, 0x21, 0x00, 0x20, 0x04, 0x20, 0x09, 0x6a, 0x2c, 0x00, 0x00, 0x41,
    0xbf, 0x7f, 0x4c, 0x0d, 0x02, 0x0b, 0x02, 0x40, 0x20, 0x0a, 0x0d, 0x00,
    0x41, 0x00, 0x21, 0x03, 0x0c, 0x01, 0x0b, 0x02, 0x40, 0x20, 0x0a, 0x20,
    0x03, 0x49, 0x0d, 0x00, 0x20, 0x0a, 0x20, 0x03, 0x46, 0x0d, 0x01, 0x20,
    0x00, 0x21, 0x09, 0x0c, 0x02, 0x0b, 0x02, 0x40, 0x20, 0x04, 0x20, 0x0a,
    0x6a, 0x2c, 0x00, 0x00, 0x41, 0xbf, 0x7f, 0x4a, 0x0d, 0x00, 0x20, 0x00,
    0x21, 0x09, 0x0c, 0x02, 0x0b, 0x20, 0x0a, 0x21, 0x03, 0x0b, 0x20, 0x06,
    0x20, 0x04, 0x20, 0x00, 0x6a, 0x20, 0x03, 0x20, 0x00, 0x6b, 0x20, 0x07,
    0x28, 0x02, 0x0c, 0x11, 0x82, 0x80, 0x80, 0x80, 0x00, 0x80, 0x80, 0x80,
    0x80, 0x00, 0x0d, 0x01, 0x20, 0x06, 0x41, 0x22, 0x20, 0x08, 0x11, 0x83,
    0x80, 0x80, 0x80, 0x00, 0x80, 0x80, 0x80, 0x80, 0x00, 0x21, 0x05, 0x0c,
    0x01, 0x0b, 0x20, 0x04, 0x20, 0x03, 0x20, 0x09, 0x20, 0x0a, 0x41, 0xac,
    0xb2, 0xc0, 0x80, 0x00, 0x10, 0xa8, 0x80, 0x80, 0x80, 0x00, 0x00, 0x0b,
    0x20, 0x02, 0x41, 0x10, 0x6a, 0x24, 0x80, 0x80, 0x80, 0x80, 0x00, 0x20,
    0x05, 0x0b, 0xe0, 0x0c, 0x01, 0x06, 0x7f, 0x23, 0x80, 0x80, 0x80, 0x80,
    0x00, 0x41, 0x20, 0x6b, 0x22, 0x03, 0x24, 0x80, 0x80, 0x80, 0x80, 0x00,
    0x02, 0x40, 0x02, 0x40, 0x02, 0x40, 0x02, 0x40, 0x02, 0x40, 0x02, 0x40,
    0x02, 0x40, 0x02, 0x40, 0x02, 0x40, 0x02, 0x40, 0x02, 0x40, 0x02, 0x40,
    0x02, 0x40, 0x02, 0x40, 0x02, 0x40, 0x02, 0x40, 0x20, 0x01, 0x0e, 0x28,
    0x02, 0x01, 0x01, 0x01, 0x01, 0x01, 0x01, 0x01, 0x01, 0x03, 0x05, 0x01,
    0x01, 0x04, 0x01, 0x01, 0x01, 0x01, 0x01, 0x01, 0x01, 0x01, 0x01, 0x01,
    0x01, 0x01, 0x01, 0x01, 0x01, 0x01, 0x01, 0x01, 0x01, 0x01, 0x09, 0x01,
    0x01, 0x01, 0x01, 0x07, 0x00, 0x0b, 0x20, 0x01, 0x41, 0xdc, 0x00, 0x46,
    0x0d, 0x05, 0x0b, 0x02, 0x40, 0x20, 0x01, 0x41, 0x80, 0x06, 0x49, 0x0d,
    0x00, 0x20, 0x02, 0x41, 0x01, 0x71, 0x0d, 0x07, 0x0b, 0x20, 0x01, 0x41,
    0x20, 0x49, 0x0d, 0x0b, 0x20, 0x01, 0x41, 0xff, 0x00, 0x49, 0x0d, 0x0a,
    0x0c, 0x09, 0x0b, 0x20, 0x00, 0x42, 0x00, 0x37, 0x01, 0x02, 0x20, 0x00,
    0x41, 0xdc, 0xe0, 0x00, 0x3b, 0x01, 0x00, 0x0c, 0x07, 0x0b, 0x20, 0x00,
    0x42, 0x00, 0x37, 0x01, 0x02, 0x20, 0x00, 0x41, 0xdc, 0xe8, 0x01, 0x3b,
    0x01, 0x00, 0x0c, 0x06, 0x0b, 0x20, 0x00, 0x42, 0x00, 0x37, 0x01, 0x02,
    0x20, 0x00, 0x41, 0xdc, 0xe4, 0x01, 0x3b, 0x01, 0x00, 0x0c, 0x05, 0x0b,
    0x20, 0x00, 0x42, 0x00, 0x37, 0x01, 0x02, 0x20, 0x00, 0x41, 0xdc, 0xdc,
    0x01, 0x3b, 0x01, 0x00, 0x0c, 0x04, 0x0b, 0x20, 0x00, 0x42, 0x00, 0x37,
    0x01, 0x02, 0x20, 0x00, 0x41, 0xdc, 0xb8, 0x01, 0x3b, 0x01, 0x00, 0x0c,
    0x03, 0x0b, 0x20, 0x02, 0x41, 0x80, 0x02, 0x71, 0x45, 0x0d, 0x04, 0x20,
    0x00, 0x42, 0x00, 0x37, 0x01, 0x02, 0x20, 0x00, 0x41, 0xdc, 0xce, 0x00,
    0x3b, 0x01, 0x00, 0x0c, 0x02, 0x0b, 0x20, 0x01, 0x10, 0xb7, 0x80, 0x80,
    0x80, 0x00, 0x45, 0x0d, 0x02, 0x20, 0x03, 0x41, 0x00, 0x3a, 0x00, 0x0e,
    0x20, 0x03, 0x41, 0x00, 0x3b, 0x01, 0x0c, 0x20, 0x03, 0x20, 0x01, 0x41,
    0x14, 0x76, 0x2d, 0x00, 0xdf, 0x9a, 0xc0, 0x80, 0x00, 0x3a, 0x00, 0x0f,
    0x20, 0x03, 0x20, 0x01, 0x41, 0x04, 0x76, 0x41, 0x0f, 0x71, 0x2d, 0x00,
    0xdf, 0x9a, 0xc0, 0x80, 0x00, 0x3a, 0x00, 0x13, 0x20, 0x03, 0x20, 0x01,
    0x41, 0x08, 0x76, 0x41, 0x0f, 0x71, 0x2d, 0x00, 0xdf, 0x9a, 0xc0, 0x80,
    0x00, 0x3a, 0x00, 0x12, 0x20, 0x03, 0x20, 0x01, 0x41, 0x0c, 0x76, 0x41,
    0x0f, 0x71, 0x2d, 0x00, 0xdf, 0x9a, 0xc0, 0x80, 0x00, 0x3a, 0x00, 0x11,
    0x20, 0x03, 0x20, 0x01, 0x41, 0x10, 0x76, 0x41, 0x0f, 0x71, 0x2d, 0x00,
    0xdf, 0x9a, 0xc0, 0x80, 0x00, 0x3a, 0x00, 0x10, 0x20, 0x03, 0x41, 0x0c,
    0x6a, 0x20, 0x01, 0x41, 0x01, 0x72, 0x67, 0x41, 0x02, 0x76, 0x22, 0x02,
    0x6a, 0x22, 0x04, 0x41, 0xfb, 0x00, 0x3a, 0x00, 0x00, 0x20, 0x04, 0x41,
    0x7f, 0x6a, 0x41, 0xf5, 0x00, 0x3a, 0x00, 0x00, 0x20, 0x03, 0x41, 0x0c,
    0x6a, 0x20, 0x02, 0x41, 0x7e, 0x6a, 0x22, 0x02, 0x6a, 0x41, 0xdc, 0x00,
    0x3a, 0x00, 0x00, 0x20, 0x00, 0x20, 0x03, 0x29, 0x01, 0x0c, 0x37, 0x00,
    0x00, 0x20, 0x03, 0x41, 0xfd, 0x00, 0x3a, 0x00, 0x15, 0x20, 0x03, 0x20,
    0x01, 0x41, 0x0f, 0x71, 0x2d, 0x00, 0xdf, 0x9a, 0xc0, 0x80, 0x00, 0x3a,
    0x00, 0x14, 0x20, 0x00, 0x20, 0x03, 0x2f, 0x01, 0x14, 0x3b, 0x00, 0x08,
    0x0c, 0x05, 0x0b, 0x20, 0x02, 0x41, 0xff, 0xff, 0xff, 0x07, 0x71, 0x41,
    0x80, 0x80, 0x04, 0x49, 0x0d, 0x02, 0x20, 0x00, 0x42, 0x00, 0x37, 0x01,
    0x02, 0x20, 0x00, 0x41, 0xdc, 0xc4, 0x00, 0x3b, 0x01, 0x00, 0x0b, 0x41,
    0x02, 0x21, 0x01, 0x41, 0x00, 0x21, 0x02, 0x0c, 0x04, 0x0b, 0x02, 0x40,
    0x02, 0x40, 0x02, 0x40, 0x02, 0x40, 0x20, 0x01, 0x41, 0x80, 0x80, 0x04,
    0x49, 0x0d, 0x00, 0x20, 0x01, 0x41, 0x80, 0x80, 0x08, 0x49, 0x0d, 0x01,
    0x20, 0x01, 0x41, 0xfe, 0xff, 0xff, 0x00, 0x71, 0x22, 0x02, 0x41, 0xae,
    0x9d, 0x0b, 0x46, 0x0d, 0x05, 0x20, 0x01, 0x41, 0xe0, 0xff, 0xff, 0x00,
    0x71, 0x41, 0xe0, 0xcd, 0x0a, 0x46, 0x0d, 0x05, 0x20, 0x02, 0x41, 0x9e,
    0xf0, 0x0a, 0x46, 0x0d, 0x05, 0x20, 0x01, 0x41, 0x90, 0xa8, 0x74, 0x6a,
    0x41, 0x70, 0x4b, 0x0d, 0x05, 0x20, 0x01, 0x41, 0x80, 0x90, 0x74, 0x6a,
    0x41, 0xdd, 0x6c, 0x4b, 0x0d, 0x05, 0x20, 0x01, 0x41, 0x80, 0x80, 0x74,
    0x6a, 0x41, 0x9d, 0x74, 0x4b, 0x0d, 0x05, 0x20, 0x01, 0x41, 0xb0, 0xd9,
    0x73, 0x6a, 0x41, 0x7a, 0x4b, 0x0d, 0x05, 0x20, 0x01, 0x41, 0x80, 0xfe,
    0x47, 0x6a, 0x41, 0xf9, 0xe6, 0x54, 0x4b, 0x0d, 0x05, 0x20, 0x01, 0x41,
    0xf0, 0x83, 0x38, 0x49, 0x0d, 0x04, 0x0c, 0x05, 0x0b, 0x41, 0x00, 0x21,
    0x05, 0x20, 0x01, 0x41, 0x08, 0x76, 0x41, 0xff, 0x01, 0x71, 0x21, 0x06,
    0x41, 0x00, 0x21, 0x02, 0x03, 0x40, 0x20, 0x02, 0x41, 0x02, 0x6a, 0x21,
    0x07, 0x20, 0x05, 0x20, 0x02, 0x2d, 0x00, 0xc9, 0xab, 0xc0, 0x80, 0x00,
    0x22, 0x04, 0x6a, 0x21, 0x08, 0x02, 0x40, 0x20, 0x02, 0x2d, 0x00, 0xc8,
    0xab, 0xc0, 0x80, 0x00, 0x22, 0x02, 0x20, 0x06, 0x46, 0x0d, 0x00, 0x20,
    0x02, 0x20, 0x06, 0x4b, 0x0d, 0x03, 0x20, 0x08, 0x21, 0x05, 0x20, 0x07,
    0x21, 0x02, 0x20, 0x07, 0x41, 0xcc, 0x00, 0x47, 0x0d, 0x01, 0x0c, 0x03,
    0x0b, 0x02, 0x40, 0x02, 0x40, 0x02, 0x40, 0x20, 0x08, 0x20, 0x05, 0x49,
    0x0d, 0x00, 0x20, 0x08, 0x41, 0x9c, 0x02, 0x4b, 0x0d, 0x00, 0x20, 0x04,
    0x45, 0x0d, 0x02, 0x20, 0x05, 0x41, 0x94, 0xac, 0xc0, 0x80, 0x00, 0x6a,
    0x21, 0x02, 0x0c, 0x01, 0x0b, 0x20, 0x05, 0x20, 0x08, 0x41, 0x9c, 0x02,
    0x41, 0xd4, 0xb0, 0xc0, 0x80, 0x00, 0x10, 0x96, 0x80, 0x80, 0x80, 0x00,
    0x00, 0x0b, 0x03, 0x40, 0x20, 0x02, 0x2d, 0x00, 0x00, 0x20, 0x01, 0x41,
    0xff, 0x01, 0x71, 0x46, 0x0d, 0x07, 0x20, 0x02, 0x41, 0x01, 0x6a, 0x21,
    0x02, 0x20, 0x04, 0x41, 0x7f, 0x6a, 0x22, 0x04, 0x0d, 0x00, 0x0b, 0x0b,
    0x20, 0x08, 0x21, 0x05, 0x20, 0x07, 0x21, 0x02, 0x20, 0x07, 0x41, 0xcc,
    0x00, 0x47, 0x0d, 0x00, 0x0c, 0x02, 0x0b, 0x0b, 0x41, 0x00, 0x21, 0x05,
    0x20, 0x01, 0x41, 0x08, 0x76, 0x41, 0xff, 0x01, 0x71, 0x21, 0x06, 0x41,
    0x00, 0x21, 0x02, 0x02, 0x40, 0x03, 0x40, 0x20, 0x02, 0x41, 0x02, 0x6a,
    0x21, 0x07, 0x20, 0x05, 0x20, 0x02, 0x2d, 0x00, 0xa1, 0xa5, 0xc0, 0x80,
    0x00, 0x22, 0x04, 0x6a, 0x21, 0x08, 0x02, 0x40, 0x20, 0x02, 0x2d, 0x00,
    0xa0, 0xa5, 0xc0, 0x80, 0x00, 0x22, 0x02, 0x20, 0x06, 0x46, 0x0d, 0x00,
    0x20, 0x02, 0x20, 0x06, 0x4b, 0x0d, 0x02, 0x20, 0x08, 0x21, 0x05, 0x20,
    0x07, 0x21, 0x02, 0x20, 0x07, 0x41, 0xdc, 0x00, 0x47, 0x0d, 0x01, 0x0c,
    0x02, 0x0b, 0x02, 0x40, 0x02, 0x40, 0x02, 0x40, 0x20, 0x08, 0x20, 0x05,
    0x49, 0x0d, 0x00, 0x20, 0x08, 0x41, 0xd4, 0x01, 0x4b, 0x0d, 0x00, 0x20,
    0x04, 0x45, 0x0d, 0x02, 0x20, 0x05, 0x41, 0xfc, 0xa5, 0xc0, 0x80, 0x00,
    0x6a, 0x21, 0x02, 0x0c, 0x01, 0x0b, 0x20, 0x05, 0x20, 0x08, 0x41, 0xd4,
    0x01, 0x41, 0xd4, 0xb0, 0xc0, 0x80, 0x00, 0x10, 0x96, 0x80, 0x80, 0x80,
    0x00, 0x00, 0x0b, 0x03, 0x40, 0x20, 0x02, 0x2d, 0x00, 0x00, 0x20, 0x01,
    0x41, 0xff, 0x01, 0x71, 0x46, 0x0d, 0x07, 0x20, 0x02, 0x41, 0x01, 0x6a,
    0x21, 0x02, 0x20, 0x04, 0x41, 0x7f, 0x6a, 0x22, 0x04, 0x0d, 0x00, 0x0b,
    0x0b, 0x20, 0x08, 0x21, 0x05, 0x20, 0x07, 0x21, 0x02, 0x20, 0x07, 0x41,
    0xdc, 0x00, 0x47, 0x0d, 0x00, 0x0b, 0x0b, 0x20, 0x01, 0x41, 0xff, 0xff,
    0x03, 0x71, 0x21, 0x05, 0x41, 0x01, 0x21, 0x04, 0x41, 0x00, 0x21, 0x02,
    0x03, 0x40, 0x20, 0x02, 0x41, 0x01, 0x6a, 0x21, 0x07, 0x02, 0x40, 0x02,
    0x40, 0x20, 0x02, 0x2c, 0x00, 0xd0, 0xa7, 0xc0, 0x80, 0x00, 0x22, 0x08,
    0x41, 0x00, 0x48, 0x0d, 0x00, 0x20, 0x07, 0x21, 0x02, 0x0c, 0x01, 0x0b,
    0x02, 0x40, 0x20, 0x07, 0x41, 0xf8, 0x03, 0x46, 0x0d, 0x00, 0x20, 0x08,
    0x41, 0xff, 0x00, 0x71, 0x41, 0x08, 0x74, 0x20, 0x02, 0x41, 0xd1, 0xa7,
    0xc0, 0x80, 0x00, 0x6a, 0x2d, 0x00, 0x00, 0x72, 0x21, 0x08, 0x20, 0x02,
    0x41, 0x02, 0x6a, 0x21, 0x02, 0x0c, 0x01, 0x0b, 0x41, 0xe4, 0xb0, 0xc0,
    0x80, 0x00, 0x10, 0xb8, 0x80, 0x80, 0x80, 0x00, 0x00, 0x0b, 0x20, 0x05,
    0x20, 0x08, 0x6b, 0x22, 0x05, 0x41, 0x00, 0x48, 0x0d, 0x02, 0x20, 0x04,
    0x41, 0x01, 0x73, 0x21, 0x04, 0x20, 0x02, 0x41, 0xf8, 0x03, 0x47, 0x0d,
    0x00, 0x0c, 0x02, 0x0b, 0x0b, 0x41, 0x01, 0x21, 0x04, 0x20, 0x01, 0x21,
    0x05, 0x41, 0x00, 0x21, 0x02, 0x03, 0x40, 0x20, 0x02, 0x41, 0x01, 0x6a,
    0x21, 0x07, 0x02, 0x40, 0x02, 0x40, 0x20, 0x02, 0x2c, 0x00, 0xb0, 0xae,
    0xc0, 0x80, 0x00, 0x22, 0x08, 0x41, 0x00, 0x48, 0x0d, 0x00, 0x20, 0x07,
    0x21, 0x02, 0x0c, 0x01, 0x0b, 0x02, 0x40, 0x20, 0x07, 0x41, 0xa4, 0x02,
    0x46, 0x0d, 0x00, 0x20, 0x08, 0x41, 0xff, 0x00, 0x71, 0x41, 0x08, 0x74,
    0x20, 0x02, 0x41, 0xb1, 0xae, 0xc0, 0x80, 0x00, 0x6a, 0x2d, 0x00, 0x00,
    0x72, 0x21, 0x08, 0x20, 0x02, 0x41, 0x02, 0x6a, 0x21, 0x02, 0x0c, 0x01,
    0x0b, 0x41, 0xe4, 0xb0, 0xc0, 0x80, 0x00, 0x10, 0xb8, 0x80, 0x80, 0x80,
    0x00, 0x00, 0x0b, 0x20, 0x05, 0x20, 0x08, 0x6b, 0x22, 0x05, 0x41, 0x00,
    0x48, 0x0d, 0x01, 0x20, 0x04, 0x41, 0x01, 0x73, 0x21, 0x04, 0x20, 0x02,
    0x41, 0xa4, 0x02, 0x47, 0x0d, 0x00, 0x0b, 0x0b, 0x20, 0x04, 0x41, 0x01,
    0x71, 0x45, 0x0d, 0x01, 0x0b, 0x20, 0x00, 0x20, 0x01, 0x36, 0x02, 0x00,
    0x41, 0x81, 0x01, 0x21, 0x01, 0x41, 0x80, 0x01, 0x21, 0x02, 0x0c, 0x02,
    0x0b, 0x20, 0x03, 0x41, 0x00, 0x3a, 0x00, 0x18, 0x20, 0x03, 0x41, 0x00,
    0x3b, 0x01, 0x16, 0x20, 0x03, 0x20, 0x01, 0x41, 0x14, 0x76, 0x2d, 0x00,
    0xdf, 0x9a, 0xc0, 0x80, 0x00, 0x3a, 0x00, 0x19, 0x20, 0x03, 0x20, 0x01,
    0x41, 0x04, 0x76, 0x41, 0x0f, 0x71, 0x2d, 0x00, 0xdf, 0x9a, 0xc0, 0x80,
    0x00, 0x3a, 0x00, 0x1d, 0x20, 0x03, 0x20, 0x01, 0x41, 0x08, 0x76, 0x41,
    0x0f, 0x71, 0x2d, 0x00, 0xdf, 0x9a, 0xc0, 0x80, 0x00, 0x3a, 0x00, 0x1c,
    0x20, 0x03, 0x20, 0x01, 0x41, 0x0c, 0x76, 0x41, 0x0f, 0x71, 0x2d, 0x00,
    0xdf, 0x9a, 0xc0, 0x80, 0x00, 0x3a, 0x00, 0x1b, 0x20, 0x03, 0x20, 0x01,
    0x41, 0x10, 0x76, 0x41, 0x0f, 0x71, 0x2d, 0x00, 0xdf, 0x9a, 0xc0, 0x80,
    0x00, 0x3a, 0x00, 0x1a, 0x20, 0x03, 0x41, 0x16, 0x6a, 0x20, 0x01, 0x41,
    0x01, 0x72, 0x67, 0x41, 0x02, 0x76, 0x22, 0x02, 0x6a, 0x22, 0x04, 0x41,
    0xfb, 0x00, 0x3a, 0x00, 0x00, 0x20, 0x04, 0x41, 0x7f, 0x6a, 0x41, 0xf5,
    0x00, 0x3a, 0x00, 0x00, 0x20, 0x03, 0x41, 0x16, 0x6a, 0x20, 0x02, 0x41,
    0x7e, 0x6a, 0x22, 0x02, 0x6a, 0x41, 0xdc, 0x00, 0x3a, 0x00, 0x00, 0x20,
    0x00, 0x20, 0x03, 0x29, 0x01, 0x16, 0x37, 0x00, 0x00, 0x20, 0x03, 0x41,
    0xfd, 0x00, 0x3a, 0x00, 0x1f, 0x20, 0x03, 0x20, 0x01, 0x41, 0x0f, 0x71,
    0x2d, 0x00, 0xdf, 0x9a, 0xc0, 0x80, 0x00, 0x3a, 0x00, 0x1e, 0x20, 0x00,
    0x20, 0x03, 0x2f, 0x01, 0x1e, 0x3b, 0x00, 0x08, 0x0b, 0x41, 0x0a, 0x21,
    0x01, 0x0b, 0x20, 0x00, 0x20, 0x01, 0x3a, 0x00, 0x0d, 0x20, 0x00, 0x20,
    0x02, 0x3a, 0x00, 0x0c, 0x20, 0x03, 0x41, 0x20, 0x6a, 0x24, 0x80, 0x80,
    0x80, 0x80, 0x00, 0x0b, 0x13, 0x00, 0x20, 0x00, 0x20, 0x01, 0x20, 0x02,
    0x20, 0x03, 0x20, 0x04, 0x10, 0xbb, 0x80, 0x80, 0x80, 0x00, 0x00, 0x0b,
    0x14, 0x00, 0x20, 0x01, 0x20, 0x00, 0x28, 0x02, 0x04, 0x20, 0x00, 0x28,
    0x02, 0x08, 0x10, 0xaa, 0x80, 0x80, 0x80, 0x00, 0x0b, 0xa3, 0x08, 0x01,
    0x0b, 0x7f, 0x02, 0x40, 0x02, 0x40, 0x20, 0x00, 0x28, 0x02, 0x08, 0x22,
    0x03, 0x41, 0x80, 0x80, 0x80, 0xc0, 0x01, 0x71, 0x45, 0x0d, 0x00, 0x02,
    0x40, 0x02, 0x40, 0x02, 0x40, 0x02, 0x40, 0x02, 0x40, 0x20, 0x03, 0x41,
    0x80, 0x80, 0x80, 0x80, 0x01, 0x71, 0x45, 0x0d, 0x00, 0x20, 0x00, 0x2f,
    0x01, 0x0e, 0x22, 0x04, 0x0d, 0x01, 0x41, 0x00, 0x21, 0x02, 0x0c, 0x02,
    0x0b, 0x02, 0x40, 0x20, 0x02, 0x41, 0x10, 0x49, 0x0d, 0x00, 0x20, 0x02,
    0x20, 0x01, 0x20, 0x01, 0x41, 0x03, 0x6a, 0x41, 0x7c, 0x71, 0x22, 0x05,
    0x6b, 0x22, 0x06, 0x6a, 0x22, 0x07, 0x41, 0x03, 0x71, 0x21, 0x08, 0x41,
    0x00, 0x21, 0x09, 0x41, 0x00, 0x21, 0x04, 0x02, 0x40, 0x20, 0x01, 0x20,
    0x05, 0x46, 0x0d, 0x00, 0x41, 0x00, 0x21, 0x04, 0x20, 0x01, 0x21, 0x0a,
    0x03, 0x40, 0x20, 0x04, 0x20, 0x0a, 0x2c, 0x00, 0x00, 0x41, 0xbf, 0x7f,
    0x4a, 0x6a, 0x21, 0x04, 0x20, 0x0a, 0x41, 0x01, 0x6a, 0x21, 0x0a, 0x20,
    0x06, 0x41, 0x01, 0x6a, 0x22, 0x06, 0x0d, 0x00, 0x0b, 0x0b, 0x02, 0x40,
    0x20, 0x08, 0x45, 0x0d, 0x00, 0x20, 0x05, 0x20, 0x07, 0x41, 0xfc, 0xff,
    0xff, 0xff, 0x07, 0x71, 0x6a, 0x21, 0x0a, 0x41, 0x00, 0x21, 0x09, 0x03,
    0x40, 0x20, 0x09, 0x20, 0x0a, 0x2c, 0x00, 0x00, 0x41, 0xbf, 0x7f, 0x4a,
    0x6a, 0x21, 0x09, 0x20, 0x0a, 0x41, 0x01, 0x6a, 0x21, 0x0a, 0x20, 0x08,
    0x41, 0x7f, 0x6a, 0x22, 0x08, 0x0d, 0x00, 0x0b, 0x0b, 0x20, 0x07, 0x41,
    0x02, 0x76, 0x21, 0x06, 0x20, 0x09, 0x20, 0x04, 0x6a, 0x21, 0x04, 0x03,
    0x40, 0x20, 0x05, 0x21, 0x07, 0x20, 0x06, 0x45, 0x0d, 0x05, 0x20, 0x06,
    0x41, 0xc0, 0x01, 0x20, 0x06, 0x41, 0xc0, 0x01, 0x49, 0x1b, 0x22, 0x0b,
    0x41, 0x03, 0x71, 0x21, 0x0c, 0x02, 0x40, 0x02, 0x40, 0x20, 0x0b, 0x41,
    0x02, 0x74, 0x22, 0x0d, 0x41, 0xf0, 0x07, 0x71, 0x22, 0x0a, 0x0d, 0x00,
    0x41, 0x00, 0x21, 0x09, 0x0c, 0x01, 0x0b, 0x20, 0x07, 0x20, 0x0a, 0x6a,
    0x21, 0x05, 0x41, 0x00, 0x21, 0x09, 0x20, 0x07, 0x21, 0x0a, 0x03, 0x40,
    0x20, 0x0a, 0x41, 0x0c, 0x6a, 0x28, 0x02, 0x00, 0x22, 0x08, 0x41, 0x7f,
    0x73, 0x41, 0x07, 0x76, 0x20, 0x08, 0x41, 0x06, 0x76, 0x72, 0x41, 0x81,
    0x82, 0x84, 0x08, 0x71, 0x20, 0x0a, 0x41, 0x08, 0x6a, 0x28, 0x02, 0x00,
    0x22, 0x08, 0x41, 0x7f, 0x73, 0x41, 0x07, 0x76, 0x20, 0x08, 0x41, 0x06,
    0x76, 0x72, 0x41, 0x81, 0x82, 0x84, 0x08, 0x71, 0x20, 0x0a, 0x41, 0x04,
    0x6a, 0x28, 0x02, 0x00, 0x22, 0x08, 0x41, 0x7f, 0x73, 0x41, 0x07, 0x76,
    0x20, 0x08, 0x41, 0x06, 0x76, 0x72, 0x41, 0x81, 0x82, 0x84, 0x08, 0x71,
    0x20, 0x0a, 0x28, 0x02, 0x00, 0x22, 0x08, 0x41, 0x7f, 0x73, 0x41, 0x07,
    0x76, 0x20, 0x08, 0x41, 0x06, 0x76, 0x72, 0x41, 0x81, 0x82, 0x84, 0x08,
    0x71, 0x20, 0x09, 0x6a, 0x6a, 0x6a, 0x6a, 0x21, 0x09, 0x20, 0x0a, 0x41,
    0x10, 0x6a, 0x22, 0x0a, 0x20, 0x05, 0x47, 0x0d, 0x00, 0x0b, 0x0b, 0x20,
    0x06, 0x20, 0x0b, 0x6b, 0x21, 0x06, 0x20, 0x07, 0x20, 0x0d, 0x6a, 0x21,
    0x05, 0x20, 0x09, 0x41, 0x08, 0x76, 0x41, 0xff, 0x81, 0xfc, 0x07, 0x71,
    0x20, 0x09, 0x41, 0xff, 0x81, 0xfc, 0x07, 0x71, 0x6a, 0x41, 0x81, 0x80,
    0x04, 0x6c, 0x41, 0x10, 0x76, 0x20, 0x04, 0x6a, 0x21, 0x04, 0x20, 0x0c,
    0x45, 0x0d, 0x00, 0x0b, 0x20, 0x0c, 0x41, 0x02, 0x74, 0x21, 0x08, 0x20,
    0x07, 0x20, 0x0b, 0x41, 0xfc, 0x01, 0x71, 0x41, 0x02, 0x74, 0x6a, 0x21,
    0x0a, 0x41, 0x00, 0x21, 0x09, 0x03, 0x40, 0x20, 0x0a, 0x28, 0x02, 0x00,
    0x22, 0x05, 0x41, 0x7f, 0x73, 0x41, 0x07, 0x76, 0x20, 0x05, 0x41, 0x06,
    0x76, 0x72, 0x41, 0x81, 0x82, 0x84, 0x08, 0x71, 0x20, 0x09, 0x6a, 0x21,
    0x09, 0x20, 0x0a, 0x41, 0x04, 0x6a, 0x21, 0x0a, 0x20, 0x08, 0x41, 0x7c,
    0x6a, 0x22, 0x08, 0x0d, 0x00, 0x0b, 0x20, 0x09, 0x41, 0x08, 0x76, 0x41,
    0xff, 0x81, 0xfc, 0x07, 0x71, 0x20, 0x09, 0x41, 0xff, 0x81, 0xfc, 0x07,
    0x71, 0x6a, 0x41, 0x81, 0x80, 0x04, 0x6c, 0x41, 0x10, 0x76, 0x20, 0x04,
    0x6a, 0x21, 0x04, 0x0c, 0x04, 0x0b, 0x41, 0x00, 0x21, 0x04, 0x20, 0x02,
    0x45, 0x0d, 0x03, 0x20, 0x01, 0x21, 0x0a, 0x20, 0x02, 0x21, 0x09, 0x03,
    0x40, 0x20, 0x04, 0x20, 0x0a, 0x2c, 0x00, 0x00, 0x41, 0xbf, 0x7f, 0x4a,
    0x6a, 0x21, 0x04, 0x20, 0x0a, 0x41, 0x01, 0x6a, 0x21, 0x0a, 0x20, 0x09,
    0x41, 0x7f, 0x6a, 0x22, 0x09, 0x0d, 0x00, 0x0c, 0x04, 0x0b, 0x0b, 0x20,
    0x01, 0x20, 0x02, 0x6a, 0x21, 0x05, 0x41, 0x00, 0x21, 0x02, 0x20, 0x01,
    0x21, 0x09, 0x20, 0x04, 0x21, 0x08, 0x03, 0x40, 0x20, 0x09, 0x22, 0x0a,
    0x20, 0x05, 0x46, 0x0d, 0x02, 0x02, 0x40, 0x02, 0x40, 0x20, 0x0a, 0x2c,
    0x00, 0x00, 0x22, 0x09, 0x41, 0x7f, 0x4c, 0x0d, 0x00, 0x20, 0x0a, 0x41,
    0x01, 0x6a, 0x21, 0x09, 0x0c, 0x01, 0x0b, 0x02, 0x40, 0x20, 0x09, 0x41,
    0x60, 0x4f, 0x0d, 0x00, 0x20, 0x0a, 0x41, 0x02, 0x6a, 0x21, 0x09, 0x0c,
    0x01, 0x0b, 0x20, 0x0a, 0x41, 0x04, 0x41, 0x03, 0x20, 0x09, 0x41, 0x6f,
    0x4b, 0x1b, 0x6a, 0x21, 0x09, 0x0b, 0x20, 0x09, 0x20, 0x0a, 0x6b, 0x20,
    0x02, 0x6a, 0x21, 0x02, 0x20, 0x08, 0x41, 0x7f, 0x6a, 0x22, 0x08, 0x0d,
    0x00, 0x0b, 0x0b, 0x41, 0x00, 0x21, 0x08, 0x0b, 0x20, 0x04, 0x20, 0x08,
    0x6b, 0x21, 0x04, 0x0b, 0x20, 0x04, 0x20, 0x00, 0x2f, 0x01, 0x0c, 0x22,
    0x0a, 0x4f, 0x0d, 0x00, 0x20, 0x0a, 0x20, 0x04, 0x6b, 0x21, 0x07, 0x41,
    0x00, 0x21, 0x0a, 0x41, 0x00, 0x21, 0x06, 0x02, 0x40, 0x02, 0x40, 0x02,
    0x40, 0x20, 0x03, 0x41, 0x1d, 0x76, 0x41, 0x03, 0x71, 0x0e, 0x04, 0x02,
    0x00, 0x01, 0x02, 0x02, 0x0b, 0x20, 0x07, 0x21, 0x06, 0x0c, 0x01, 0x0b,
    0x20, 0x07, 0x41, 0xfe, 0xff, 0x03, 0x71, 0x41, 0x01, 0x76, 0x21, 0x06,
    0x0b, 0x20, 0x03, 0x41, 0xff, 0xff, 0xff, 0x00, 0x71, 0x21, 0x04, 0x20,
    0x00, 0x28, 0x02, 0x04, 0x21, 0x08, 0x20, 0x00, 0x28, 0x02, 0x00, 0x21,
    0x05, 0x02, 0x40, 0x03, 0x40, 0x20, 0x0a, 0x41, 0xff, 0xff, 0x03, 0x71,
    0x20, 0x06, 0x41, 0xff, 0xff, 0x03, 0x71, 0x4f, 0x0d, 0x01, 0x41, 0x01,
    0x21, 0x09, 0x20, 0x0a, 0x41, 0x01, 0x6a, 0x21, 0x0a, 0x20, 0x05, 0x20,
    0x04, 0x20, 0x08, 0x28, 0x02, 0x10, 0x11, 0x83, 0x80, 0x80, 0x80, 0x00,
    0x80, 0x80, 0x80, 0x80, 0x00, 0x0d, 0x03, 0x0c, 0x00, 0x0b, 0x0b, 0x41,
    0x01, 0x21, 0x09, 0x20, 0x05, 0x20, 0x01, 0x20, 0x02, 0x20, 0x08, 0x28,
    0x02, 0x0c, 0x11, 0x82, 0x80, 0x80, 0x80, 0x00, 0x80, 0x80, 0x80, 0x80,
    0x00, 0x0d, 0x01, 0x20, 0x07, 0x20, 0x06, 0x6b, 0x41, 0xff, 0xff, 0x03,
    0x71, 0x21, 0x06, 0x41, 0x00, 0x21, 0x0a, 0x03, 0x40, 0x02, 0x40, 0x20,
    0x0a, 0x41, 0xff, 0xff, 0x03, 0x71, 0x20, 0x06, 0x49, 0x0d, 0x00, 0x41,
    0x00, 0x0f, 0x0b, 0x41, 0x01, 0x21, 0x09, 0x20, 0x0a, 0x41, 0x01, 0x6a,
    0x21, 0x0a, 0x20, 0x05, 0x20, 0x04, 0x20, 0x08, 0x28, 0x02, 0x10, 0x11,
    0x83, 0x80, 0x80, 0x80, 0x00, 0x80, 0x80, 0x80, 0x80, 0x00, 0x0d, 0x02,
    0x0c, 0x00, 0x0b, 0x0b, 0x20, 0x00, 0x28, 0x02, 0x00, 0x20, 0x01, 0x20,
    0x02, 0x20, 0x00, 0x28, 0x02, 0x04, 0x28, 0x02, 0x0c, 0x11, 0x82, 0x80,
    0x80, 0x80, 0x00, 0x80, 0x80, 0x80, 0x80, 0x00, 0x21, 0x09, 0x0b, 0x20,
    0x09, 0x0b, 0xc8, 0x01, 0x02, 0x01, 0x7f, 0x01, 0x7e, 0x23, 0x80, 0x80,
    0x80, 0x80, 0x00, 0x41, 0xc0, 0x00, 0x6b, 0x22, 0x02, 0x24, 0x80, 0x80,
    0x80, 0x80, 0x00, 0x20, 0x02, 0x41, 0xb0, 0xb5, 0xc0, 0x80, 0x00, 0x36,
    0x02, 0x04, 0x20, 0x02, 0x20, 0x00, 0x36, 0x02, 0x00, 0x20, 0x02, 0x41,
    0xb0, 0xb5, 0xc0, 0x80, 0x00, 0x36, 0x02, 0x0c, 0x20, 0x02, 0x20, 0x01,
    0x36, 0x02, 0x08, 0x20, 0x02, 0x41, 0x02, 0x36, 0x02, 0x14, 0x20, 0x02,
    0x41, 0xb3, 0xa1, 0xc0, 0x80, 0x00, 0x36, 0x02, 0x10, 0x20, 0x02, 0x41,
    0xc1, 0x00, 0x36, 0x02, 0x1c, 0x20, 0x02, 0x41, 0xaa, 0xb9, 0xc0, 0x80,
    0x00, 0x36, 0x02, 0x18, 0x20, 0x02, 0x41, 0x89, 0x80, 0x80, 0x80, 0x00,
    0xad, 0x42, 0x20, 0x86, 0x22, 0x03, 0x20, 0x02, 0x41, 0x08, 0x6a, 0xad,
    0x84, 0x37, 0x03, 0x38, 0x20, 0x02, 0x20, 0x03, 0x20, 0x02, 0xad, 0x84,
    0x37, 0x03, 0x30, 0x20, 0x02, 0x41, 0x8a, 0x80, 0x80, 0x80, 0x00, 0xad,
    0x42, 0x20, 0x86, 0x20, 0x02, 0x41, 0x18, 0x6a, 0xad, 0x84, 0x37, 0x03,
    0x28, 0x20, 0x02, 0x41, 0x84, 0x80, 0x80, 0x80, 0x00, 0xad, 0x42, 0x20,
    0x86, 0x20, 0x02, 0x41, 0x10, 0x6a, 0xad, 0x84, 0x37, 0x03, 0x20, 0x41,
    0xe7, 0x82, 0xc0, 0x80, 0x00, 0x20, 0x02, 0x41, 0x20, 0x6a, 0x41, 0xcc,
    0xb9, 0xc0, 0x80, 0x00, 0x10, 0x9e, 0x80, 0x80, 0x80, 0x00, 0x00, 0x0b,
    0x1c, 0x00, 0x20, 0x00, 0x28, 0x02, 0x00, 0x20, 0x01, 0x20, 0x00, 0x28,
    0x02, 0x04, 0x28, 0x02, 0x0c, 0x11, 0x83, 0x80, 0x80, 0x80, 0x00, 0x80,
    0x80, 0x80, 0x80, 0x00, 0x0b, 0x1c, 0x00, 0x20, 0x01, 0x28, 0x02, 0x00,
    0x20, 0x01, 0x28, 0x02, 0x04, 0x20, 0x00, 0x28, 0x02, 0x00, 0x20, 0x00,
    0x28, 0x02, 0x04, 0x10, 0xaf, 0x80, 0x80, 0x80, 0x00, 0x0b, 0x14, 0x00,
    0x20, 0x01, 0x20, 0x00, 0x28, 0x02, 0x00, 0x20, 0x00, 0x28, 0x02, 0x04,
    0x10, 0xaa, 0x80, 0x80, 0x80, 0x00, 0x0b, 0xf4, 0x04, 0x01, 0x08, 0x7f,
    0x23, 0x80, 0x80, 0x80, 0x80, 0x00, 0x41, 0x10, 0x6b, 0x22, 0x04, 0x24,
    0x80, 0x80, 0x80, 0x80, 0x00, 0x02, 0x40, 0x02, 0x40, 0x02, 0x40, 0x20,
    0x03, 0x41, 0x01, 0x71, 0x0d, 0x00, 0x20, 0x02, 0x2d, 0x00, 0x00, 0x22,
    0x05, 0x0d, 0x01, 0x41, 0x00, 0x21, 0x05, 0x0c, 0x02, 0x0b, 0x20, 0x00,
    0x20, 0x02, 0x20, 0x03, 0x41, 0x01, 0x76, 0x20, 0x01, 0x28, 0x02, 0x0c,
    0x11, 0x82, 0x80, 0x80, 0x80, 0x00, 0x80, 0x80, 0x80, 0x80, 0x00, 0x21,
    0x05, 0x0c, 0x01, 0x0b, 0x20, 0x01, 0x28, 0x02, 0x0c, 0x21, 0x06, 0x41,
    0x00, 0x21, 0x07, 0x03, 0x40, 0x20, 0x02, 0x41, 0x01, 0x6a, 0x21, 0x08,
    0x02, 0x40, 0x02, 0x40, 0x02, 0x40, 0x02, 0x40, 0x02, 0x40, 0x20, 0x05,
    0xc0, 0x41, 0x7f, 0x4a, 0x0d, 0x00, 0x20, 0x05, 0x41, 0xff, 0x01, 0x71,
    0x22, 0x09, 0x41, 0x80, 0x01, 0x46, 0x0d, 0x01, 0x20, 0x09, 0x41, 0xc0,
    0x01, 0x47, 0x0d, 0x03, 0x20, 0x04, 0x20, 0x01, 0x36, 0x02, 0x04, 0x20,
    0x04, 0x20, 0x00, 0x36, 0x02, 0x00, 0x20, 0x04, 0x42, 0xa0, 0x80, 0x80,
    0x80, 0x06, 0x37, 0x02, 0x08, 0x20, 0x03, 0x20, 0x07, 0x41, 0x03, 0x74,
    0x6a, 0x22, 0x05, 0x28, 0x02, 0x00, 0x20, 0x04, 0x20, 0x05, 0x28, 0x02,
    0x04, 0x11, 0x83, 0x80, 0x80, 0x80, 0x00, 0x80, 0x80, 0x80, 0x80, 0x00,
    0x45, 0x0d, 0x02, 0x41, 0x01, 0x21, 0x05, 0x0c, 0x06, 0x0b, 0x02, 0x40,
    0x20, 0x00, 0x20, 0x08, 0x20, 0x05, 0x41, 0xff, 0x01, 0x71, 0x22, 0x05,
    0x20, 0x06, 0x11, 0x82, 0x80, 0x80, 0x80, 0x00, 0x80, 0x80, 0x80, 0x80,
    0x00, 0x0d, 0x00, 0x20, 0x08, 0x20, 0x05, 0x6a, 0x21, 0x02, 0x0c, 0x04,
    0x0b, 0x41, 0x01, 0x21, 0x05, 0x0c, 0x05, 0x0b, 0x02, 0x40, 0x20, 0x00,
    0x20, 0x02, 0x41, 0x03, 0x6a, 0x22, 0x05, 0x20, 0x02, 0x2f, 0x00, 0x01,
    0x22, 0x02, 0x20, 0x06, 0x11, 0x82, 0x80, 0x80, 0x80, 0x00, 0x80, 0x80,
    0x80, 0x80, 0x00, 0x0d, 0x00, 0x20, 0x05, 0x20, 0x02, 0x6a, 0x21, 0x02,
    0x0c, 0x03, 0x0b, 0x41, 0x01, 0x21, 0x05, 0x0c, 0x04, 0x0b, 0x20, 0x07,
    0x41, 0x01, 0x6a, 0x21, 0x07, 0x20, 0x08, 0x21, 0x02, 0x0c, 0x01, 0x0b,
    0x41, 0xa0, 0x80, 0x80, 0x80, 0x06, 0x21, 0x0a, 0x02, 0x40, 0x20, 0x05,
    0x41, 0x01, 0x71, 0x45, 0x0d, 0x00, 0x20, 0x02, 0x41, 0x05, 0x6a, 0x21,
    0x08, 0x20, 0x02, 0x28, 0x00, 0x01, 0x21, 0x0a, 0x0b, 0x41, 0x00, 0x21,
    0x09, 0x02, 0x40, 0x02, 0x40, 0x20, 0x05, 0x41, 0x02, 0x71, 0x0d, 0x00,
    0x41, 0x00, 0x21, 0x0b, 0x20, 0x08, 0x21, 0x02, 0x0c, 0x01, 0x0b, 0x20,
    0x08, 0x41, 0x02, 0x6a, 0x21, 0x02, 0x20, 0x08, 0x2f, 0x00, 0x00, 0x21,
    0x0b, 0x0b, 0x02, 0x40, 0x02, 0x40, 0x20, 0x05, 0x41, 0x04, 0x71, 0x0d,
    0x00, 0x20, 0x02, 0x21, 0x08, 0x0c, 0x01, 0x0b, 0x20, 0x02, 0x41, 0x02,
    0x6a, 0x21, 0x08, 0x20, 0x02, 0x2f, 0x00, 0x00, 0x21, 0x09, 0x0b, 0x02,
    0x40, 0x02, 0x40, 0x20, 0x05, 0x41, 0x08, 0x71, 0x0d, 0x00, 0x20, 0x08,
    0x21, 0x02, 0x0c, 0x01, 0x0b, 0x20, 0x08, 0x41, 0x02, 0x6a, 0x21, 0x02,
    0x20, 0x08, 0x2f, 0x00, 0x00, 0x21, 0x07, 0x0b, 0x02, 0x40, 0x20, 0x05,
    0x41, 0x10, 0x71, 0x45, 0x0d, 0x00, 0x20, 0x03, 0x20, 0x0b, 0x41, 0xff,
    0xff, 0x03, 0x71, 0x41, 0x03, 0x74, 0x6a, 0x2f, 0x01, 0x04, 0x21, 0x0b,
    0x0b, 0x02, 0x40, 0x20, 0x05, 0x41, 0x20, 0x71, 0x45, 0x0d, 0x00, 0x20,
    0x03, 0x20, 0x09, 0x41, 0xff, 0xff, 0x03, 0x71, 0x41, 0x03, 0x74, 0x6a,
    0x2f, 0x01, 0x04, 0x21, 0x09, 0x0b, 0x20, 0x04, 0x20, 0x09, 0x3b, 0x01,
    0x0e, 0x20, 0x04, 0x20, 0x0b, 0x3b, 0x01, 0x0c, 0x20, 0x04, 0x20, 0x0a,
    0x36, 0x02, 0x08, 0x20, 0x04, 0x20, 0x01, 0x36, 0x02, 0x04, 0x20, 0x04,
    0x20, 0x00, 0x36, 0x02, 0x00, 0x02, 0x40, 0x20, 0x03, 0x20, 0x07, 0x41,
    0x03, 0x74, 0x6a, 0x22, 0x05, 0x28, 0x02, 0x00, 0x20, 0x04, 0x20, 0x05,
    0x28, 0x02, 0x04, 0x11, 0x83, 0x80, 0x80, 0x80, 0x00, 0x80, 0x80, 0x80,
    0x80, 0x00, 0x45, 0x0d, 0x00, 0x41, 0x01, 0x21, 0x05, 0x0c, 0x03, 0x0b,
    0x20, 0x07, 0x41, 0x01, 0x6a, 0x21, 0x07, 0x0b, 0x20, 0x02, 0x2d, 0x00,
    0x00, 0x22, 0x05, 0x0d, 0x00, 0x0b, 0x41, 0x00, 0x21, 0x05, 0x0b, 0x20,
    0x04, 0x41, 0x10, 0x6a, 0x24, 0x80, 0x80, 0x80, 0x80, 0x00, 0x20, 0x05,
    0x0b, 0x38, 0x02, 0x01, 0x7f, 0x01, 0x7e, 0x23, 0x80, 0x80, 0x80, 0x80,
    0x00, 0x41, 0x10, 0x6b, 0x22, 0x01, 0x24, 0x80, 0x80, 0x80, 0x80, 0x00,
    0x20, 0x00, 0x29, 0x02, 0x00, 0x21, 0x02, 0x20, 0x01, 0x20, 0x00, 0x36,
    0x02, 0x0c, 0x20, 0x01, 0x20, 0x02, 0x37, 0x02, 0x04, 0x20, 0x01, 0x41,
    0x04, 0x6a, 0x10, 0xe4, 0x80, 0x80, 0x80, 0x00, 0x00, 0x0b, 0xdf, 0x04,
    0x01, 0x0b, 0x7f, 0x20, 0x00, 0x28, 0x02, 0x04, 0x21, 0x03, 0x20, 0x00,
    0x28, 0x02, 0x00, 0x21, 0x04, 0x20, 0x00, 0x28, 0x02, 0x08, 0x21, 0x05,
    0x41, 0x00, 0x21, 0x06, 0x41, 0x00, 0x21, 0x07, 0x41, 0x00, 0x21, 0x08,
    0x41, 0x00, 0x21, 0x09, 0x02, 0x40, 0x03, 0x40, 0x20, 0x09, 0x41, 0x01,
    0x71, 0x0d, 0x01, 0x02, 0x40, 0x02, 0x40, 0x20, 0x02, 0x20, 0x08, 0x49,
    0x0d, 0x00, 0x03, 0x40, 0x20, 0x01, 0x20, 0x08, 0x6a, 0x21, 0x09, 0x02,
    0x40, 0x02, 0x40, 0x02, 0x40, 0x02, 0x40, 0x02, 0x40, 0x02, 0x40, 0x20,
    0x02, 0x20, 0x08, 0x6b, 0x22, 0x0a, 0x41, 0x07, 0x4b, 0x0d, 0x00, 0x20,
    0x02, 0x20, 0x08, 0x47, 0x0d, 0x01, 0x20, 0x02, 0x21, 0x08, 0x0c, 0x07,
    0x0b, 0x20, 0x09, 0x41, 0x03, 0x6a, 0x41, 0x7c, 0x71, 0x22, 0x00, 0x20,
    0x09, 0x46, 0x0d, 0x01, 0x20, 0x00, 0x20, 0x09, 0x6b, 0x21, 0x0b, 0x41,
    0x00, 0x21, 0x00, 0x03, 0x40, 0x20, 0x09, 0x20, 0x00, 0x6a, 0x2d, 0x00,
    0x00, 0x41, 0x0a, 0x46, 0x0d, 0x05, 0x20, 0x0b, 0x20, 0x00, 0x41, 0x01,
    0x6a, 0x22, 0x00, 0x47, 0x0d, 0x00, 0x0b, 0x20, 0x0b, 0x20, 0x0a, 0x41,
    0x78, 0x6a, 0x22, 0x0c, 0x4b, 0x0d, 0x03, 0x0c, 0x02, 0x0b, 0x41, 0x00,
    0x21, 0x00, 0x03, 0x40, 0x20, 0x09, 0x20, 0x00, 0x6a, 0x2d, 0x00, 0x00,
    0x41, 0x0a, 0x46, 0x0d, 0x04, 0x20, 0x0a, 0x20, 0x00, 0x41, 0x01, 0x6a,
    0x22, 0x00, 0x47, 0x0d, 0x00, 0x0b, 0x20, 0x02, 0x21, 0x08, 0x0c, 0x05,
    0x0b, 0x20, 0x0a, 0x41, 0x78, 0x6a, 0x21, 0x0c, 0x41, 0x00, 0x21, 0x0b,
    0x0b, 0x03, 0x40, 0x41, 0x80, 0x82, 0x84, 0x08, 0x20, 0x09, 0x20, 0x0b,
    0x6a, 0x22, 0x00, 0x28, 0x02, 0x00, 0x22, 0x0d, 0x41, 0x8a, 0x94, 0xa8,
    0xd0, 0x00, 0x73, 0x6b, 0x20, 0x0d, 0x72, 0x41, 0x80, 0x82, 0x84, 0x08,
    0x20, 0x00, 0x41, 0x04, 0x6a, 0x28, 0x02, 0x00, 0x22, 0x00, 0x41, 0x8a,
    0x94, 0xa8, 0xd0, 0x00, 0x73, 0x6b, 0x20, 0x00, 0x72, 0x71, 0x41, 0x80,
    0x81, 0x82, 0x84, 0x78, 0x71, 0x41, 0x80, 0x81, 0x82, 0x84, 0x78, 0x47,
    0x0d, 0x01, 0x20, 0x0b, 0x41, 0x08, 0x6a, 0x22, 0x0b, 0x20, 0x0c, 0x4d,
    0x0d, 0x00, 0x0b, 0x0b, 0x02, 0x40, 0x20, 0x0a, 0x20, 0x0b, 0x47, 0x0d,
    0x00, 0x20, 0x02, 0x21, 0x08, 0x0c, 0x03, 0x0b, 0x20, 0x09, 0x20, 0x0b,
    0x6a, 0x21, 0x0d, 0x20, 0x02, 0x20, 0x0b, 0x6b, 0x20, 0x08, 0x6b, 0x21,
    0x0a, 0x41, 0x00, 0x21, 0x00, 0x02, 0x40, 0x03, 0x40, 0x20, 0x0d, 0x20,
    0x00, 0x6a, 0x2d, 0x00, 0x00, 0x41, 0x0a, 0x46, 0x0d, 0x01, 0x20, 0x0a,
    0x20, 0x00, 0x41, 0x01, 0x6a, 0x22, 0x00, 0x47, 0x0d, 0x00, 0x0b, 0x20,
    0x02, 0x21, 0x08, 0x0c, 0x03, 0x0b, 0x20, 0x00, 0x20, 0x0b, 0x6a, 0x21,
    0x00, 0x0b, 0x20, 0x08, 0x20, 0x00, 0x6a, 0x22, 0x0b, 0x41, 0x01, 0x6a,
    0x21, 0x08, 0x02, 0x40, 0x20, 0x0b, 0x20, 0x02, 0x4f, 0x0d, 0x00, 0x20,
    0x09, 0x20, 0x00, 0x6a, 0x2d, 0x00, 0x00, 0x41, 0x0a, 0x47, 0x0d, 0x00,
    0x41, 0x00, 0x21, 0x09, 0x20, 0x08, 0x21, 0x0d, 0x20, 0x08, 0x21, 0x00,
    0x0c, 0x03, 0x0b, 0x20, 0x02, 0x20, 0x08, 0x4f, 0x0d, 0x00, 0x0b, 0x0b,
    0x20, 0x02, 0x20, 0x07, 0x46, 0x0d, 0x02, 0x41, 0x01, 0x21, 0x09, 0x20,
    0x07, 0x21, 0x0d, 0x20, 0x02, 0x21, 0x00, 0x0b, 0x02, 0x40, 0x02, 0x40,
    0x20, 0x05, 0x2d, 0x00, 0x00, 0x45, 0x0d, 0x00, 0x20, 0x04, 0x41, 0xfa,
    0xb1, 0xc0, 0x80, 0x00, 0x41, 0x04, 0x20, 0x03, 0x28, 0x02, 0x0c, 0x11,
    0x82, 0x80, 0x80, 0x80, 0x00, 0x80, 0x80, 0x80, 0x80, 0x00, 0x0d, 0x01,
    0x0b, 0x20, 0x00, 0x20, 0x07, 0x6b, 0x21, 0x0a, 0x41, 0x00, 0x21, 0x0b,
    0x02, 0x40, 0x20, 0x00, 0x20, 0x07, 0x46, 0x0d, 0x00, 0x20, 0x01, 0x20,
    0x00, 0x6a, 0x41, 0x7f, 0x6a, 0x2d, 0x00, 0x00, 0x41, 0x0a, 0x46, 0x21,
    0x0b, 0x0b, 0x20, 0x01, 0x20, 0x07, 0x6a, 0x21, 0x00, 0x20, 0x05, 0x20,
    0x0b, 0x3a, 0x00, 0x00, 0x20, 0x0d, 0x21, 0x07, 0x20, 0x04, 0x20, 0x00,
    0x20, 0x0a, 0x20, 0x03, 0x28, 0x02, 0x0c, 0x11, 0x82, 0x80, 0x80, 0x80,
    0x00, 0x80, 0x80, 0x80, 0x80, 0x00, 0x45, 0x0d, 0x01, 0x0b, 0x0b, 0x41,
    0x01, 0x21, 0x06, 0x0b, 0x20, 0x06, 0x0b, 0x60, 0x01, 0x02, 0x7f, 0x20,
    0x00, 0x28, 0x02, 0x04, 0x21, 0x02, 0x20, 0x00, 0x28, 0x02, 0x00, 0x21,
    0x03, 0x02, 0x40, 0x20, 0x00, 0x28, 0x02, 0x08, 0x22, 0x00, 0x2d, 0x00,
    0x00, 0x45, 0x0d, 0x00, 0x20, 0x03, 0x41, 0xfa, 0xb1, 0xc0, 0x80, 0x00,
    0x41, 0x04, 0x20, 0x02, 0x28, 0x02, 0x0c, 0x11, 0x82, 0x80, 0x80, 0x80,
    0x00, 0x80, 0x80, 0x80, 0x80, 0x00, 0x45, 0x0d, 0x00, 0x41, 0x01, 0x0f,
    0x0b, 0x20, 0x00, 0x20, 0x01, 0x41, 0x0a, 0x46, 0x3a, 0x00, 0x00, 0x20,
    0x03, 0x20, 0x01, 0x20, 0x02, 0x28, 0x02, 0x10, 0x11, 0x83, 0x80, 0x80,
    0x80, 0x00, 0x80, 0x80, 0x80, 0x80, 0x00, 0x0b, 0x14, 0x00, 0x20, 0x00,
    0x41, 0xf0, 0xa0, 0xc0, 0x80, 0x00, 0x20, 0x01, 0x20, 0x02, 0x10, 0xaf,
    0x80, 0x80, 0x80, 0x00, 0x0b, 0x89, 0x05, 0x02, 0x08, 0x7f, 0x01, 0x7e,
    0x41, 0x2b, 0x41, 0x7f, 0x20, 0x00, 0x28, 0x02, 0x08, 0x22, 0x06, 0x41,
    0x80, 0x80, 0x80, 0x01, 0x71, 0x22, 0x07, 0x1b, 0x21, 0x08, 0x20, 0x07,
    0x41, 0x15, 0x76, 0x41, 0x01, 0x20, 0x01, 0x1b, 0x20, 0x05, 0x6a, 0x21,
    0x09, 0x02, 0x40, 0x02, 0x40, 0x20, 0x06, 0x41, 0x80, 0x80, 0x80, 0x04,
    0x71, 0x0d, 0x00, 0x41, 0x00, 0x21, 0x02, 0x0c, 0x01, 0x0b, 0x41, 0x00,
    0x21, 0x0a, 0x02, 0x40, 0x20, 0x03, 0x45, 0x0d, 0x00, 0x20, 0x02, 0x21,
    0x07, 0x20, 0x03, 0x21, 0x0b, 0x03, 0x40, 0x20, 0x0a, 0x20, 0x07, 0x2c,
    0x00, 0x00, 0x41, 0xbf, 0x7f, 0x4a, 0x6a, 0x21, 0x0a, 0x20, 0x07, 0x41,
    0x01, 0x6a, 0x21, 0x07, 0x20, 0x0b, 0x41, 0x7f, 0x6a, 0x22, 0x0b, 0x0d,
    0x00, 0x0b, 0x0b, 0x20, 0x0a, 0x20, 0x09, 0x6a, 0x21, 0x09, 0x0b, 0x20,
    0x08, 0x41, 0x2d, 0x20, 0x01, 0x1b, 0x21, 0x0c, 0x02, 0x40, 0x02, 0x40,
    0x20, 0x09, 0x20, 0x00, 0x2f, 0x01, 0x0c, 0x22, 0x08, 0x4f, 0x0d, 0x00,
    0x02, 0x40, 0x02, 0x40, 0x02, 0x40, 0x20, 0x06, 0x41, 0x80, 0x80, 0x80,
    0x08, 0x71, 0x0d, 0x00, 0x20, 0x08, 0x20, 0x09, 0x6b, 0x21, 0x0d, 0x41,
    0x00, 0x21, 0x07, 0x41, 0x00, 0x21, 0x08, 0x02, 0x40, 0x02, 0x40, 0x02,
    0x40, 0x20, 0x06, 0x41, 0x1d, 0x76, 0x41, 0x03, 0x71, 0x0e, 0x04, 0x02,
    0x00, 0x01, 0x00, 0x02, 0x0b, 0x20, 0x0d, 0x21, 0x08, 0x0c, 0x01, 0x0b,
    0x20, 0x0d, 0x41, 0xfe, 0xff, 0x03, 0x71, 0x41, 0x01, 0x76, 0x21, 0x08,
    0x0b, 0x20, 0x06, 0x41, 0xff, 0xff, 0xff, 0x00, 0x71, 0x21, 0x01, 0x20,
    0x00, 0x28, 0x02, 0x04, 0x21, 0x09, 0x20, 0x00, 0x28, 0x02, 0x00, 0x21,
    0x0b, 0x03, 0x40, 0x20, 0x07, 0x41, 0xff, 0xff, 0x03, 0x71, 0x20, 0x08,
    0x41, 0xff, 0xff, 0x03, 0x71, 0x4f, 0x0d, 0x02, 0x41, 0x01, 0x21, 0x0a,
    0x20, 0x07, 0x41, 0x01, 0x6a, 0x21, 0x07, 0x20, 0x0b, 0x20, 0x01, 0x20,
    0x09, 0x28, 0x02, 0x10, 0x11, 0x83, 0x80, 0x80, 0x80, 0x00, 0x80, 0x80,
    0x80, 0x80, 0x00, 0x45, 0x0d, 0x00, 0x0c, 0x05, 0x0b, 0x0b, 0x20, 0x00,
    0x20, 0x00, 0x29, 0x02, 0x08, 0x22, 0x0e, 0xa7, 0x41, 0x80, 0x80, 0x80,
    0xff, 0x79, 0x71, 0x41, 0xb0, 0x80, 0x80, 0x80, 0x02, 0x72, 0x36, 0x02,
    0x08, 0x41, 0x01, 0x21, 0x0a, 0x20, 0x00, 0x28, 0x02, 0x00, 0x22, 0x0b,
    0x20, 0x00, 0x28, 0x02, 0x04, 0x22, 0x01, 0x20, 0x0c, 0x20, 0x02, 0x20,
    0x03, 0x10, 0xb5, 0x80, 0x80, 0x80, 0x00, 0x0d, 0x03, 0x41, 0x00, 0x21,
    0x07, 0x20, 0x08, 0x20, 0x09, 0x6b, 0x41, 0xff, 0xff, 0x03, 0x71, 0x21,
    0x09, 0x03, 0x40, 0x20, 0x07, 0x41, 0xff, 0xff, 0x03, 0x71, 0x20, 0x09,
    0x4f, 0x0d, 0x02, 0x41, 0x01, 0x21, 0x0a, 0x20, 0x07, 0x41, 0x01, 0x6a,
    0x21, 0x07, 0x20, 0x0b, 0x41, 0x30, 0x20, 0x01, 0x28, 0x02, 0x10, 0x11,
    0x83, 0x80, 0x80, 0x80, 0x00, 0x80, 0x80, 0x80, 0x80, 0x00, 0x45, 0x0d,
    0x00, 0x0c, 0x04, 0x0b, 0x0b, 0x41, 0x01, 0x21, 0x0a, 0x20, 0x0b, 0x20,
    0x09, 0x20, 0x0c, 0x20, 0x02, 0x20, 0x03, 0x10, 0xb5, 0x80, 0x80, 0x80,
    0x00, 0x0d, 0x02, 0x20, 0x0b, 0x20, 0x04, 0x20, 0x05, 0x20, 0x09, 0x28,
    0x02, 0x0c, 0x11, 0x82, 0x80, 0x80, 0x80, 0x00, 0x80, 0x80, 0x80, 0x80,
    0x00, 0x0d, 0x02, 0x20, 0x0d, 0x20, 0x08, 0x6b, 0x41, 0xff, 0xff, 0x03,
    0x71, 0x21, 0x00, 0x41, 0x00, 0x21, 0x07, 0x03, 0x40, 0x02, 0x40, 0x20,
    0x07, 0x41, 0xff, 0xff, 0x03, 0x71, 0x20, 0x00, 0x49, 0x0d, 0x00, 0x41,
    0x00, 0x0f, 0x0b, 0x41, 0x01, 0x21, 0x0a, 0x20, 0x07, 0x41, 0x01, 0x6a,
    0x21, 0x07, 0x20, 0x0b, 0x20, 0x01, 0x20, 0x09, 0x28, 0x02, 0x10, 0x11,
    0x83, 0x80, 0x80, 0x80, 0x00, 0x80, 0x80, 0x80, 0x80, 0x00, 0x45, 0x0d,
    0x00, 0x0c, 0x03, 0x0b, 0x0b, 0x41, 0x01, 0x21, 0x0a, 0x20, 0x0b, 0x20,
    0x04, 0x20, 0x05, 0x20, 0x01, 0x28, 0x02, 0x0c, 0x11, 0x82, 0x80, 0x80,
    0x80, 0x00, 0x80, 0x80, 0x80, 0x80, 0x00, 0x0d, 0x01, 0x20, 0x00, 0x20,
    0x0e, 0x37, 0x02, 0x08, 0x41, 0x00, 0x0f, 0x0b, 0x41, 0x01, 0x21, 0x0a,
    0x20, 0x00, 0x28, 0x02, 0x00, 0x22, 0x07, 0x20, 0x00, 0x28, 0x02, 0x04,
    0x22, 0x0b, 0x20, 0x0c, 0x20, 0x02, 0x20, 0x03, 0x10, 0xb5, 0x80, 0x80,
    0x80, 0x00, 0x0d, 0x00, 0x20, 0x07, 0x20, 0x04, 0x20, 0x05, 0x20, 0x0b,
    0x28, 0x02, 0x0c, 0x11, 0x82, 0x80, 0x80, 0x80, 0x00, 0x80, 0x80, 0x80,
    0x80, 0x00, 0x21, 0x0a, 0x0b, 0x20, 0x0a, 0x0b, 0x46, 0x00, 0x02, 0x40,
    0x20, 0x02, 0x41, 0x7f, 0x46, 0x0d, 0x00, 0x20, 0x00, 0x20, 0x02, 0x20,
    0x01, 0x28, 0x02, 0x10, 0x11, 0x83, 0x80, 0x80, 0x80, 0x00, 0x80, 0x80,
    0x80, 0x80, 0x00, 0x45, 0x0d, 0x00, 0x41, 0x01, 0x0f, 0x0b, 0x02, 0x40,
    0x20, 0x03, 0x0d, 0x00, 0x41, 0x00, 0x0f, 0x0b, 0x20, 0x00, 0x20, 0x03,
    0x20, 0x04, 0x20, 0x01, 0x28, 0x02, 0x0c, 0x11, 0x82, 0x80, 0x80, 0x80,
    0x00, 0x80, 0x80, 0x80, 0x80, 0x00, 0x0b, 0xc4, 0x02, 0x03, 0x02, 0x7f,
    0x03, 0x7e, 0x02, 0x7f, 0x23, 0x80, 0x80, 0x80, 0x80, 0x00, 0x41, 0x20,
    0x6b, 0x22, 0x02, 0x24, 0x80, 0x80, 0x80, 0x80, 0x00, 0x41, 0x14, 0x21,
    0x03, 0x20, 0x00, 0x29, 0x03, 0x00, 0x22, 0x04, 0x21, 0x05, 0x02, 0x40,
    0x20, 0x04, 0x42, 0xe8, 0x07, 0x54, 0x0d, 0x00, 0x41, 0x14, 0x21, 0x03,
    0x20, 0x04, 0x21, 0x05, 0x03, 0x40, 0x20, 0x02, 0x41, 0x0c, 0x6a, 0x20,
    0x03, 0x6a, 0x22, 0x00, 0x41, 0x7c, 0x6a, 0x20, 0x05, 0x22, 0x06, 0x20,
    0x06, 0x42, 0x90, 0xce, 0x00, 0x80, 0x22, 0x05, 0x42, 0x90, 0xce, 0x00,
    0x7e, 0x7d, 0xa7, 0x22, 0x07, 0x41, 0xff, 0xff, 0x03, 0x71, 0x41, 0xe4,
    0x00, 0x6e, 0x22, 0x08, 0x41, 0x01, 0x74, 0x2f, 0x00, 0xb5, 0xa1, 0xc0,
    0x80, 0x00, 0x3b, 0x00, 0x00, 0x20, 0x00, 0x41, 0x7e, 0x6a, 0x20, 0x07,
    0x20, 0x08, 0x41, 0xe4, 0x00, 0x6c, 0x6b, 0x41, 0xff, 0xff, 0x03, 0x71,
    0x41, 0x01, 0x74, 0x2f, 0x00, 0xb5, 0xa1, 0xc0, 0x80, 0x00, 0x3b, 0x00,
    0x00, 0x20, 0x03, 0x41, 0x7c, 0x6a, 0x21, 0x03, 0x20, 0x06, 0x42, 0xff,
    0xac, 0xe2, 0x04, 0x56, 0x0d, 0x00, 0x0b, 0x0b, 0x02, 0x40, 0x20, 0x05,
    0x42, 0x09, 0x58, 0x0d, 0x00, 0x20, 0x02, 0x41, 0x0c, 0x6a, 0x20, 0x03,
    0x41, 0x7e, 0x6a, 0x22, 0x03, 0x6a, 0x20, 0x05, 0xa7, 0x22, 0x00, 0x20,
    0x00, 0x41, 0xff, 0xff, 0x03, 0x71, 0x41, 0xe4, 0x00, 0x6e, 0x22, 0x00,
    0x41, 0xe4, 0x00, 0x6c, 0x6b, 0x41, 0xff, 0xff, 0x03, 0x71, 0x41, 0x01,
    0x74, 0x2f, 0x00, 0xb5, 0xa1, 0xc0, 0x80, 0x00, 0x3b, 0x00, 0x00, 0x20,
    0x00, 0xad, 0x21, 0x05, 0x0b, 0x02, 0x40, 0x02, 0x40, 0x20, 0x04, 0x50,
    0x0d, 0x00, 0x20, 0x05, 0x50, 0x0d, 0x01, 0x0b, 0x20, 0x02, 0x41, 0x0c,
    0x6a, 0x20, 0x03, 0x41, 0x7f, 0x6a, 0x22, 0x03, 0x6a, 0x20, 0x05, 0xa7,
    0x41, 0x01, 0x74, 0x2d, 0x00, 0xb6, 0xa1, 0xc0, 0x80, 0x00, 0x3a, 0x00,
    0x00, 0x0b, 0x20, 0x01, 0x41, 0x01, 0x41, 0x01, 0x41, 0x00, 0x20, 0x02,
    0x41, 0x0c, 0x6a, 0x20, 0x03, 0x6a, 0x41, 0x14, 0x20, 0x03, 0x6b, 0x10,
    0xb4, 0x80, 0x80, 0x80, 0x00, 0x21, 0x03, 0x20, 0x02, 0x41, 0x20, 0x6a,
    0x24, 0x80, 0x80, 0x80, 0x80, 0x00, 0x20, 0x03, 0x0b, 0xdb, 0x02, 0x01,
    0x05, 0x7f, 0x41, 0x00, 0x21, 0x01, 0x41, 0x00, 0x41, 0x10, 0x20, 0x00,
    0x41, 0xab, 0x9d, 0x04, 0x49, 0x1b, 0x22, 0x02, 0x20, 0x02, 0x41, 0x08,
    0x72, 0x22, 0x02, 0x20, 0x02, 0x41, 0x02, 0x74, 0x28, 0x02, 0xf4, 0xb0,
    0xc0, 0x80, 0x00, 0x41, 0x0b, 0x74, 0x20, 0x00, 0x41, 0x0b, 0x74, 0x22,
    0x02, 0x4b, 0x1b, 0x22, 0x03, 0x20, 0x03, 0x41, 0x04, 0x72, 0x22, 0x03,
    0x20, 0x03, 0x41, 0x02, 0x74, 0x28, 0x02, 0xf4, 0xb0, 0xc0, 0x80, 0x00,
    0x41, 0x0b, 0x74, 0x20, 0x02, 0x4b, 0x1b, 0x22, 0x03, 0x20, 0x03, 0x41,
    0x02, 0x72, 0x22, 0x03, 0x20, 0x03, 0x41, 0x02, 0x74, 0x28, 0x02, 0xf4,
    0xb0, 0xc0, 0x80, 0x00, 0x41, 0x0b, 0x74, 0x20, 0x02, 0x4b, 0x1b, 0x22,
    0x03, 0x20, 0x03, 0x41, 0x01, 0x6a, 0x22, 0x03, 0x20, 0x03, 0x41, 0x02,
    0x74, 0x28, 0x02, 0xf4, 0xb0, 0xc0, 0x80, 0x00, 0x41, 0x0b, 0x74, 0x20,
    0x02, 0x4b, 0x1b, 0x22, 0x03, 0x20, 0x03, 0x41, 0x01, 0x6a, 0x22, 0x03,
    0x20, 0x03, 0x41, 0x02, 0x74, 0x28, 0x02, 0xf4, 0xb0, 0xc0, 0x80, 0x00,
    0x41, 0x0b, 0x74, 0x20, 0x02, 0x4b, 0x1b, 0x22, 0x03, 0x41, 0x02, 0x74,
    0x28, 0x02, 0xf4, 0xb0, 0xc0, 0x80, 0x00, 0x41, 0x0b, 0x74, 0x22, 0x04,
    0x20, 0x02, 0x46, 0x20, 0x04, 0x20, 0x02, 0x49, 0x6a, 0x20, 0x03, 0x6a,
    0x22, 0x03, 0x41, 0x02, 0x74, 0x22, 0x02, 0x41, 0xf4, 0xb0, 0xc0, 0x80,
    0x00, 0x6a, 0x21, 0x05, 0x20, 0x02, 0x28, 0x02, 0xf4, 0xb0, 0xc0, 0x80,
    0x00, 0x41, 0x15, 0x76, 0x21, 0x02, 0x41, 0xff, 0x05, 0x21, 0x04, 0x02,
    0x40, 0x02, 0x40, 0x20, 0x03, 0x41, 0x1f, 0x4b, 0x0d, 0x00, 0x20, 0x05,
    0x28, 0x02, 0x04, 0x41, 0x15, 0x76, 0x21, 0x04, 0x20, 0x03, 0x45, 0x0d,
    0x01, 0x0b, 0x20, 0x05, 0x41, 0x7c, 0x6a, 0x28, 0x02, 0x00, 0x41, 0xff,
    0xff, 0xff, 0x00, 0x71, 0x21, 0x01, 0x0b, 0x02, 0x40, 0x20, 0x04, 0x20,
    0x02, 0x41, 0x7f, 0x73, 0x6a, 0x45, 0x0d, 0x00, 0x20, 0x00, 0x20, 0x01,
    0x6b, 0x21, 0x03, 0x20, 0x04, 0x41, 0x7f, 0x6a, 0x21, 0x04, 0x41, 0x00,
    0x21, 0x00, 0x03, 0x40, 0x20, 0x00, 0x20, 0x02, 0x41, 0xe0, 0x94, 0xc0,
    0x80, 0x00, 0x6a, 0x2d, 0x00, 0x00, 0x6a, 0x22, 0x00, 0x20, 0x03, 0x4b,
    0x0d, 0x01, 0x20, 0x04, 0x20, 0x02, 0x41, 0x01, 0x6a, 0x22, 0x02, 0x47,
    0x0d, 0x00, 0x0b, 0x0b, 0x20, 0x02, 0x41, 0x01, 0x71, 0x0b, 0x0b, 0x00,
    0x20, 0x00, 0x10, 0xb9, 0x80, 0x80, 0x80, 0x00, 0x00, 0x0b, 0x14, 0x00,
    0x41, 0x88, 0xa1, 0xc0, 0x80, 0x00, 0x41, 0xd7, 0x00, 0x20, 0x00, 0x10,
    0x9e, 0x80, 0x80, 0x80, 0x00, 0x00, 0x0b, 0xb3, 0x03, 0x01, 0x04, 0x7f,
    0x23, 0x80, 0x80, 0x80, 0x80, 0x00, 0x41, 0x20, 0x6b, 0x22, 0x05, 0x24,
    0x80, 0x80, 0x80, 0x80, 0x00, 0x41, 0x01, 0x21, 0x06, 0x02, 0x40, 0x20,
    0x00, 0x2d, 0x00, 0x04, 0x0d, 0x00, 0x20, 0x00, 0x2d, 0x00, 0x05, 0x21,
    0x07, 0x02, 0x40, 0x20, 0x00, 0x28, 0x02, 0x00, 0x22, 0x08, 0x2d, 0x00,
    0x0a, 0x41, 0x80, 0x01, 0x71, 0x0d, 0x00, 0x41, 0x01, 0x21, 0x06, 0x20,
    0x08, 0x28, 0x02, 0x00, 0x41, 0xf2, 0x9a, 0xc0, 0x80, 0x00, 0x41, 0xef,
    0x9a, 0xc0, 0x80, 0x00, 0x20, 0x07, 0x41, 0x01, 0x71, 0x22, 0x07, 0x1b,
    0x41, 0x02, 0x41, 0x03, 0x20, 0x07, 0x1b, 0x20, 0x08, 0x28, 0x02, 0x04,
    0x28, 0x02, 0x0c, 0x11, 0x82, 0x80, 0x80, 0x80, 0x00, 0x80, 0x80, 0x80,
    0x80, 0x00, 0x0d, 0x01, 0x20, 0x08, 0x28, 0x02, 0x00, 0x20, 0x01, 0x20,
    0x02, 0x20, 0x08, 0x28, 0x02, 0x04, 0x28, 0x02, 0x0c, 0x11, 0x82, 0x80,
    0x80, 0x80, 0x00, 0x80, 0x80, 0x80, 0x80, 0x00, 0x0d, 0x01, 0x20, 0x08,
    0x28, 0x02, 0x00, 0x41, 0xf4, 0x9a, 0xc0, 0x80, 0x00, 0x41, 0x02, 0x20,
    0x08, 0x28, 0x02, 0x04, 0x28, 0x02, 0x0c, 0x11, 0x82, 0x80, 0x80, 0x80,
    0x00, 0x80, 0x80, 0x80, 0x80, 0x00, 0x0d, 0x01, 0x20, 0x03, 0x20, 0x08,
    0x20, 0x04, 0x11, 0x83, 0x80, 0x80, 0x80, 0x00, 0x80, 0x80, 0x80, 0x80,
    0x00, 0x21, 0x06, 0x0c, 0x01, 0x0b, 0x41, 0x01, 0x21, 0x06, 0x02, 0x40,
    0x20, 0x07, 0x41, 0x01, 0x71, 0x0d, 0x00, 0x20, 0x08, 0x28, 0x02, 0x00,
    0x41, 0xf6, 0x9a, 0xc0, 0x80, 0x00, 0x41, 0x03, 0x20, 0x08, 0x28, 0x02,
    0x04, 0x28, 0x02, 0x0c, 0x11, 0x82, 0x80, 0x80, 0x80, 0x00, 0x80, 0x80,
    0x80, 0x80, 0x00, 0x0d, 0x01, 0x0b, 0x41, 0x01, 0x21, 0x06, 0x20, 0x05,
    0x41, 0x01, 0x3a, 0x00, 0x0f, 0x20, 0x05, 0x41, 0xf0, 0xa0, 0xc0, 0x80,
    0x00, 0x36, 0x02, 0x14, 0x20, 0x05, 0x20, 0x08, 0x29, 0x02, 0x00, 0x37,
    0x02, 0x00, 0x20, 0x05, 0x20, 0x08, 0x29, 0x02, 0x08, 0x37, 0x02, 0x18,
    0x20, 0x05, 0x20, 0x05, 0x41, 0x0f, 0x6a, 0x36, 0x02, 0x08, 0x20, 0x05,
    0x20, 0x05, 0x36, 0x02, 0x10, 0x20, 0x05, 0x20, 0x01, 0x20, 0x02, 0x10,
    0xb1, 0x80, 0x80, 0x80, 0x00, 0x0d, 0x00, 0x20, 0x05, 0x41, 0xf4, 0x9a,
    0xc0, 0x80, 0x00, 0x41, 0x02, 0x10, 0xb1, 0x80, 0x80, 0x80, 0x00, 0x0d,
    0x00, 0x02, 0x40, 0x20, 0x03, 0x20, 0x05, 0x41, 0x10, 0x6a, 0x20, 0x04,
    0x11, 0x83, 0x80, 0x80, 0x80, 0x00, 0x80, 0x80, 0x80, 0x80, 0x00, 0x45,
    0x0d, 0x00, 0x41, 0x01, 0x21, 0x06, 0x0c, 0x01, 0x0b, 0x20, 0x05, 0x28,
    0x02, 0x10, 0x41, 0xf9, 0x9a, 0xc0, 0x80, 0x00, 0x41, 0x02, 0x20, 0x05,
    0x28, 0x02, 0x14, 0x28, 0x02, 0x0c, 0x11, 0x82, 0x80, 0x80, 0x80, 0x00,
    0x80, 0x80, 0x80, 0x80, 0x00, 0x21, 0x06, 0x0b, 0x20, 0x00, 0x41, 0x01,
    0x3a, 0x00, 0x05, 0x20, 0x00, 0x20, 0x06, 0x3a, 0x00, 0x04, 0x20, 0x05,
    0x41, 0x20, 0x6a, 0x24, 0x80, 0x80, 0x80, 0x80, 0x00, 0x20, 0x00, 0x0b,
    0xc9, 0x09, 0x02, 0x02, 0x7f, 0x01, 0x7e, 0x23, 0x80, 0x80, 0x80, 0x80,
    0x00, 0x41, 0x30, 0x6b, 0x22, 0x05, 0x24, 0x80, 0x80, 0x80, 0x80, 0x00,
    0x20, 0x05, 0x20, 0x03, 0x36, 0x02, 0x04, 0x20, 0x05, 0x20, 0x02, 0x36,
    0x02, 0x00, 0x20, 0x05, 0x20, 0x01, 0x36, 0x02, 0x08, 0x02, 0x40, 0x02,
    0x40, 0x02, 0x40, 0x02, 0x40, 0x02, 0x40, 0x02, 0x40, 0x02, 0x40, 0x02,
    0x40, 0x20, 0x02, 0x20, 0x01, 0x4b, 0x0d, 0x00, 0x20, 0x03, 0x20, 0x01,
    0x4b, 0x0d, 0x01, 0x20, 0x02, 0x20, 0x03, 0x4b, 0x0d, 0x02, 0x20, 0x02,
    0x45, 0x0d, 0x04, 0x20, 0x02, 0x20, 0x01, 0x4f, 0x0d, 0x04, 0x20, 0x00,
    0x20, 0x02, 0x6a, 0x2c, 0x00, 0x00, 0x41, 0xbf, 0x7f, 0x4a, 0x0d, 0x04,
    0x20, 0x02, 0x21, 0x06, 0x02, 0x40, 0x03, 0x40, 0x20, 0x00, 0x20, 0x06,
    0x6a, 0x2c, 0x00, 0x00, 0x41, 0xbf, 0x7f, 0x4a, 0x0d, 0x01, 0x20, 0x06,
    0x41, 0x7f, 0x6a, 0x22, 0x06, 0x0d, 0x00, 0x0b, 0x41, 0x00, 0x21, 0x06,
    0x0b, 0x03, 0x40, 0x20, 0x00, 0x20, 0x02, 0x6a, 0x2c, 0x00, 0x00, 0x41,
    0xbf, 0x7f, 0x4a, 0x0d, 0x04, 0x20, 0x01, 0x20, 0x02, 0x41, 0x01, 0x6a,
    0x22, 0x02, 0x47, 0x0d, 0x00, 0x0b, 0x20, 0x01, 0x21, 0x02, 0x0c, 0x03,
    0x0b, 0x20, 0x05, 0x41, 0x83, 0x80, 0x80, 0x80, 0x00, 0xad, 0x42, 0x20,
    0x86, 0x22, 0x07, 0x20, 0x05, 0x41, 0x08, 0x6a, 0xad, 0x84, 0x37, 0x03,
    0x20, 0x20, 0x05, 0x20, 0x07, 0x20, 0x05, 0xad, 0x84, 0x37, 0x03, 0x18,
    0x41, 0xff, 0x80, 0xc0, 0x80, 0x00, 0x20, 0x05, 0x41, 0x18, 0x6a, 0x20,
    0x04, 0x10, 0x9e, 0x80, 0x80, 0x80, 0x00, 0x00, 0x0b, 0x20, 0x05, 0x41,
    0x83, 0x80, 0x80, 0x80, 0x00, 0xad, 0x42, 0x20, 0x86, 0x22, 0x07, 0x20,
    0x05, 0x41, 0x08, 0x6a, 0xad, 0x84, 0x37, 0x03, 0x20, 0x20, 0x05, 0x20,
    0x07, 0x20, 0x05, 0x41, 0x04, 0x6a, 0xad, 0x84, 0x37, 0x03, 0x18, 0x41,
    0xbc, 0x81, 0xc0, 0x80, 0x00, 0x20, 0x05, 0x41, 0x18, 0x6a, 0x20, 0x04,
    0x10, 0x9e, 0x80, 0x80, 0x80, 0x00, 0x00, 0x0b, 0x20, 0x05, 0x41, 0x83,
    0x80, 0x80, 0x80, 0x00, 0xad, 0x42, 0x20, 0x86, 0x22, 0x07, 0x20, 0x05,
    0x41, 0x04, 0x6a, 0xad, 0x84, 0x37, 0x03, 0x20, 0x20, 0x05, 0x20, 0x07,
    0x20, 0x05, 0xad, 0x84, 0x37, 0x03, 0x18, 0x41, 0xd8, 0x80, 0xc0, 0x80,
    0x00, 0x20, 0x05, 0x41, 0x18, 0x6a, 0x20, 0x04, 0x10, 0x9e, 0x80, 0x80,
    0x80, 0x00, 0x00, 0x0b, 0x20, 0x05, 0x20, 0x06, 0x36, 0x02, 0x0c, 0x20,
    0x05, 0x20, 0x02, 0x36, 0x02, 0x10, 0x02, 0x40, 0x20, 0x06, 0x20, 0x02,
    0x4b, 0x0d, 0x00, 0x02, 0x40, 0x20, 0x06, 0x45, 0x0d, 0x00, 0x02, 0x40,
    0x20, 0x06, 0x20, 0x01, 0x49, 0x0d, 0x00, 0x20, 0x06, 0x20, 0x01, 0x46,
    0x0d, 0x01, 0x0c, 0x02, 0x0b, 0x20, 0x00, 0x20, 0x06, 0x6a, 0x2c, 0x00,
    0x00, 0x41, 0x40, 0x48, 0x0d, 0x01, 0x0b, 0x02, 0x40, 0x02, 0x40, 0x20,
    0x02, 0x20, 0x01, 0x49, 0x0d, 0x00, 0x20, 0x02, 0x20, 0x01, 0x47, 0x0d,
    0x02, 0x0c, 0x01, 0x0b, 0x20, 0x00, 0x20, 0x02, 0x6a, 0x2c, 0x00, 0x00,
    0x41, 0xbf, 0x7f, 0x4c, 0x0d, 0x01, 0x0b, 0x20, 0x06, 0x20, 0x02, 0x46,
    0x0d, 0x02, 0x02, 0x40, 0x02, 0x40, 0x20, 0x00, 0x20, 0x06, 0x6a, 0x22,
    0x00, 0x2c, 0x00, 0x00, 0x22, 0x06, 0x41, 0x7f, 0x4c, 0x0d, 0x00, 0x20,
    0x06, 0x41, 0xff, 0x01, 0x71, 0x21, 0x06, 0x0c, 0x01, 0x0b, 0x20, 0x00,
    0x2d, 0x00, 0x01, 0x41, 0x3f, 0x71, 0x21, 0x03, 0x20, 0x06, 0x41, 0x1f,
    0x71, 0x21, 0x02, 0x02, 0x40, 0x20, 0x06, 0x41, 0x5f, 0x4b, 0x0d, 0x00,
    0x20, 0x02, 0x41, 0x06, 0x74, 0x20, 0x03, 0x72, 0x21, 0x06, 0x0c, 0x01,
    0x0b, 0x20, 0x03, 0x41, 0x06, 0x74, 0x20, 0x00, 0x2d, 0x00, 0x02, 0x41,
    0x3f, 0x71, 0x72, 0x21, 0x03, 0x02, 0x40, 0x20, 0x06, 0x41, 0x70, 0x4f,
    0x0d, 0x00, 0x20, 0x03, 0x20, 0x02, 0x41, 0x0c, 0x74, 0x72, 0x21, 0x06,
    0x0c, 0x01, 0x0b, 0x20, 0x03, 0x41, 0x06, 0x74, 0x20, 0x00, 0x2d, 0x00,
    0x03, 0x41, 0x3f, 0x71, 0x72, 0x20, 0x02, 0x41, 0x12, 0x74, 0x41, 0x80,
    0x80, 0xf0, 0x00, 0x71, 0x72, 0x21, 0x06, 0x0b, 0x20, 0x05, 0x20, 0x06,
    0x36, 0x02, 0x14, 0x20, 0x05, 0x41, 0x8b, 0x80, 0x80, 0x80, 0x00, 0xad,
    0x42, 0x20, 0x86, 0x20, 0x05, 0x41, 0x0c, 0x6a, 0xad, 0x84, 0x37, 0x03,
    0x28, 0x20, 0x05, 0x41, 0x8c, 0x80, 0x80, 0x80, 0x00, 0xad, 0x42, 0x20,
    0x86, 0x20, 0x05, 0x41, 0x14, 0x6a, 0xad, 0x84, 0x37, 0x03, 0x20, 0x20,
    0x05, 0x41, 0x83, 0x80, 0x80, 0x80, 0x00, 0xad, 0x42, 0x20, 0x86, 0x20,
    0x05, 0xad, 0x84, 0x37, 0x03, 0x18, 0x41, 0xdc, 0x8d, 0xc0, 0x80, 0x00,
    0x20, 0x05, 0x41, 0x18, 0x6a, 0x20, 0x04, 0x10, 0x9e, 0x80, 0x80, 0x80,
    0x00, 0x00, 0x0b, 0x20, 0x00, 0x20, 0x01, 0x20, 0x06, 0x20, 0x02, 0x20,
    0x04, 0x10, 0xa8, 0x80, 0x80, 0x80, 0x00, 0x00, 0x0b, 0x20, 0x03, 0x45,
    0x0d, 0x02, 0x20, 0x03, 0x20, 0x01, 0x4f, 0x0d, 0x02, 0x20, 0x00, 0x20,
    0x03, 0x6a, 0x2c, 0x00, 0x00, 0x41, 0xbf, 0x7f, 0x4a, 0x0d, 0x02, 0x20,
    0x03, 0x21, 0x06, 0x02, 0x40, 0x03, 0x40, 0x20, 0x00, 0x20, 0x06, 0x6a,
    0x2c, 0x00, 0x00, 0x41, 0xbf, 0x7f, 0x4a, 0x0d, 0x01, 0x20, 0x06, 0x41,
    0x7f, 0x6a, 0x22, 0x06, 0x0d, 0x00, 0x0b, 0x41, 0x00, 0x21, 0x06, 0x0b,
    0x02, 0x40, 0x03, 0x40, 0x20, 0x00, 0x20, 0x03, 0x6a, 0x2c, 0x00, 0x00,
    0x41, 0xbf, 0x7f, 0x4a, 0x0d, 0x01, 0x20, 0x01, 0x20, 0x03, 0x41, 0x01,
    0x6a, 0x22, 0x03, 0x47, 0x0d, 0x00, 0x0b, 0x20, 0x01, 0x21, 0x03, 0x0b,
    0x20, 0x05, 0x20, 0x06, 0x36, 0x02, 0x0c, 0x20, 0x05, 0x20, 0x03, 0x36,
    0x02, 0x10, 0x20, 0x06, 0x20, 0x03, 0x4b, 0x0d, 0x01, 0x02, 0x40, 0x20,
    0x06, 0x45, 0x0d, 0x00, 0x02, 0x40, 0x20, 0x06, 0x20, 0x01, 0x49, 0x0d,
    0x00, 0x20, 0x06, 0x20, 0x01, 0x46, 0x0d, 0x01, 0x0c, 0x03, 0x0b, 0x20,
    0x00, 0x20, 0x06, 0x6a, 0x2c, 0x00, 0x00, 0x41, 0x40, 0x48, 0x0d, 0x02,
    0x0b, 0x02, 0x40, 0x02, 0x40, 0x20, 0x03, 0x20, 0x01, 0x49, 0x0d, 0x00,
    0x20, 0x03, 0x20, 0x01, 0x47, 0x0d, 0x03, 0x0c, 0x01, 0x0b, 0x20, 0x00,
    0x20, 0x03, 0x6a, 0x2c, 0x00, 0x00, 0x41, 0xbf, 0x7f, 0x4c, 0x0d, 0x02,
    0x0b, 0x20, 0x06, 0x20, 0x03, 0x46, 0x0d, 0x00, 0x02, 0x40, 0x02, 0x40,
    0x20, 0x00, 0x20, 0x06, 0x6a, 0x22, 0x00, 0x2c, 0x00, 0x00, 0x22, 0x06,
    0x41, 0x7f, 0x4c, 0x0d, 0x00, 0x20, 0x06, 0x41, 0xff, 0x01, 0x71, 0x21,
    0x06, 0x0c, 0x01, 0x0b, 0x20, 0x00, 0x2d, 0x00, 0x01, 0x41, 0x3f, 0x71,
    0x21, 0x03, 0x20, 0x06, 0x41, 0x1f, 0x71, 0x21, 0x02, 0x02, 0x40, 0x20,
    0x06, 0x41, 0x5f, 0x4b, 0x0d, 0x00, 0x20, 0x02, 0x41, 0x06, 0x74, 0x20,
    0x03, 0x72, 0x21, 0x06, 0x0c, 0x01, 0x0b, 0x20, 0x03, 0x41, 0x06, 0x74,
    0x20, 0x00, 0x2d, 0x00, 0x02, 0x41, 0x3f, 0x71, 0x72, 0x21, 0x03, 0x02,
    0x40, 0x20, 0x06, 0x41, 0x70, 0x4f, 0x0d, 0x00, 0x20, 0x03, 0x20, 0x02,
    0x41, 0x0c, 0x74, 0x72, 0x21, 0x06, 0x0c, 0x01, 0x0b, 0x20, 0x03, 0x41,
    0x06, 0x74, 0x20, 0x00, 0x2d, 0x00, 0x03, 0x41, 0x3f, 0x71, 0x72, 0x20,
    0x02, 0x41, 0x12, 0x74, 0x41, 0x80, 0x80, 0xf0, 0x00, 0x71, 0x72, 0x21,
    0x06, 0x0b, 0x20, 0x05, 0x20, 0x06, 0x36, 0x02, 0x14, 0x20, 0x05, 0x41,
    0x8b, 0x80, 0x80, 0x80, 0x00, 0xad, 0x42, 0x20, 0x86, 0x20, 0x05, 0x41,
    0x0c, 0x6a, 0xad, 0x84, 0x37, 0x03, 0x28, 0x20, 0x05, 0x41, 0x8c, 0x80,
    0x80, 0x80, 0x00, 0xad, 0x42, 0x20, 0x86, 0x20, 0x05, 0x41, 0x14, 0x6a,
    0xad, 0x84, 0x37, 0x03, 0x20, 0x20, 0x05, 0x41, 0x83, 0x80, 0x80, 0x80,
    0x00, 0xad, 0x42, 0x20, 0x86, 0x20, 0x05, 0x41, 0x04, 0x6a, 0xad, 0x84,
    0x37, 0x03, 0x18, 0x41, 0xae, 0x8e, 0xc0, 0x80, 0x00, 0x20, 0x05, 0x41,
    0x18, 0x6a, 0x20, 0x04, 0x10, 0x9e, 0x80, 0x80, 0x80, 0x00, 0x00, 0x0b,
    0x20, 0x04, 0x10, 0xb8, 0x80, 0x80, 0x80, 0x00, 0x00, 0x0b, 0x20, 0x00,
    0x20, 0x01, 0x20, 0x06, 0x20, 0x03, 0x20, 0x04, 0x10, 0xa8, 0x80, 0x80,
    0x80, 0x00, 0x00, 0x0b, 0x20, 0x05, 0x41, 0x83, 0x80, 0x80, 0x80, 0x00,
    0xad, 0x42, 0x20, 0x86, 0x22, 0x07, 0x20, 0x05, 0x41, 0x08, 0x6a, 0xad,
    0x84, 0x37, 0x03, 0x20, 0x20, 0x05, 0x20, 0x07, 0x20, 0x05, 0x41, 0x04,
    0x6a, 0xad, 0x84, 0x37, 0x03, 0x18, 0x41, 0xbc, 0x81, 0xc0, 0x80, 0x00,
    0x20, 0x05, 0x41, 0x18, 0x6a, 0x20, 0x04, 0x10, 0x9e, 0x80, 0x80, 0x80,
    0x00, 0x00, 0x0b, 0xb7, 0x04, 0x01, 0x03, 0x7f, 0x23, 0x80, 0x80, 0x80,
    0x80, 0x00, 0x41, 0x10, 0x6b, 0x22, 0x02, 0x24, 0x80, 0x80, 0x80, 0x80,
    0x00, 0x02, 0x40, 0x02, 0x40, 0x02, 0x40, 0x02, 0x40, 0x20, 0x01, 0x28,
    0x02, 0x08, 0x22, 0x03, 0x41, 0x80, 0x80, 0x80, 0x10, 0x71, 0x0d, 0x00,
    0x20, 0x03, 0x41, 0x80, 0x80, 0x80, 0x20, 0x71, 0x0d, 0x01, 0x20, 0x00,
    0x20, 0x01, 0x10, 0x9c, 0x80, 0x80, 0x80, 0x00, 0x45, 0x0d, 0x02, 0x41,
    0x01, 0x21, 0x04, 0x0c, 0x03, 0x0b, 0x20, 0x00, 0x28, 0x02, 0x00, 0x21,
    0x04, 0x41, 0x09, 0x21, 0x03, 0x03, 0x40, 0x20, 0x02, 0x41, 0x08, 0x6a,
    0x20, 0x03, 0x6a, 0x41, 0x7e, 0x6a, 0x20, 0x04, 0x41, 0x0f, 0x71, 0x2d,
    0x00, 0xdf, 0x9a, 0xc0, 0x80, 0x00, 0x3a, 0x00, 0x00, 0x20, 0x03, 0x41,
    0x7f, 0x6a, 0x21, 0x03, 0x20, 0x04, 0x41, 0x04, 0x76, 0x22, 0x04, 0x0d,
    0x00, 0x0b, 0x41, 0x01, 0x21, 0x04, 0x20, 0x01, 0x41, 0x01, 0x41, 0xfe,
    0xb1, 0xc0, 0x80, 0x00, 0x41, 0x02, 0x20, 0x02, 0x41, 0x08, 0x6a, 0x20,
    0x03, 0x6a, 0x41, 0x7f, 0x6a, 0x41, 0x09, 0x20, 0x03, 0x6b, 0x10, 0xb4,
    0x80, 0x80, 0x80, 0x00, 0x45, 0x0d, 0x01, 0x0c, 0x02, 0x0b, 0x20, 0x00,
    0x28, 0x02, 0x00, 0x21, 0x04, 0x41, 0x09, 0x21, 0x03, 0x03, 0x40, 0x20,
    0x02, 0x41, 0x08, 0x6a, 0x20, 0x03, 0x6a, 0x41, 0x7e, 0x6a, 0x20, 0x04,
    0x41, 0x0f, 0x71, 0x2d, 0x00, 0x80, 0xb2, 0xc0, 0x80, 0x00, 0x3a, 0x00,
    0x00, 0x20, 0x03, 0x41, 0x7f, 0x6a, 0x21, 0x03, 0x20, 0x04, 0x41, 0x04,
    0x76, 0x22, 0x04, 0x0d, 0x00, 0x0b, 0x41, 0x01, 0x21, 0x04, 0x20, 0x01,
    0x41, 0x01, 0x41, 0xfe, 0xb1, 0xc0, 0x80, 0x00, 0x41, 0x02, 0x20, 0x02,
    0x41, 0x08, 0x6a, 0x20, 0x03, 0x6a, 0x41, 0x7f, 0x6a, 0x41, 0x09, 0x20,
    0x03, 0x6b, 0x10, 0xb4, 0x80, 0x80, 0x80, 0x00, 0x0d, 0x01, 0x0b, 0x02,
    0x40, 0x20, 0x01, 0x28, 0x02, 0x00, 0x41, 0xf8, 0xb1, 0xc0, 0x80, 0x00,
    0x41, 0x02, 0x20, 0x01, 0x28, 0x02, 0x04, 0x28, 0x02, 0x0c, 0x11, 0x82,
    0x80, 0x80, 0x80, 0x00, 0x80, 0x80, 0x80, 0x80, 0x00, 0x45, 0x0d, 0x00,
    0x41, 0x01, 0x21, 0x04, 0x0c, 0x01, 0x0b, 0x20, 0x00, 0x41, 0x04, 0x6a,
    0x21, 0x03, 0x02, 0x40, 0x02, 0x40, 0x20, 0x01, 0x28, 0x02, 0x08, 0x22,
    0x04, 0x41, 0x80, 0x80, 0x80, 0x10, 0x71, 0x0d, 0x00, 0x20, 0x04, 0x41,
    0x80, 0x80, 0x80, 0x20, 0x71, 0x0d, 0x01, 0x20, 0x03, 0x20, 0x01, 0x10,
    0x9c, 0x80, 0x80, 0x80, 0x00, 0x21, 0x04, 0x0c, 0x02, 0x0b, 0x20, 0x03,
    0x28, 0x02, 0x00, 0x21, 0x04, 0x41, 0x09, 0x21, 0x03, 0x03, 0x40, 0x20,
    0x02, 0x41, 0x08, 0x6a, 0x20, 0x03, 0x6a, 0x41, 0x7e, 0x6a, 0x20, 0x04,
    0x41, 0x0f, 0x71, 0x2d, 0x00, 0xdf, 0x9a, 0xc0, 0x80, 0x00, 0x3a, 0x00,
    0x00, 0x20, 0x03, 0x41, 0x7f, 0x6a, 0x21, 0x03, 0x20, 0x04, 0x41, 0x04,
    0x76, 0x22, 0x04, 0x0d, 0x00, 0x0b, 0x20, 0x01, 0x41, 0x01, 0x41, 0xfe,
    0xb1, 0xc0, 0x80, 0x00, 0x41, 0x02, 0x20, 0x02, 0x41, 0x08, 0x6a, 0x20,
    0x03, 0x6a, 0x41, 0x7f, 0x6a, 0x41, 0x09, 0x20, 0x03, 0x6b, 0x10, 0xb4,
    0x80, 0x80, 0x80, 0x00, 0x21, 0x04, 0x0c, 0x01, 0x0b, 0x20, 0x03, 0x28,
    0x02, 0x00, 0x21, 0x04, 0x41, 0x09, 0x21, 0x03, 0x03, 0x40, 0x20, 0x02,
    0x41, 0x08, 0x6a, 0x20, 0x03, 0x6a, 0x41, 0x7e, 0x6a, 0x20, 0x04, 0x41,
    0x0f, 0x71, 0x2d, 0x00, 0x80, 0xb2, 0xc0, 0x80, 0x00, 0x3a, 0x00, 0x00,
    0x20, 0x03, 0x41, 0x7f, 0x6a, 0x21, 0x03, 0x20, 0x04, 0x41, 0x04, 0x76,
    0x22, 0x04, 0x0d, 0x00, 0x0b, 0x20, 0x01, 0x41, 0x01, 0x41, 0xfe, 0xb1,
    0xc0, 0x80, 0x00, 0x41, 0x02, 0x20, 0x02, 0x41, 0x08, 0x6a, 0x20, 0x03,
    0x6a, 0x41, 0x7f, 0x6a, 0x41, 0x09, 0x20, 0x03, 0x6b, 0x10, 0xb4, 0x80,
    0x80, 0x80, 0x00, 0x21, 0x04, 0x0b, 0x20, 0x02, 0x41, 0x10, 0x6a, 0x24,
    0x80, 0x80, 0x80, 0x80, 0x00, 0x20, 0x04, 0x0b, 0xc8, 0x01, 0x01, 0x04,
    0x7f, 0x23, 0x80, 0x80, 0x80, 0x80, 0x00, 0x41, 0x10, 0x6b, 0x22, 0x02,
    0x24, 0x80, 0x80, 0x80, 0x80, 0x00, 0x41, 0x01, 0x21, 0x03, 0x02, 0x40,
    0x20, 0x01, 0x28, 0x02, 0x00, 0x22, 0x04, 0x41, 0x27, 0x20, 0x01, 0x28,
    0x02, 0x04, 0x22, 0x05, 0x28, 0x02, 0x10, 0x22, 0x01, 0x11, 0x83, 0x80,
    0x80, 0x80, 0x00, 0x80, 0x80, 0x80, 0x80, 0x00, 0x0d, 0x00, 0x20, 0x02,
    0x20, 0x00, 0x28, 0x02, 0x00, 0x41, 0x81, 0x02, 0x10, 0xa7, 0x80, 0x80,
    0x80, 0x00, 0x02, 0x40, 0x02, 0x40, 0x20, 0x02, 0x2d, 0x00, 0x0d, 0x22,
    0x03, 0x41, 0x81, 0x01, 0x49, 0x0d, 0x00, 0x20, 0x04, 0x20, 0x02, 0x28,
    0x02, 0x00, 0x20, 0x01, 0x11, 0x83, 0x80, 0x80, 0x80, 0x00, 0x80, 0x80,
    0x80, 0x80, 0x00, 0x45, 0x0d, 0x01, 0x41, 0x01, 0x21, 0x03, 0x0c, 0x02,
    0x0b, 0x20, 0x04, 0x20, 0x02, 0x20, 0x02, 0x2d, 0x00, 0x0c, 0x22, 0x00,
    0x6a, 0x20, 0x03, 0x20, 0x00, 0x6b, 0x20, 0x05, 0x28, 0x02, 0x0c, 0x11,
    0x82, 0x80, 0x80, 0x80, 0x00, 0x80, 0x80, 0x80, 0x80, 0x00, 0x45, 0x0d,
    0x00, 0x41, 0x01, 0x21, 0x03, 0x0c, 0x01, 0x0b, 0x20, 0x04, 0x41, 0x27,
    0x20, 0x01, 0x11, 0x83, 0x80, 0x80, 0x80, 0x00, 0x80, 0x80, 0x80, 0x80,
    0x00, 0x21, 0x03, 0x0b, 0x20, 0x02, 0x41, 0x10, 0x6a, 0x24, 0x80, 0x80,
    0x80, 0x80, 0x00, 0x20, 0x03, 0x0b, 0x12, 0x00, 0x20, 0x01, 0x41, 0xbc,
    0xb2, 0xc0, 0x80, 0x00, 0x41, 0x18, 0x10, 0xaa, 0x80, 0x80, 0x80, 0x00,
    0x0b, 0x4a, 0x01, 0x01, 0x7f, 0x23, 0x80, 0x80, 0x80, 0x80, 0x00, 0x41,
    0x10, 0x6b, 0x22, 0x03, 0x24, 0x80, 0x80, 0x80, 0x80, 0x00, 0x20, 0x03,
    0x20, 0x01, 0x36, 0x02, 0x04, 0x20, 0x03, 0x20, 0x00, 0x36, 0x02, 0x00,
    0x20, 0x03, 0x41, 0x84, 0x80, 0x80, 0x80, 0x00, 0xad, 0x42, 0x20, 0x86,
    0x20, 0x03, 0xad, 0x84, 0x37, 0x03, 0x08, 0x41, 0xba, 0x83, 0xc0, 0x80,
    0x00, 0x20, 0x03, 0x41, 0x08, 0x6a, 0x20, 0x02, 0x10, 0x9e, 0x80, 0x80,
    0x80, 0x00, 0x00, 0x0b, 0x7a, 0x01, 0x01, 0x7f, 0x23, 0x80, 0x80, 0x80,
    0x80, 0x00, 0x41, 0x20, 0x6b, 0x22, 0x01, 0x24, 0x80, 0x80, 0x80, 0x80,
    0x00, 0x20, 0x01, 0x41, 0x2b, 0x36, 0x02, 0x04, 0x20, 0x01, 0x41, 0xe0,
    0xb7, 0xc0, 0x80, 0x00, 0x36, 0x02, 0x00, 0x20, 0x01, 0x41, 0xcc, 0xbd,
    0xc0, 0x80, 0x00, 0x36, 0x02, 0x0c, 0x20, 0x01, 0x20, 0x00, 0x36, 0x02,
    0x08, 0x20, 0x01, 0x41, 0x89, 0x80, 0x80, 0x80, 0x00, 0xad, 0x42, 0x20,
    0x86, 0x20, 0x01, 0x41, 0x08, 0x6a, 0xad, 0x84, 0x37, 0x03, 0x18, 0x20,
    0x01, 0x41, 0x84, 0x80, 0x80, 0x80, 0x00, 0xad, 0x42, 0x20, 0x86, 0x20,
    0x01, 0xad, 0x84, 0x37, 0x03, 0x10, 0x41, 0xb6, 0x83, 0xc0, 0x80, 0x00,
    0x20, 0x01, 0x41, 0x10, 0x6a, 0x41, 0xdc, 0xbd, 0xc0, 0x80, 0x00, 0x10,
    0x9e, 0x80, 0x80, 0x80, 0x00, 0x00, 0x0b, 0xca, 0x02, 0x01, 0x07, 0x7f,
    0x23, 0x80, 0x80, 0x80, 0x80, 0x00, 0x41, 0x10, 0x6b, 0x22, 0x02, 0x24,
    0x80, 0x80, 0x80, 0x80, 0x00, 0x41, 0x0a, 0x21, 0x03, 0x02, 0x40, 0x20,
    0x00, 0x28, 0x02, 0x00, 0x22, 0x04, 0x20, 0x04, 0x41, 0x1f, 0x75, 0x22,
    0x00, 0x73, 0x20, 0x00, 0x6b, 0x22, 0x05, 0x41, 0xe8, 0x07, 0x49, 0x0d,
    0x00, 0x41, 0x0a, 0x21, 0x03, 0x03, 0x40, 0x20, 0x02, 0x41, 0x06, 0x6a,
    0x20, 0x03, 0x6a, 0x22, 0x06, 0x41, 0x7c, 0x6a, 0x20, 0x05, 0x22, 0x00,
    0x20, 0x00, 0x41, 0x90, 0xce, 0x00, 0x6e, 0x22, 0x05, 0x41, 0x90, 0xce,
    0x00, 0x6c, 0x6b, 0x22, 0x07, 0x41, 0xff, 0xff, 0x03, 0x71, 0x41, 0xe4,
    0x00, 0x6e, 0x22, 0x08, 0x41, 0x01, 0x74, 0x2f, 0x00, 0xb5, 0xa1, 0xc0,
    0x80, 0x00, 0x3b, 0x00, 0x00, 0x20, 0x06, 0x41, 0x7e, 0x6a, 0x20, 0x07,
    0x20, 0x08, 0x41, 0xe4, 0x00, 0x6c, 0x6b, 0x41, 0xff, 0xff, 0x03, 0x71,
    0x41, 0x01, 0x74, 0x2f, 0x00, 0xb5, 0xa1, 0xc0, 0x80, 0x00, 0x3b, 0x00,
    0x00, 0x20, 0x03, 0x41, 0x7c, 0x6a, 0x21, 0x03, 0x20, 0x00, 0x41, 0xff,
    0xac, 0xe2, 0x04, 0x4b, 0x0d, 0x00, 0x0b, 0x0b, 0x02, 0x40, 0x02, 0x40,
    0x20, 0x05, 0x41, 0x09, 0x4b, 0x0d, 0x00, 0x20, 0x05, 0x21, 0x00, 0x0c,
    0x01, 0x0b, 0x20, 0x02, 0x41, 0x06, 0x6a, 0x20, 0x03, 0x41, 0x7e, 0x6a,
    0x22, 0x03, 0x6a, 0x20, 0x05, 0x20, 0x05, 0x41, 0xff, 0xff, 0x03, 0x71,
    0x41, 0xe4, 0x00, 0x6e, 0x22, 0x00, 0x41, 0xe4, 0x00, 0x6c, 0x6b, 0x41,
    0xff, 0xff, 0x03, 0x71, 0x41, 0x01, 0x74, 0x2f, 0x00, 0xb5, 0xa1, 0xc0,
    0x80, 0x00, 0x3b, 0x00, 0x00, 0x0b, 0x02, 0x40, 0x02, 0x40, 0x20, 0x04,
    0x45, 0x0d, 0x00, 0x20, 0x00, 0x45, 0x0d, 0x01, 0x0b, 0x20, 0x02, 0x41,
    0x06, 0x6a, 0x20, 0x03, 0x41, 0x7f, 0x6a, 0x22, 0x03, 0x6a, 0x20, 0x00,
    0x41, 0x01, 0x74, 0x2d, 0x00, 0xb6, 0xa1, 0xc0, 0x80, 0x00, 0x3a, 0x00,
    0x00, 0x0b, 0x20, 0x01, 0x20, 0x04, 0x41, 0x7f, 0x73, 0x41, 0x1f, 0x76,
    0x41, 0x01, 0x41, 0x00, 0x20, 0x02, 0x41, 0x06, 0x6a, 0x20, 0x03, 0x6a,
    0x41, 0x0a, 0x20, 0x03, 0x6b, 0x10, 0xb4, 0x80, 0x80, 0x80, 0x00, 0x21,
    0x03, 0x20, 0x02, 0x41, 0x10, 0x6a, 0x24, 0x80, 0x80, 0x80, 0x80, 0x00,
    0x20, 0x03, 0x0b, 0x09, 0x00, 0x10, 0xc3, 0x80, 0x80, 0x80, 0x00, 0x00,
    0x0b, 0x09, 0x00, 0x10, 0xcd, 0x80, 0x80, 0x80, 0x00, 0x00, 0x0b, 0xc5,
    0x0f, 0x02, 0x03, 0x7f, 0x04, 0x7e, 0x23, 0x80, 0x80, 0x80, 0x80, 0x00,
    0x41, 0x80, 0x05, 0x6b, 0x22, 0x05, 0x24, 0x80, 0x80, 0x80, 0x80, 0x00,
    0x41, 0x00, 0x41, 0x00, 0x28, 0x02, 0xf8, 0xd1, 0xc0, 0x80, 0x00, 0x22,
    0x06, 0x41, 0x01, 0x6a, 0x36, 0x02, 0xf8, 0xd1, 0xc0, 0x80, 0x00, 0x20,
    0x05, 0x20, 0x01, 0x36, 0x02, 0x1c, 0x20, 0x05, 0x20, 0x00, 0x36, 0x02,
    0x18, 0x20, 0x05, 0x20, 0x02, 0x36, 0x02, 0x20, 0x02, 0x40, 0x02, 0x40,
    0x02, 0x40, 0x20, 0x06, 0x41, 0x00, 0x48, 0x0d, 0x00, 0x02, 0x40, 0x41,
    0x00, 0x2d, 0x00, 0xb8, 0xd1, 0xc0, 0x80, 0x00, 0x0d, 0x00, 0x41, 0x00,
    0x41, 0x01, 0x3a, 0x00, 0xb8, 0xd1, 0xc0, 0x80, 0x00, 0x41, 0x00, 0x41,
    0x00, 0x28, 0x02, 0xb4, 0xd1, 0xc0, 0x80, 0x00, 0x41, 0x01, 0x6a, 0x36,
    0x02, 0xb4, 0xd1, 0xc0, 0x80, 0x00, 0x02, 0x40, 0x41, 0x00, 0x28, 0x02,
    0xbc, 0xd1, 0xc0, 0x80, 0x00, 0x22, 0x06, 0x41, 0x7f, 0x4a, 0x0d, 0x00,
    0x20, 0x05, 0x41, 0xc0, 0x00, 0x6a, 0x20, 0x05, 0x41, 0xff, 0x04, 0x6a,
    0x41, 0xb5, 0xb8, 0xc0, 0x80, 0x00, 0x41, 0xf3, 0x00, 0x10, 0xc5, 0x80,
    0x80, 0x80, 0x00, 0x20, 0x05, 0x2d, 0x00, 0x40, 0x20, 0x05, 0x28, 0x02,
    0x44, 0x10, 0xc6, 0x80, 0x80, 0x80, 0x00, 0x0c, 0x04, 0x0b, 0x20, 0x06,
    0x41, 0x01, 0x6a, 0x22, 0x07, 0x20, 0x06, 0x4e, 0x0d, 0x02, 0x41, 0xee,
    0xb8, 0xc0, 0x80, 0x00, 0x41, 0x1c, 0x41, 0x8c, 0xb9, 0xc0, 0x80, 0x00,
    0x10, 0xbf, 0x80, 0x80, 0x80, 0x00, 0x00, 0x0b, 0x20, 0x05, 0x41, 0x08,
    0x6a, 0x20, 0x00, 0x20, 0x01, 0x28, 0x02, 0x18, 0x11, 0x84, 0x80, 0x80,
    0x80, 0x00, 0x80, 0x80, 0x80, 0x80, 0x00, 0x20, 0x05, 0x20, 0x05, 0x28,
    0x02, 0x0c, 0x41, 0x00, 0x20, 0x05, 0x28, 0x02, 0x08, 0x22, 0x01, 0x1b,
    0x36, 0x02, 0xc4, 0x04, 0x20, 0x05, 0x20, 0x01, 0x41, 0x01, 0x20, 0x01,
    0x1b, 0x36, 0x02, 0xc0, 0x04, 0x20, 0x05, 0x41, 0x84, 0x80, 0x80, 0x80,
    0x00, 0xad, 0x42, 0x20, 0x86, 0x20, 0x05, 0x41, 0xc0, 0x04, 0x6a, 0xad,
    0x84, 0x37, 0x03, 0x48, 0x20, 0x05, 0x41, 0x8d, 0x80, 0x80, 0x80, 0x00,
    0xad, 0x42, 0x20, 0x86, 0x20, 0x05, 0x41, 0x20, 0x6a, 0xad, 0x84, 0x37,
    0x03, 0x40, 0x20, 0x05, 0x41, 0xd0, 0x04, 0x6a, 0x20, 0x05, 0x41, 0xff,
    0x04, 0x6a, 0x41, 0x96, 0x90, 0xc0, 0x80, 0x00, 0x20, 0x05, 0x41, 0xc0,
    0x00, 0x6a, 0x10, 0xc5, 0x80, 0x80, 0x80, 0x00, 0x20, 0x05, 0x2d, 0x00,
    0xd0, 0x04, 0x20, 0x05, 0x28, 0x02, 0xd4, 0x04, 0x10, 0xc6, 0x80, 0x80,
    0x80, 0x00, 0x0c, 0x02, 0x0b, 0x20, 0x05, 0x41, 0x89, 0x80, 0x80, 0x80,
    0x00, 0xad, 0x42, 0x20, 0x86, 0x20, 0x05, 0x41, 0x18, 0x6a, 0xad, 0x84,
    0x37, 0x03, 0x48, 0x20, 0x05, 0x41, 0x8d, 0x80, 0x80, 0x80, 0x00, 0xad,
    0x42, 0x20, 0x86, 0x20, 0x05, 0x41, 0x20, 0x6a, 0xad, 0x84, 0x37, 0x03,
    0x40, 0x20, 0x05, 0x41, 0xd0, 0x04, 0x6a, 0x20, 0x05, 0x41, 0xff, 0x04,
    0x6a, 0x41, 0xd9, 0x91, 0xc0, 0x80, 0x00, 0x20, 0x05, 0x41, 0xc0, 0x00,
    0x6a, 0x10, 0xc5, 0x80, 0x80, 0x80, 0x00, 0x20, 0x05, 0x2d, 0x00, 0xd0,
    0x04, 0x20, 0x05, 0x28, 0x02, 0xd4, 0x04, 0x10, 0xc6, 0x80, 0x80, 0x80,
    0x00, 0x0c, 0x01, 0x0b, 0x41, 0x00, 0x20, 0x07, 0x36, 0x02, 0xbc, 0xd1,
    0xc0, 0x80, 0x00, 0x20, 0x05, 0x41, 0x10, 0x6a, 0x20, 0x00, 0x20, 0x01,
    0x28, 0x02, 0x14, 0x11, 0x84, 0x80, 0x80, 0x80, 0x00, 0x80, 0x80, 0x80,
    0x80, 0x00, 0x41, 0xff, 0x01, 0x21, 0x06, 0x20, 0x05, 0x28, 0x02, 0x14,
    0x21, 0x07, 0x20, 0x05, 0x28, 0x02, 0x10, 0x21, 0x01, 0x02, 0x40, 0x20,
    0x04, 0x0d, 0x00, 0x41, 0x01, 0x21, 0x06, 0x41, 0x00, 0x28, 0x02, 0xb4,
    0xd1, 0xc0, 0x80, 0x00, 0x41, 0x01, 0x4b, 0x0d, 0x00, 0x10, 0xc8, 0x80,
    0x80, 0x80, 0x00, 0x21, 0x06, 0x0b, 0x20, 0x05, 0x20, 0x02, 0x36, 0x02,
    0x24, 0x41, 0x0c, 0x21, 0x00, 0x20, 0x05, 0x41, 0xc0, 0x00, 0x6a, 0x20,
    0x01, 0x20, 0x07, 0x41, 0x0c, 0x6a, 0x28, 0x02, 0x00, 0x22, 0x07, 0x11,
    0x84, 0x80, 0x80, 0x80, 0x00, 0x80, 0x80, 0x80, 0x80, 0x00, 0x41, 0x04,
    0x21, 0x02, 0x20, 0x01, 0x21, 0x04, 0x02, 0x40, 0x02, 0x40, 0x20, 0x05,
    0x29, 0x03, 0x40, 0x42, 0xdc, 0xec, 0xa7, 0xff, 0xc5, 0xdb, 0x80, 0xfb,
    0xb9, 0x7f, 0x85, 0x20, 0x05, 0x29, 0x03, 0x48, 0x42, 0xf1, 0x83, 0xc3,
    0xe3, 0xa6, 0xbe, 0xd8, 0xe0, 0x24, 0x85, 0x84, 0x50, 0x0d, 0x00, 0x20,
    0x05, 0x41, 0xc0, 0x00, 0x6a, 0x20, 0x01, 0x20, 0x07, 0x11, 0x84, 0x80,
    0x80, 0x80, 0x00, 0x80, 0x80, 0x80, 0x80, 0x00, 0x41, 0xcc, 0xbb, 0xc0,
    0x80, 0x00, 0x21, 0x02, 0x20, 0x05, 0x29, 0x03, 0x40, 0x42, 0x95, 0xfa,
    0xa5, 0xc7, 0x9d, 0xd1, 0xca, 0x9c, 0x75, 0x85, 0x20, 0x05, 0x29, 0x03,
    0x48, 0x42, 0xbb, 0x8c, 0xcf, 0xbf, 0xaa, 0xcb, 0xb8, 0xf9, 0x25, 0x85,
    0x84, 0x42, 0x00, 0x52, 0x0d, 0x01, 0x20, 0x01, 0x41, 0x04, 0x6a, 0x21,
    0x04, 0x41, 0x08, 0x21, 0x02, 0x0b, 0x20, 0x01, 0x20, 0x02, 0x6a, 0x28,
    0x02, 0x00, 0x21, 0x00, 0x20, 0x04, 0x28, 0x02, 0x00, 0x21, 0x02, 0x0b,
    0x20, 0x05, 0x20, 0x00, 0x36, 0x02, 0x2c, 0x20, 0x05, 0x20, 0x02, 0x36,
    0x02, 0x28, 0x10, 0xc9, 0x80, 0x80, 0x80, 0x00, 0x20, 0x05, 0x41, 0x04,
    0x41, 0x09, 0x41, 0x00, 0x41, 0xa0, 0xb6, 0xc0, 0x80, 0x00, 0x41, 0x00,
    0x41, 0x00, 0x29, 0x03, 0x80, 0xd2, 0xc0, 0x80, 0x00, 0x22, 0x08, 0x41,
    0x00, 0x29, 0x03, 0xf0, 0xd1, 0xc0, 0x80, 0x00, 0x22, 0x09, 0x51, 0x1b,
    0x20, 0x09, 0x50, 0x1b, 0x22, 0x01, 0x1b, 0x36, 0x02, 0x34, 0x20, 0x05,
    0x20, 0x01, 0x41, 0xa4, 0xb6, 0xc0, 0x80, 0x00, 0x20, 0x01, 0x1b, 0x36,
    0x02, 0x30, 0x02, 0x40, 0x02, 0x40, 0x02, 0x40, 0x02, 0x40, 0x20, 0x08,
    0x42, 0x00, 0x52, 0x0d, 0x00, 0x41, 0x00, 0x29, 0x03, 0x88, 0xd2, 0xc0,
    0x80, 0x00, 0x21, 0x09, 0x03, 0x40, 0x20, 0x09, 0x42, 0x7f, 0x51, 0x0d,
    0x02, 0x41, 0x00, 0x20, 0x09, 0x42, 0x01, 0x7c, 0x22, 0x08, 0x41, 0x00,
    0x29, 0x03, 0x88, 0xd2, 0xc0, 0x80, 0x00, 0x22, 0x0a, 0x20, 0x0a, 0x20,
    0x09, 0x51, 0x22, 0x01, 0x1b, 0x37, 0x03, 0x88, 0xd2, 0xc0, 0x80, 0x00,
    0x20, 0x0a, 0x21, 0x09, 0x20, 0x01, 0x45, 0x0d, 0x00, 0x0b, 0x41, 0x00,
    0x20, 0x08, 0x37, 0x03, 0x80, 0xd2, 0xc0, 0x80, 0x00, 0x0b, 0x20, 0x05,
    0x20, 0x08, 0x37, 0x03, 0x38, 0x20, 0x05, 0x41, 0xc0, 0x00, 0x6a, 0x41,
    0x00, 0x41, 0x80, 0x04, 0xfc, 0x0b, 0x00, 0x20, 0x05, 0x42, 0x00, 0x37,
    0x03, 0xc8, 0x04, 0x20, 0x05, 0x41, 0x80, 0x04, 0x36, 0x02, 0xc4, 0x04,
    0x20, 0x05, 0x20, 0x05, 0x41, 0xc0, 0x00, 0x6a, 0x36, 0x02, 0xc0, 0x04,
    0x20, 0x05, 0x41, 0x84, 0x80, 0x80, 0x80, 0x00, 0xad, 0x42, 0x20, 0x86,
    0x22, 0x09, 0x20, 0x05, 0x41, 0x28, 0x6a, 0xad, 0x84, 0x22, 0x0a, 0x37,
    0x03, 0xe8, 0x04, 0x20, 0x05, 0x41, 0x8d, 0x80, 0x80, 0x80, 0x00, 0xad,
    0x42, 0x20, 0x86, 0x20, 0x05, 0x41, 0x24, 0x6a, 0xad, 0x84, 0x22, 0x08,
    0x37, 0x03, 0xe0, 0x04, 0x20, 0x05, 0x41, 0x8e, 0x80, 0x80, 0x80, 0x00,
    0xad, 0x42, 0x20, 0x86, 0x20, 0x05, 0x41, 0x38, 0x6a, 0xad, 0x84, 0x22,
    0x0b, 0x37, 0x03, 0xd8, 0x04, 0x20, 0x05, 0x20, 0x09, 0x20, 0x05, 0x41,
    0x30, 0x6a, 0xad, 0x84, 0x22, 0x09, 0x37, 0x03, 0xd0, 0x04, 0x20, 0x05,
    0x41, 0xff, 0x01, 0x36, 0x02, 0xf0, 0x04, 0x20, 0x05, 0x20, 0x05, 0x41,
    0xc0, 0x04, 0x6a, 0x36, 0x02, 0xf8, 0x04, 0x20, 0x05, 0x41, 0xf0, 0x04,
    0x6a, 0x41, 0xe8, 0xb4, 0xc0, 0x80, 0x00, 0x41, 0xb2, 0x91, 0xc0, 0x80,
    0x00, 0x20, 0x05, 0x41, 0xd0, 0x04, 0x6a, 0x10, 0xaf, 0x80, 0x80, 0x80,
    0x00, 0x21, 0x01, 0x20, 0x05, 0x2d, 0x00, 0xf0, 0x04, 0x21, 0x00, 0x02,
    0x40, 0x02, 0x40, 0x02, 0x40, 0x02, 0x40, 0x02, 0x40, 0x02, 0x40, 0x20,
    0x01, 0x45, 0x0d, 0x00, 0x20, 0x00, 0x41, 0xff, 0x01, 0x71, 0x41, 0xff,
    0x01, 0x47, 0x0d, 0x01, 0x41, 0x80, 0xb4, 0xc0, 0x80, 0x00, 0x41, 0xad,
    0x01, 0x41, 0xd8, 0xb4, 0xc0, 0x80, 0x00, 0x10, 0x9e, 0x80, 0x80, 0x80,
    0x00, 0x00, 0x0b, 0x20, 0x00, 0x41, 0xff, 0x01, 0x71, 0x41, 0x03, 0x47,
    0x0d, 0x01, 0x20, 0x05, 0x28, 0x02, 0xf4, 0x04, 0x22, 0x01, 0x28, 0x02,
    0x00, 0x21, 0x00, 0x02, 0x40, 0x20, 0x01, 0x41, 0x04, 0x6a, 0x28, 0x02,
    0x00, 0x22, 0x02, 0x28, 0x02, 0x00, 0x22, 0x04, 0x45, 0x0d, 0x00, 0x20,
    0x00, 0x20, 0x04, 0x11, 0x80, 0x80, 0x80, 0x80, 0x00, 0x80, 0x80, 0x80,
    0x80, 0x00, 0x0b, 0x02, 0x40, 0x20, 0x02, 0x28, 0x02, 0x04, 0x45, 0x0d,
    0x00, 0x20, 0x00, 0x10, 0xac, 0x81, 0x80, 0x80, 0x00, 0x0b, 0x20, 0x01,
    0x10, 0xac, 0x81, 0x80, 0x80, 0x00, 0x0c, 0x01, 0x0b, 0x20, 0x05, 0x2d,
    0x00, 0xf0, 0x04, 0x22, 0x01, 0x41, 0x03, 0x46, 0x0d, 0x01, 0x20, 0x01,
    0x41, 0xff, 0x01, 0x47, 0x0d, 0x02, 0x0b, 0x20, 0x05, 0x28, 0x02, 0xc8,
    0x04, 0x22, 0x01, 0x41, 0x81, 0x04, 0x4f, 0x0d, 0x04, 0x20, 0x05, 0x41,
    0xd0, 0x04, 0x6a, 0x20, 0x05, 0x41, 0xff, 0x04, 0x6a, 0x20, 0x05, 0x41,
    0xc0, 0x00, 0x6a, 0x20, 0x01, 0x10, 0xca, 0x80, 0x80, 0x80, 0x00, 0x20,
    0x05, 0x2d, 0x00, 0xd0, 0x04, 0x41, 0x03, 0x47, 0x0d, 0x02, 0x20, 0x05,
    0x28, 0x02, 0xd4, 0x04, 0x22, 0x01, 0x28, 0x02, 0x00, 0x21, 0x00, 0x02,
    0x40, 0x20, 0x01, 0x41, 0x04, 0x6a, 0x28, 0x02, 0x00, 0x22, 0x02, 0x28,
    0x02, 0x00, 0x22, 0x04, 0x45, 0x0d, 0x00, 0x20, 0x00, 0x20, 0x04, 0x11,
    0x80, 0x80, 0x80, 0x80, 0x00, 0x80, 0x80, 0x80, 0x80, 0x00, 0x0b, 0x02,
    0x40, 0x20, 0x02, 0x28, 0x02, 0x04, 0x45, 0x0d, 0x00, 0x20, 0x00, 0x10,
    0xac, 0x81, 0x80, 0x80, 0x00, 0x0b, 0x20, 0x01, 0x10, 0xac, 0x81, 0x80,
    0x80, 0x00, 0x0c, 0x02, 0x0b, 0x20, 0x05, 0x28, 0x02, 0xf4, 0x04, 0x22,
    0x01, 0x28, 0x02, 0x00, 0x21, 0x00, 0x02, 0x40, 0x20, 0x01, 0x41, 0x04,
    0x6a, 0x28, 0x02, 0x00, 0x22, 0x02, 0x28, 0x02, 0x00, 0x22, 0x04, 0x45,
    0x0d, 0x00, 0x20, 0x00, 0x20, 0x04, 0x11, 0x80, 0x80, 0x80, 0x80, 0x00,
    0x80, 0x80, 0x80, 0x80, 0x00, 0x0b, 0x02, 0x40, 0x20, 0x02, 0x28, 0x02,
    0x04, 0x45, 0x0d, 0x00, 0x20, 0x00, 0x10, 0xac, 0x81, 0x80, 0x80, 0x00,
    0x0b, 0x20, 0x01, 0x10, 0xac, 0x81, 0x80, 0x80, 0x00, 0x0b, 0x20, 0x05,
    0x20, 0x0a, 0x37, 0x03, 0xe8, 0x04, 0x20, 0x05, 0x20, 0x08, 0x37, 0x03,
    0xe0, 0x04, 0x20, 0x05, 0x20, 0x0b, 0x37, 0x03, 0xd8, 0x04, 0x20, 0x05,
    0x20, 0x09, 0x37, 0x03, 0xd0, 0x04, 0x20, 0x05, 0x41, 0xf0, 0x04, 0x6a,
    0x20, 0x05, 0x41, 0xff, 0x04, 0x6a, 0x41, 0xb2, 0x91, 0xc0, 0x80, 0x00,
    0x20, 0x05, 0x41, 0xd0, 0x04, 0x6a, 0x10, 0xc5, 0x80, 0x80, 0x80, 0x00,
    0x20, 0x05, 0x2d, 0x00, 0xf0, 0x04, 0x41, 0x03, 0x47, 0x0d, 0x00, 0x20,
    0x05, 0x28, 0x02, 0xf4, 0x04, 0x22, 0x01, 0x28, 0x02, 0x00, 0x21, 0x00,
    0x02, 0x40, 0x20, 0x01, 0x41, 0x04, 0x6a, 0x28, 0x02, 0x00, 0x22, 0x02,
    0x28, 0x02, 0x00, 0x22, 0x04, 0x45, 0x0d, 0x00, 0x20, 0x00, 0x20, 0x04,
    0x11, 0x80, 0x80, 0x80, 0x80, 0x00, 0x80, 0x80, 0x80, 0x80, 0x00, 0x0b,
    0x02, 0x40, 0x20, 0x02, 0x28, 0x02, 0x04, 0x45, 0x0d, 0x00, 0x20, 0x00,
    0x10, 0xac, 0x81, 0x80, 0x80, 0x00, 0x0b, 0x20, 0x01, 0x10, 0xac, 0x81,
    0x80, 0x80, 0x00, 0x0b, 0x02, 0x40, 0x02, 0x40, 0x02, 0x40, 0x02, 0x40,
    0x20, 0x06, 0x41, 0xff, 0x01, 0x71, 0x0e, 0x03, 0x00, 0x01, 0x02, 0x03,
    0x0b, 0x20, 0x05, 0x41, 0xc0, 0x00, 0x6a, 0x20, 0x05, 0x41, 0xff, 0x04,
    0x6a, 0x41, 0x00, 0x10, 0xcb, 0x80, 0x80, 0x80, 0x00, 0x20, 0x05, 0x2d,
    0x00, 0x40, 0x20, 0x05, 0x28, 0x02, 0x44, 0x10, 0xc6, 0x80, 0x80, 0x80,
    0x00, 0x0c, 0x02, 0x0b, 0x20, 0x05, 0x41, 0xc0, 0x00, 0x6a, 0x20, 0x05,
    0x41, 0xff, 0x04, 0x6a, 0x41, 0x01, 0x10, 0xcb, 0x80, 0x80, 0x80, 0x00,
    0x20, 0x05, 0x2d, 0x00, 0x40, 0x20, 0x05, 0x28, 0x02, 0x44, 0x10, 0xc6,
    0x80, 0x80, 0x80, 0x00, 0x0c, 0x01, 0x0b, 0x41, 0x00, 0x2d, 0x00, 0x9c,
    0xd1, 0xc0, 0x80, 0x00, 0x21, 0x01, 0x41, 0x00, 0x41, 0x00, 0x3a, 0x00,
    0x9c, 0xd1, 0xc0, 0x80, 0x00, 0x20, 0x01, 0x45, 0x0d, 0x00, 0x20, 0x05,
    0x41, 0xc0, 0x00, 0x6a, 0x20, 0x05, 0x41, 0xff, 0x04, 0x6a, 0x41, 0xd8,
    0xb6, 0xc0, 0x80, 0x00, 0x41, 0x9d, 0x01, 0x10, 0xc5, 0x80, 0x80, 0x80,
    0x00, 0x20, 0x05, 0x2d, 0x00, 0x40, 0x20, 0x05, 0x28, 0x02, 0x44, 0x10,
    0xc6, 0x80, 0x80, 0x80, 0x00, 0x0b, 0x41, 0x00, 0x41, 0x00, 0x28, 0x02,
    0xbc, 0xd1, 0xc0, 0x80, 0x00, 0x22, 0x01, 0x41, 0x7f, 0x6a, 0x36, 0x02,
    0xbc, 0xd1, 0xc0, 0x80, 0x00, 0x41, 0x00, 0x41, 0x00, 0x3a, 0x00, 0x92,
    0xd2, 0xc0, 0x80, 0x00, 0x20, 0x01, 0x41, 0x00, 0x4c, 0x0d, 0x02, 0x41,
    0x00, 0x41, 0x00, 0x3a, 0x00, 0xb8, 0xd1, 0xc0, 0x80, 0x00, 0x02, 0x40,
    0x20, 0x03, 0x0d, 0x00, 0x20, 0x05, 0x41, 0xc0, 0x00, 0x6a, 0x20, 0x05,
    0x41, 0xff, 0x04, 0x6a, 0x41, 0xd8, 0xbb, 0xc0, 0x80, 0x00, 0x41, 0xdb,
    0x00, 0x10, 0xc5, 0x80, 0x80, 0x80, 0x00, 0x20, 0x05, 0x2d, 0x00, 0x40,
    0x20, 0x05, 0x28, 0x02, 0x44, 0x10, 0xc6, 0x80, 0x80, 0x80, 0x00, 0x0c,
    0x04, 0x0b, 0x10, 0xcc, 0x80, 0x80, 0x80, 0x00, 0x00, 0x0b, 0x10, 0xa0,
    0x80, 0x80, 0x80, 0x00, 0x00, 0x0b, 0x41, 0x00, 0x20, 0x01, 0x41, 0x80,
    0x04, 0x41, 0xb0, 0xb6, 0xc0, 0x80, 0x00, 0x10, 0x96, 0x80, 0x80, 0x80,
    0x00, 0x00, 0x0b, 0x41, 0xfc, 0xbf, 0xc0, 0x80, 0x00, 0x41, 0xcd, 0x00,
    0x41, 0xa4, 0xc0, 0xc0, 0x80, 0x00, 0x10, 0x9e, 0x80, 0x80, 0x80, 0x00,
    0x00, 0x0b, 0x10, 0xcd, 0x80, 0x80, 0x80, 0x00, 0x00, 0x0b, 0xe9, 0x01,
    0x01, 0x01, 0x7f, 0x23, 0x80, 0x80, 0x80, 0x80, 0x00, 0x41, 0x20, 0x6b,
    0x22, 0x04, 0x24, 0x80, 0x80, 0x80, 0x80, 0x00, 0x20, 0x00, 0x41, 0xff,
    0x01, 0x3a, 0x00, 0x00, 0x20, 0x04, 0x20, 0x01, 0x36, 0x02, 0x18, 0x20,
    0x04, 0x20, 0x00, 0x29, 0x02, 0x00, 0x37, 0x03, 0x10, 0x20, 0x04, 0x41,
    0x10, 0x6a, 0x41, 0x98, 0xb5, 0xc0, 0x80, 0x00, 0x20, 0x02, 0x20, 0x03,
    0x10, 0xaf, 0x80, 0x80, 0x80, 0x00, 0x21, 0x01, 0x20, 0x04, 0x2d, 0x00,
    0x10, 0x21, 0x03, 0x02, 0x40, 0x02, 0x40, 0x02, 0x40, 0x20, 0x01, 0x45,
    0x0d, 0x00, 0x20, 0x03, 0x41, 0xff, 0x01, 0x71, 0x41, 0xff, 0x01, 0x47,
    0x0d, 0x01, 0x41, 0x80, 0xb4, 0xc0, 0x80, 0x00, 0x41, 0xad, 0x01, 0x41,
    0xd8, 0xb4, 0xc0, 0x80, 0x00, 0x10, 0x9e, 0x80, 0x80, 0x80, 0x00, 0x00,
    0x0b, 0x20, 0x03, 0x41, 0xff, 0x01, 0x71, 0x41, 0x03, 0x47, 0x0d, 0x01,
    0x20, 0x04, 0x28, 0x02, 0x14, 0x22, 0x00, 0x28, 0x02, 0x00, 0x21, 0x01,
    0x02, 0x40, 0x20, 0x00, 0x41, 0x04, 0x6a, 0x28, 0x02, 0x00, 0x22, 0x03,
    0x28, 0x02, 0x00, 0x22, 0x02, 0x45, 0x0d, 0x00, 0x20, 0x01, 0x20, 0x02,
    0x11, 0x80, 0x80, 0x80, 0x80, 0x00, 0x80, 0x80, 0x80, 0x80, 0x00, 0x0b,
    0x02, 0x40, 0x20, 0x03, 0x28, 0x02, 0x04, 0x45, 0x0d, 0x00, 0x20, 0x01,
    0x10, 0xac, 0x81, 0x80, 0x80, 0x00, 0x0b, 0x20, 0x00, 0x10, 0xac, 0x81,
    0x80, 0x80, 0x00, 0x0c, 0x01, 0x0b, 0x20, 0x00, 0x20, 0x04, 0x29, 0x03,
    0x10, 0x37, 0x02, 0x00, 0x0b, 0x20, 0x04, 0x41, 0x20, 0x6a, 0x24, 0x80,
    0x80, 0x80, 0x80, 0x00, 0x0b, 0x58, 0x01, 0x02, 0x7f, 0x02, 0x40, 0x20,
    0x00, 0x41, 0xff, 0x01, 0x71, 0x41, 0x03, 0x47, 0x0d, 0x00, 0x20, 0x01,
    0x28, 0x02, 0x00, 0x21, 0x00, 0x02, 0x40, 0x20, 0x01, 0x41, 0x04, 0x6a,
    0x28, 0x02, 0x00, 0x22, 0x02, 0x28, 0x02, 0x00, 0x22, 0x03, 0x45, 0x0d,
    0x00, 0x20, 0x00, 0x20, 0x03, 0x11, 0x80, 0x80, 0x80, 0x80, 0x00, 0x80,
    0x80, 0x80, 0x80, 0x00, 0x0b, 0x02, 0x40, 0x20, 0x02, 0x28, 0x02, 0x04,
    0x45, 0x0d, 0x00, 0x20, 0x00, 0x10, 0xac, 0x81, 0x80, 0x80, 0x00, 0x0b,
    0x20, 0x01, 0x10, 0xac, 0x81, 0x80, 0x80, 0x00, 0x0b, 0x0b, 0x91, 0x01,
    0x02, 0x03, 0x7f, 0x01, 0x7e, 0x23, 0x80, 0x80, 0x80, 0x80, 0x00, 0x41,
    0x20, 0x6b, 0x22, 0x02, 0x24, 0x80, 0x80, 0x80, 0x80, 0x00, 0x20, 0x01,
    0x28, 0x02, 0x04, 0x21, 0x03, 0x20, 0x01, 0x28, 0x02, 0x00, 0x21, 0x04,
    0x20, 0x02, 0x20, 0x00, 0x28, 0x02, 0x00, 0x22, 0x01, 0x29, 0x02, 0x00,
    0x37, 0x02, 0x00, 0x20, 0x02, 0x41, 0x83, 0x80, 0x80, 0x80, 0x00, 0xad,
    0x42, 0x20, 0x86, 0x22, 0x05, 0x20, 0x01, 0x41, 0x0c, 0x6a, 0xad, 0x84,
    0x37, 0x03, 0x18, 0x20, 0x02, 0x20, 0x05, 0x20, 0x01, 0x41, 0x08, 0x6a,
    0xad, 0x84, 0x37, 0x03, 0x10, 0x20, 0x02, 0x41, 0x84, 0x80, 0x80, 0x80,
    0x00, 0xad, 0x42, 0x20, 0x86, 0x20, 0x02, 0xad, 0x84, 0x37, 0x03, 0x08,
    0x20, 0x04, 0x20, 0x03, 0x41, 0xa8, 0x80, 0xc0, 0x80, 0x00, 0x20, 0x02,
    0x41, 0x08, 0x6a, 0x10, 0xaf, 0x80, 0x80, 0x80, 0x00, 0x21, 0x01, 0x20,
    0x02, 0x41, 0x20, 0x6a, 0x24, 0x80, 0x80, 0x80, 0x80, 0x00, 0x20, 0x01,
    0x0b, 0xd6, 0x03, 0x01, 0x07, 0x7f, 0x23, 0x80, 0x80, 0x80, 0x80, 0x00,
    0x41, 0x90, 0x03, 0x6b, 0x22, 0x00, 0x24, 0x80, 0x80, 0x80, 0x80, 0x00,
    0x02, 0x40, 0x41, 0x00, 0x2d, 0x00, 0xb9, 0xd1, 0xc0, 0x80, 0x00, 0x41,
    0x7f, 0x6a, 0x22, 0x01, 0x41, 0xff, 0x01, 0x71, 0x41, 0x03, 0x49, 0x0d,
    0x00, 0x20, 0x00, 0x41, 0x00, 0x3a, 0x00, 0x0e, 0x20, 0x00, 0x41, 0x00,
    0x29, 0x00, 0xa2, 0xb9, 0xc0, 0x80, 0x00, 0x37, 0x01, 0x06, 0x20, 0x00,
    0x41, 0x00, 0x29, 0x00, 0x9c, 0xb9, 0xc0, 0x80, 0x00, 0x37, 0x03, 0x00,
    0x20, 0x00, 0x41, 0x84, 0x03, 0x6a, 0x20, 0x00, 0x41, 0x0f, 0x10, 0x92,
    0x80, 0x80, 0x80, 0x00, 0x02, 0x40, 0x02, 0x40, 0x20, 0x00, 0x28, 0x02,
    0x84, 0x03, 0x41, 0x01, 0x46, 0x0d, 0x00, 0x20, 0x00, 0x28, 0x02, 0x88,
    0x03, 0x10, 0x9a, 0x81, 0x80, 0x80, 0x00, 0x22, 0x01, 0x45, 0x0d, 0x00,
    0x02, 0x40, 0x02, 0x40, 0x02, 0x40, 0x02, 0x40, 0x20, 0x01, 0x10, 0xa6,
    0x81, 0x80, 0x80, 0x00, 0x22, 0x02, 0x45, 0x0d, 0x00, 0x20, 0x02, 0x41,
    0x01, 0x10, 0x94, 0x80, 0x80, 0x80, 0x00, 0x22, 0x03, 0x45, 0x0d, 0x03,
    0x02, 0x40, 0x20, 0x02, 0x45, 0x0d, 0x00, 0x20, 0x03, 0x20, 0x01, 0x20,
    0x02, 0xfc, 0x0a, 0x00, 0x00, 0x0b, 0x41, 0x02, 0x21, 0x01, 0x41, 0x03,
    0x21, 0x04, 0x02, 0x40, 0x02, 0x40, 0x20, 0x02, 0x41, 0x02, 0x6a, 0x0e,
    0x02, 0x00, 0x07, 0x01, 0x0b, 0x41, 0x03, 0x21, 0x04, 0x20, 0x03, 0x41,
    0xff, 0x01, 0x71, 0x41, 0x03, 0x47, 0x0d, 0x06, 0x20, 0x02, 0x28, 0x02,
    0x00, 0x21, 0x03, 0x02, 0x40, 0x20, 0x02, 0x41, 0x04, 0x6a, 0x28, 0x02,
    0x00, 0x22, 0x05, 0x28, 0x02, 0x00, 0x22, 0x06, 0x45, 0x0d, 0x00, 0x20,
    0x03, 0x20, 0x06, 0x11, 0x80, 0x80, 0x80, 0x80, 0x00, 0x80, 0x80, 0x80,
    0x80, 0x00, 0x0b, 0x02, 0x40, 0x20, 0x05, 0x28, 0x02, 0x04, 0x45, 0x0d,
    0x00, 0x20, 0x03, 0x10, 0xac, 0x81, 0x80, 0x80, 0x00, 0x0b, 0x20, 0x02,
    0x10, 0xac, 0x81, 0x80, 0x80, 0x00, 0x0c, 0x06, 0x0b, 0x02, 0x40, 0x02,
    0x40, 0x20, 0x02, 0x41, 0x7f, 0x6a, 0x0e, 0x04, 0x00, 0x03, 0x03, 0x01,
    0x03, 0x0b, 0x20, 0x03, 0x2d, 0x00, 0x00, 0x41, 0x30, 0x47, 0x0d, 0x02,
    0x41, 0x03, 0x21, 0x04, 0x41, 0x02, 0x21, 0x01, 0x0c, 0x03, 0x0b, 0x20,
    0x03, 0x28, 0x00, 0x00, 0x41, 0xe6, 0xea, 0xb1, 0xe3, 0x06, 0x47, 0x0d,
    0x01, 0x41, 0x02, 0x21, 0x04, 0x41, 0x01, 0x21, 0x01, 0x0c, 0x02, 0x0b,
    0x41, 0x01, 0x21, 0x04, 0x41, 0x00, 0x21, 0x01, 0x0c, 0x04, 0x0b, 0x41,
    0x01, 0x21, 0x04, 0x41, 0x00, 0x21, 0x01, 0x0b, 0x20, 0x03, 0x10, 0xac,
    0x81, 0x80, 0x80, 0x00, 0x0c, 0x02, 0x0b, 0x41, 0x01, 0x20, 0x02, 0x10,
    0xa2, 0x80, 0x80, 0x80, 0x00, 0x00, 0x0b, 0x41, 0x03, 0x21, 0x04, 0x41,
    0x02, 0x21, 0x01, 0x0b, 0x41, 0x00, 0x41, 0x00, 0x2d, 0x00, 0xb9, 0xd1,
    0xc0, 0x80, 0x00, 0x22, 0x02, 0x20, 0x04, 0x20, 0x02, 0x1b, 0x3a, 0x00,
    0xb9, 0xd1, 0xc0, 0x80, 0x00, 0x20, 0x02, 0x45, 0x0d, 0x00, 0x20, 0x02,
    0x41, 0x7f, 0x6a, 0x41, 0x7f, 0x20, 0x02, 0x41, 0x04, 0x49, 0x1b, 0x21,
    0x01, 0x0b, 0x20, 0x00, 0x41, 0x90, 0x03, 0x6a, 0x24, 0x80, 0x80, 0x80,
    0x80, 0x00, 0x20, 0x01, 0x0b, 0x51, 0x01, 0x02, 0x7f, 0x23, 0x80, 0x80,
    0x80, 0x80, 0x00, 0x41, 0x10, 0x6b, 0x22, 0x00, 0x24, 0x80, 0x80, 0x80,
    0x80, 0x00, 0x41, 0x00, 0x2d, 0x00, 0x92, 0xd2, 0xc0, 0x80, 0x00, 0x21,
    0x01, 0x41, 0x00, 0x41, 0x01, 0x3a, 0x00, 0x92, 0xd2, 0xc0, 0x80, 0x00,
    0x20, 0x00, 0x20, 0x01, 0x3a, 0x00, 0x0f, 0x02, 0x40, 0x20, 0x01, 0x45,
    0x0d, 0x00, 0x20, 0x00, 0x41, 0x0f, 0x6a, 0x10, 0xcf, 0x80, 0x80, 0x80,
    0x00, 0x00, 0x0b, 0x20, 0x00, 0x41, 0x10, 0x6a, 0x24, 0x80, 0x80, 0x80,
    0x80, 0x00, 0x0b, 0xe2, 0x01, 0x01, 0x02, 0x7f, 0x23, 0x80, 0x80, 0x80,
    0x80, 0x00, 0x41, 0x10, 0x6b, 0x22, 0x04, 0x24, 0x80, 0x80, 0x80, 0x80,
    0x00, 0x02, 0x40, 0x02, 0x40, 0x02, 0x40, 0x20, 0x03, 0x45, 0x0d, 0x00,
    0x03, 0x40, 0x02, 0x40, 0x02, 0x40, 0x02, 0x40, 0x02, 0x40, 0x41, 0x02,
    0x20, 0x02, 0x20, 0x03, 0x10, 0x81, 0x81, 0x80, 0x80, 0x00, 0x22, 0x05,
    0x41, 0x7f, 0x47, 0x0d, 0x00, 0x20, 0x04, 0x41, 0x00, 0x3a, 0x00, 0x0b,
    0x20, 0x04, 0x41, 0x00, 0x3b, 0x00, 0x09, 0x20, 0x04, 0x41, 0x00, 0x3a,
    0x00, 0x08, 0x20, 0x04, 0x41, 0x00, 0x28, 0x02, 0x94, 0xd2, 0xc0, 0x80,
    0x00, 0x22, 0x05, 0x36, 0x02, 0x0c, 0x20, 0x05, 0x41, 0x1b, 0x46, 0x0d,
    0x03, 0x20, 0x04, 0x41, 0x08, 0x6a, 0x21, 0x05, 0x0c, 0x01, 0x0b, 0x20,
    0x04, 0x20, 0x05, 0x36, 0x02, 0x0c, 0x20, 0x04, 0x41, 0xff, 0x01, 0x3a,
    0x00, 0x08, 0x20, 0x05, 0x0d, 0x01, 0x41, 0xc8, 0xbc, 0xc0, 0x80, 0x00,
    0x21, 0x05, 0x0b, 0x20, 0x00, 0x20, 0x05, 0x29, 0x03, 0x00, 0x37, 0x02,
    0x00, 0x0c, 0x05, 0x0b, 0x20, 0x03, 0x20, 0x05, 0x49, 0x0d, 0x03, 0x20,
    0x02, 0x20, 0x05, 0x6a, 0x21, 0x02, 0x20, 0x03, 0x20, 0x05, 0x6b, 0x21,
    0x03, 0x0b, 0x20, 0x03, 0x0d, 0x00, 0x0b, 0x0b, 0x20, 0x00, 0x41, 0xff,
    0x01, 0x3a, 0x00, 0x00, 0x0c, 0x01, 0x0b, 0x20, 0x05, 0x20, 0x03, 0x20,
    0x03, 0x41, 0xb4, 0xc0, 0xc0, 0x80, 0x00, 0x10, 0x96, 0x80, 0x80, 0x80,
    0x00, 0x00, 0x0b, 0x20, 0x04, 0x41, 0x10, 0x6a, 0x24, 0x80, 0x80, 0x80,
    0x80, 0x00, 0x0b, 0x52, 0x01, 0x01, 0x7f, 0x23, 0x80, 0x80, 0x80, 0x80,
    0x00, 0x41, 0x10, 0x6b, 0x22, 0x03, 0x24, 0x80, 0x80, 0x80, 0x80, 0x00,
    0x20, 0x03, 0x20, 0x02, 0x3a, 0x00, 0x07, 0x20, 0x03, 0x41, 0x8f, 0x80,
    0x80, 0x80, 0x00, 0xad, 0x42, 0x20, 0x86, 0x20, 0x03, 0x41, 0x07, 0x6a,
    0xad, 0x84, 0x37, 0x03, 0x08, 0x20, 0x00, 0x20, 0x01, 0x41, 0xba, 0x83,
    0xc0, 0x80, 0x00, 0x20, 0x03, 0x41, 0x08, 0x6a, 0x10, 0xc5, 0x80, 0x80,
    0x80, 0x00, 0x20, 0x03, 0x41, 0x10, 0x6a, 0x24, 0x80, 0x80, 0x80, 0x80,
    0x00, 0x0b, 0x09, 0x00, 0x10, 0xc2, 0x80, 0x80, 0x80, 0x00, 0x00, 0x0b,
    0x09, 0x00, 0x10, 0xce, 0x80, 0x80, 0x80, 0x00, 0x00, 0x0b, 0x09, 0x00,
    0x10, 0x8e, 0x81, 0x80, 0x80, 0x00, 0x00, 0x0b, 0x38, 0x01, 0x01, 0x7f,
    0x23, 0x80, 0x80, 0x80, 0x80, 0x00, 0x41, 0x10, 0x6b, 0x22, 0x01, 0x24,
    0x80, 0x80, 0x80, 0x80, 0x00, 0x20, 0x01, 0x41, 0xfa, 0x91, 0xc0, 0x80,
    0x00, 0x36, 0x02, 0x0c, 0x20, 0x01, 0x20, 0x00, 0x36, 0x02, 0x08, 0x20,
    0x01, 0x41, 0x08, 0x6a, 0x20, 0x01, 0x41, 0x0c, 0x6a, 0x10, 0xab, 0x80,
    0x80, 0x80, 0x00, 0x00, 0x0b, 0x30, 0x00, 0x02, 0x40, 0x20, 0x00, 0x28,
    0x02, 0x00, 0x2d, 0x00, 0x00, 0x0d, 0x00, 0x20, 0x01, 0x41, 0x90, 0xb2,
    0xc0, 0x80, 0x00, 0x41, 0x05, 0x10, 0xaa, 0x80, 0x80, 0x80, 0x00, 0x0f,
    0x0b, 0x20, 0x01, 0x41, 0x95, 0xb2, 0xc0, 0x80, 0x00, 0x41, 0x04, 0x10,
    0xaa, 0x80, 0x80, 0x80, 0x00, 0x0b, 0x88, 0x04, 0x03, 0x05, 0x7f, 0x01,
    0x7e, 0x02, 0x7f, 0x23, 0x80, 0x80, 0x80, 0x80, 0x00, 0x41, 0x10, 0x6b,
    0x22, 0x02, 0x24, 0x80, 0x80, 0x80, 0x80, 0x00, 0x20, 0x01, 0x28, 0x02,
    0x04, 0x21, 0x03, 0x20, 0x01, 0x28, 0x02, 0x00, 0x21, 0x04, 0x20, 0x00,
    0x2d, 0x00, 0x00, 0x21, 0x05, 0x41, 0x80, 0x04, 0x21, 0x01, 0x02, 0x40,
    0x02, 0x40, 0x02, 0x40, 0x02, 0x40, 0x41, 0x80, 0x04, 0x10, 0xa9, 0x81,
    0x80, 0x80, 0x00, 0x22, 0x00, 0x45, 0x0d, 0x00, 0x20, 0x02, 0x20, 0x00,
    0x36, 0x02, 0x08, 0x20, 0x02, 0x41, 0x80, 0x04, 0x36, 0x02, 0x04, 0x02,
    0x40, 0x03, 0x40, 0x20, 0x00, 0x20, 0x01, 0x10, 0x8f, 0x81, 0x80, 0x80,
    0x00, 0x0d, 0x01, 0x02, 0x40, 0x41, 0x00, 0x28, 0x02, 0x94, 0xd2, 0xc0,
    0x80, 0x00, 0x22, 0x06, 0x41, 0xc4, 0x00, 0x47, 0x0d, 0x00, 0x20, 0x02,
    0x20, 0x01, 0x36, 0x02, 0x0c, 0x20, 0x02, 0x41, 0x04, 0x6a, 0x20, 0x01,
    0x41, 0x01, 0x10, 0x95, 0x80, 0x80, 0x80, 0x00, 0x20, 0x02, 0x28, 0x02,
    0x08, 0x21, 0x00, 0x20, 0x02, 0x28, 0x02, 0x04, 0x21, 0x01, 0x0c, 0x01,
    0x0b, 0x0b, 0x20, 0x06, 0xad, 0x42, 0x20, 0x86, 0x21, 0x07, 0x02, 0x40,
    0x20, 0x01, 0x45, 0x0d, 0x00, 0x20, 0x00, 0x10, 0xac, 0x81, 0x80, 0x80,
    0x00, 0x0b, 0x41, 0x7f, 0x21, 0x01, 0x0c, 0x04, 0x0b, 0x20, 0x02, 0x20,
    0x00, 0x10, 0xa6, 0x81, 0x80, 0x80, 0x00, 0x22, 0x06, 0x36, 0x02, 0x0c,
    0x20, 0x01, 0x20, 0x06, 0x4b, 0x0d, 0x01, 0x0c, 0x02, 0x0b, 0x41, 0x01,
    0x41, 0x80, 0x04, 0x10, 0xa2, 0x80, 0x80, 0x80, 0x00, 0x00, 0x0b, 0x02,
    0x40, 0x02, 0x40, 0x20, 0x06, 0x0d, 0x00, 0x20, 0x00, 0x10, 0xac, 0x81,
    0x80, 0x80, 0x00, 0x41, 0x01, 0x21, 0x01, 0x0c, 0x01, 0x0b, 0x20, 0x00,
    0x20, 0x06, 0x10, 0xaf, 0x81, 0x80, 0x80, 0x00, 0x22, 0x01, 0x0d, 0x00,
    0x41, 0x01, 0x20, 0x06, 0x10, 0xa2, 0x80, 0x80, 0x80, 0x00, 0x00, 0x0b,
    0x20, 0x02, 0x20, 0x01, 0x36, 0x02, 0x08, 0x20, 0x06, 0x21, 0x01, 0x0b,
    0x20, 0x02, 0x29, 0x02, 0x08, 0x21, 0x07, 0x0b, 0x02, 0x40, 0x20, 0x01,
    0x41, 0x7f, 0x47, 0x0d, 0x00, 0x20, 0x07, 0x42, 0xff, 0x01, 0x83, 0x42,
    0x03, 0x52, 0x0d, 0x00, 0x20, 0x07, 0x42, 0x20, 0x88, 0xa7, 0x22, 0x00,
    0x28, 0x02, 0x00, 0x21, 0x06, 0x02, 0x40, 0x20, 0x00, 0x41, 0x04, 0x6a,
    0x28, 0x02, 0x00, 0x22, 0x08, 0x28, 0x02, 0x00, 0x22, 0x09, 0x45, 0x0d,
    0x00, 0x20, 0x06, 0x20, 0x09, 0x11, 0x80, 0x80, 0x80, 0x80, 0x00, 0x80,
    0x80, 0x80, 0x80, 0x00, 0x0b, 0x02, 0x40, 0x20, 0x08, 0x28, 0x02, 0x04,
    0x45, 0x0d, 0x00, 0x20, 0x06, 0x10, 0xac, 0x81, 0x80, 0x80, 0x00, 0x0b,
    0x20, 0x00, 0x10, 0xac, 0x81, 0x80, 0x80, 0x00, 0x0b, 0x02, 0x40, 0x02,
    0x40, 0x02, 0x40, 0x02, 0x40, 0x20, 0x04, 0x41, 0xd0, 0xbc, 0xc0, 0x80,
    0x00, 0x41, 0x11, 0x20, 0x03, 0x28, 0x02, 0x0c, 0x22, 0x00, 0x11, 0x82,
    0x80, 0x80, 0x80, 0x00, 0x80, 0x80, 0x80, 0x80, 0x00, 0x0d, 0x00, 0x20,
    0x05, 0x41, 0x01, 0x71, 0x0d, 0x01, 0x20, 0x04, 0x41, 0xe1, 0xbc, 0xc0,
    0x80, 0x00, 0x41, 0xd8, 0x00, 0x20, 0x00, 0x11, 0x82, 0x80, 0x80, 0x80,
    0x00, 0x80, 0x80, 0x80, 0x80, 0x00, 0x45, 0x0d, 0x01, 0x0b, 0x41, 0x01,
    0x21, 0x00, 0x20, 0x01, 0x41, 0x00, 0x4a, 0x0d, 0x01, 0x0c, 0x02, 0x0b,
    0x41, 0x00, 0x21, 0x00, 0x20, 0x01, 0x41, 0x00, 0x4c, 0x0d, 0x01, 0x0b,
    0x20, 0x07, 0xa7, 0x10, 0xac, 0x81, 0x80, 0x80, 0x00, 0x0b, 0x20, 0x02,
    0x41, 0x10, 0x6a, 0x24, 0x80, 0x80, 0x80, 0x80, 0x00, 0x20, 0x00, 0x0b,
    0x5c, 0x01, 0x03, 0x7f, 0x02, 0x40, 0x20, 0x00, 0x2d, 0x00, 0x00, 0x41,
    0x03, 0x47, 0x0d, 0x00, 0x20, 0x00, 0x28, 0x02, 0x04, 0x22, 0x00, 0x28,
    0x02, 0x00, 0x21, 0x01, 0x02, 0x40, 0x20, 0x00, 0x41, 0x04, 0x6a, 0x28,
    0x02, 0x00, 0x22, 0x02, 0x28, 0x02, 0x00, 0x22, 0x03, 0x45, 0x0d, 0x00,
    0x20, 0x01, 0x20, 0x03, 0x11, 0x80, 0x80, 0x80, 0x80, 0x00, 0x80, 0x80,
    0x80, 0x80, 0x00, 0x0b, 0x02, 0x40, 0x20, 0x02, 0x28, 0x02, 0x04, 0x45,
    0x0d, 0x00, 0x20, 0x01, 0x10, 0xac, 0x81, 0x80, 0x80, 0x00, 0x0b, 0x20,
    0x00, 0x10, 0xac, 0x81, 0x80, 0x80, 0x00, 0x0b, 0x0b, 0xfe, 0x01, 0x04,
    0x03, 0x7f, 0x01, 0x7e, 0x02, 0x7f, 0x01, 0x7e, 0x41, 0x00, 0x21, 0x03,
    0x02, 0x40, 0x41, 0x00, 0x20, 0x00, 0x28, 0x02, 0x08, 0x22, 0x04, 0x28,
    0x02, 0x04, 0x22, 0x05, 0x20, 0x04, 0x29, 0x03, 0x08, 0x22, 0x06, 0x42,
    0xff, 0xff, 0xff, 0xff, 0x0f, 0x20, 0x06, 0x42, 0xff, 0xff, 0xff, 0xff,
    0x0f, 0x54, 0x1b, 0xa7, 0x6b, 0x22, 0x07, 0x20, 0x07, 0x20, 0x05, 0x4b,
    0x1b, 0x22, 0x07, 0x20, 0x02, 0x20, 0x07, 0x20, 0x02, 0x49, 0x1b, 0x22,
    0x08, 0x45, 0x0d, 0x00, 0x20, 0x04, 0x28, 0x02, 0x00, 0x20, 0x06, 0x20,
    0x05, 0xad, 0x22, 0x09, 0x20, 0x06, 0x20, 0x09, 0x54, 0x1b, 0xa7, 0x6a,
    0x20, 0x01, 0x20, 0x08, 0xfc, 0x0a, 0x00, 0x00, 0x0b, 0x20, 0x04, 0x20,
    0x06, 0x20, 0x08, 0xad, 0x7c, 0x37, 0x03, 0x08, 0x02, 0x40, 0x20, 0x07,
    0x20, 0x02, 0x4f, 0x0d, 0x00, 0x41, 0x00, 0x21, 0x03, 0x41, 0x00, 0x29,
    0x03, 0xc8, 0xbc, 0xc0, 0x80, 0x00, 0x22, 0x06, 0x42, 0xff, 0x01, 0x83,
    0x42, 0xff, 0x01, 0x51, 0x0d, 0x00, 0x02, 0x40, 0x20, 0x00, 0x2d, 0x00,
    0x00, 0x41, 0x03, 0x47, 0x0d, 0x00, 0x20, 0x00, 0x28, 0x02, 0x04, 0x22,
    0x02, 0x28, 0x02, 0x00, 0x21, 0x04, 0x02, 0x40, 0x20, 0x02, 0x41, 0x04,
    0x6a, 0x28, 0x02, 0x00, 0x22, 0x07, 0x28, 0x02, 0x00, 0x22, 0x03, 0x45,
    0x0d, 0x00, 0x20, 0x04, 0x20, 0x03, 0x11, 0x80, 0x80, 0x80, 0x80, 0x00,
    0x80, 0x80, 0x80, 0x80, 0x00, 0x0b, 0x02, 0x40, 0x20, 0x07, 0x28, 0x02,
    0x04, 0x45, 0x0d, 0x00, 0x20, 0x04, 0x10, 0xac, 0x81, 0x80, 0x80, 0x00,
    0x0b, 0x20, 0x02, 0x10, 0xac, 0x81, 0x80, 0x80, 0x00, 0x0b, 0x20, 0x00,
    0x20, 0x06, 0x37, 0x02, 0x00, 0x41, 0x01, 0x21, 0x03, 0x0b, 0x20, 0x03,
    0x0b, 0xde, 0x03, 0x04, 0x05, 0x7f, 0x01, 0x7e, 0x01, 0x7f, 0x01, 0x7e,
    0x23, 0x80, 0x80, 0x80, 0x80, 0x00, 0x41, 0x10, 0x6b, 0x22, 0x02, 0x24,
    0x80, 0x80, 0x80, 0x80, 0x00, 0x20, 0x02, 0x41, 0x00, 0x36, 0x02, 0x0c,
    0x02, 0x40, 0x02, 0x40, 0x20, 0x01, 0x41, 0x80, 0x01, 0x49, 0x0d, 0x00,
    0x20, 0x01, 0x41, 0x3f, 0x71, 0x41, 0x80, 0x7f, 0x72, 0x21, 0x03, 0x20,
    0x01, 0x41, 0x06, 0x76, 0x21, 0x04, 0x02, 0x40, 0x20, 0x01, 0x41, 0x80,
    0x10, 0x4f, 0x0d, 0x00, 0x20, 0x02, 0x20, 0x03, 0x3a, 0x00, 0x0d, 0x20,
    0x02, 0x20, 0x04, 0x41, 0xc0, 0x01, 0x72, 0x3a, 0x00, 0x0c, 0x41, 0x02,
    0x21, 0x01, 0x0c, 0x02, 0x0b, 0x20, 0x01, 0x41, 0x0c, 0x76, 0x21, 0x05,
    0x20, 0x04, 0x41, 0x3f, 0x71, 0x41, 0x80, 0x7f, 0x72, 0x21, 0x04, 0x02,
    0x40, 0x20, 0x01, 0x41, 0xff, 0xff, 0x03, 0x4b, 0x0d, 0x00, 0x20, 0x02,
    0x20, 0x03, 0x3a, 0x00, 0x0e, 0x20, 0x02, 0x20, 0x04, 0x3a, 0x00, 0x0d,
    0x20, 0x02, 0x20, 0x05, 0x41, 0xe0, 0x01, 0x72, 0x3a, 0x00, 0x0c, 0x41,
    0x03, 0x21, 0x01, 0x0c, 0x02, 0x0b, 0x20, 0x02, 0x20, 0x03, 0x3a, 0x00,
    0x0f, 0x20, 0x02, 0x20, 0x04, 0x3a, 0x00, 0x0e, 0x20, 0x02, 0x20, 0x05,
    0x41, 0x3f, 0x71, 0x41, 0x80, 0x7f, 0x72, 0x3a, 0x00, 0x0d, 0x20, 0x02,
    0x20, 0x01, 0x41, 0x12, 0x76, 0x41, 0x70, 0x72, 0x3a, 0x00, 0x0c, 0x41,
    0x04, 0x21, 0x01, 0x0c, 0x01, 0x0b, 0x20, 0x02, 0x20, 0x01, 0x3a, 0x00,
    0x0c, 0x41, 0x01, 0x21, 0x01, 0x0b, 0x41, 0x00, 0x21, 0x05, 0x02, 0x40,
    0x41, 0x00, 0x20, 0x00, 0x28, 0x02, 0x08, 0x22, 0x03, 0x28, 0x02, 0x04,
    0x22, 0x06, 0x20, 0x03, 0x29, 0x03, 0x08, 0x22, 0x07, 0x42, 0xff, 0xff,
    0xff, 0xff, 0x0f, 0x20, 0x07, 0x42, 0xff, 0xff, 0xff, 0xff, 0x0f, 0x54,
    0x1b, 0xa7, 0x6b, 0x22, 0x04, 0x20, 0x04, 0x20, 0x06, 0x4b, 0x1b, 0x22,
    0x04, 0x20, 0x01, 0x20, 0x04, 0x20, 0x01, 0x49, 0x1b, 0x22, 0x08, 0x45,
    0x0d, 0x00, 0x20, 0x03, 0x28, 0x02, 0x00, 0x20, 0x07, 0x20, 0x06, 0xad,
    0x22, 0x09, 0x20, 0x07, 0x20, 0x09, 0x54, 0x1b, 0xa7, 0x6a, 0x20, 0x02,
    0x41, 0x0c, 0x6a, 0x20, 0x08, 0xfc, 0x0a, 0x00, 0x00, 0x0b, 0x20, 0x03,
    0x20, 0x07, 0x20, 0x08, 0xad, 0x7c, 0x37, 0x03, 0x08, 0x02, 0x40, 0x20,
    0x04, 0x20, 0x01, 0x4f, 0x0d, 0x00, 0x41, 0x00, 0x21, 0x05, 0x41, 0x00,
    0x29, 0x03, 0xc8, 0xbc, 0xc0, 0x80, 0x00, 0x22, 0x07, 0x42, 0xff, 0x01,
    0x83, 0x42, 0xff, 0x01, 0x51, 0x0d, 0x00, 0x02, 0x40, 0x20, 0x00, 0x2d,
    0x00, 0x00, 0x41, 0x03, 0x47, 0x0d, 0x00, 0x20, 0x00, 0x28, 0x02, 0x04,
    0x22, 0x01, 0x28, 0x02, 0x00, 0x21, 0x03, 0x02, 0x40, 0x20, 0x01, 0x41,
    0x04, 0x6a, 0x28, 0x02, 0x00, 0x22, 0x04, 0x28, 0x02, 0x00, 0x22, 0x05,
    0x45, 0x0d, 0x00, 0x20, 0x03, 0x20, 0x05, 0x11, 0x80, 0x80, 0x80, 0x80,
    0x00, 0x80, 0x80, 0x80, 0x80, 0x00, 0x0b, 0x02, 0x40, 0x20, 0x04, 0x28,
    0x02, 0x04, 0x45, 0x0d, 0x00, 0x20, 0x03, 0x10, 0xac, 0x81, 0x80, 0x80,
    0x00, 0x0b, 0x20, 0x01, 0x10, 0xac, 0x81, 0x80, 0x80, 0x00, 0x0b, 0x20,
    0x00, 0x20, 0x07, 0x37, 0x02, 0x00, 0x41, 0x01, 0x21, 0x05, 0x0b, 0x20,
    0x02, 0x41, 0x10, 0x6a, 0x24, 0x80, 0x80, 0x80, 0x80, 0x00, 0x20, 0x05,
    0x0b, 0x14, 0x00, 0x20, 0x00, 0x41, 0xe8, 0xb4, 0xc0, 0x80, 0x00, 0x20,
    0x01, 0x20, 0x02, 0x10, 0xaf, 0x80, 0x80, 0x80, 0x00, 0x0b, 0xdc, 0x02,
    0x03, 0x02, 0x7f, 0x01, 0x7e, 0x01, 0x7f, 0x23, 0x80, 0x80, 0x80, 0x80,
    0x00, 0x41, 0x10, 0x6b, 0x22, 0x03, 0x24, 0x80, 0x80, 0x80, 0x80, 0x00,
    0x02, 0x40, 0x02, 0x40, 0x20, 0x02, 0x0d, 0x00, 0x41, 0x00, 0x21, 0x04,
    0x0c, 0x01, 0x0b, 0x02, 0x40, 0x02, 0x40, 0x03, 0x40, 0x02, 0x40, 0x02,
    0x40, 0x41, 0x02, 0x20, 0x01, 0x20, 0x02, 0x10, 0x81, 0x81, 0x80, 0x80,
    0x00, 0x22, 0x04, 0x41, 0x7f, 0x47, 0x0d, 0x00, 0x20, 0x03, 0x41, 0x00,
    0x3a, 0x00, 0x0b, 0x20, 0x03, 0x41, 0x00, 0x3b, 0x00, 0x09, 0x20, 0x03,
    0x41, 0x00, 0x3a, 0x00, 0x08, 0x20, 0x03, 0x41, 0x00, 0x28, 0x02, 0x94,
    0xd2, 0xc0, 0x80, 0x00, 0x22, 0x04, 0x36, 0x02, 0x0c, 0x20, 0x04, 0x41,
    0x1b, 0x46, 0x0d, 0x01, 0x20, 0x03, 0x41, 0x08, 0x6a, 0x21, 0x04, 0x0c,
    0x04, 0x0b, 0x20, 0x03, 0x20, 0x04, 0x36, 0x02, 0x0c, 0x20, 0x03, 0x41,
    0xff, 0x01, 0x3a, 0x00, 0x08, 0x02, 0x40, 0x20, 0x04, 0x0d, 0x00, 0x41,
    0xc8, 0xbc, 0xc0, 0x80, 0x00, 0x21, 0x04, 0x0c, 0x04, 0x0b, 0x20, 0x02,
    0x20, 0x04, 0x49, 0x0d, 0x02, 0x20, 0x01, 0x20, 0x04, 0x6a, 0x21, 0x01,
    0x20, 0x02, 0x20, 0x04, 0x6b, 0x21, 0x02, 0x0b, 0x20, 0x02, 0x0d, 0x00,
    0x0b, 0x41, 0x00, 0x21, 0x04, 0x0c, 0x02, 0x0b, 0x20, 0x04, 0x20, 0x02,
    0x20, 0x02, 0x41, 0xb4, 0xc0, 0xc0, 0x80, 0x00, 0x10, 0x96, 0x80, 0x80,
    0x80, 0x00, 0x00, 0x0b, 0x02, 0x40, 0x20, 0x04, 0x29, 0x03, 0x00, 0x22,
    0x05, 0x42, 0xff, 0x01, 0x83, 0x42, 0xff, 0x01, 0x52, 0x0d, 0x00, 0x41,
    0x00, 0x21, 0x04, 0x0c, 0x01, 0x0b, 0x02, 0x40, 0x20, 0x00, 0x2d, 0x00,
    0x00, 0x41, 0x03, 0x47, 0x0d, 0x00, 0x20, 0x00, 0x28, 0x02, 0x04, 0x22,
    0x04, 0x28, 0x02, 0x00, 0x21, 0x02, 0x02, 0x40, 0x20, 0x04, 0x41, 0x04,
    0x6a, 0x28, 0x02, 0x00, 0x22, 0x01, 0x28, 0x02, 0x00, 0x22, 0x06, 0x45,
    0x0d, 0x00, 0x20, 0x02, 0x20, 0x06, 0x11, 0x80, 0x80, 0x80, 0x80, 0x00,
    0x80, 0x80, 0x80, 0x80, 0x00, 0x0b, 0x02, 0x40, 0x20, 0x01, 0x28, 0x02,
    0x04, 0x45, 0x0d, 0x00, 0x20, 0x02, 0x10, 0xac, 0x81, 0x80, 0x80, 0x00,
    0x0b, 0x20, 0x04, 0x10, 0xac, 0x81, 0x80, 0x80, 0x00, 0x0b, 0x20, 0x00,
    0x20, 0x05, 0x37, 0x02, 0x00, 0x41, 0x01, 0x21, 0x04, 0x0b, 0x20, 0x03,
    0x41, 0x10, 0x6a, 0x24, 0x80, 0x80, 0x80, 0x80, 0x00, 0x20, 0x04, 0x0b,
    0xf4, 0x01, 0x01, 0x04, 0x7f, 0x23, 0x80, 0x80, 0x80, 0x80, 0x00, 0x41,
    0x10, 0x6b, 0x22, 0x02, 0x24, 0x80, 0x80, 0x80, 0x80, 0x00, 0x20, 0x02,
    0x41, 0x00, 0x36, 0x02, 0x0c, 0x02, 0x40, 0x02, 0x40, 0x20, 0x01, 0x41,
    0x80, 0x01, 0x49, 0x0d, 0x00, 0x20, 0x01, 0x41, 0x3f, 0x71, 0x41, 0x80,
    0x7f, 0x72, 0x21, 0x03, 0x20, 0x01, 0x41, 0x06, 0x76, 0x21, 0x04, 0x02,
    0x40, 0x20, 0x01, 0x41, 0x80, 0x10, 0x4f, 0x0d, 0x00, 0x20, 0x02, 0x20,
    0x03, 0x3a, 0x00, 0x0d, 0x20, 0x02, 0x20, 0x04, 0x41, 0xc0, 0x01, 0x72,
    0x3a, 0x00, 0x0c, 0x41, 0x02, 0x21, 0x01, 0x0c, 0x02, 0x0b, 0x20, 0x01,
    0x41, 0x0c, 0x76, 0x21, 0x05, 0x20, 0x04, 0x41, 0x3f, 0x71, 0x41, 0x80,
    0x7f, 0x72, 0x21, 0x04, 0x02, 0x40, 0x20, 0x01, 0x41, 0xff, 0xff, 0x03,
    0x4b, 0x0d, 0x00, 0x20, 0x02, 0x20, 0x03, 0x3a, 0x00, 0x0e, 0x20, 0x02,
    0x20, 0x04, 0x3a, 0x00, 0x0d, 0x20, 0x02, 0x20, 0x05, 0x41, 0xe0, 0x01,
    0x72, 0x3a, 0x00, 0x0c, 0x41, 0x03, 0x21, 0x01, 0x0c, 0x02, 0x0b, 0x20,
    0x02, 0x20, 0x03, 0x3a, 0x00, 0x0f, 0x20, 0x02, 0x20, 0x04, 0x3a, 0x00,
    0x0e, 0x20, 0x02, 0x20, 0x05, 0x41, 0x3f, 0x71, 0x41, 0x80, 0x7f, 0x72,
    0x3a, 0x00, 0x0d, 0x20, 0x02, 0x20, 0x01, 0x41, 0x12, 0x76, 0x41, 0x70,
    0x72, 0x3a, 0x00, 0x0c, 0x41, 0x04, 0x21, 0x01, 0x0c, 0x01, 0x0b, 0x20,
    0x02, 0x20, 0x01, 0x3a, 0x00, 0x0c, 0x41, 0x01, 0x21, 0x01, 0x0b, 0x20,
    0x00, 0x20, 0x02, 0x41, 0x0c, 0x6a, 0x20, 0x01, 0x10, 0xd6, 0x80, 0x80,
    0x80, 0x00, 0x21, 0x01, 0x20, 0x02, 0x41, 0x10, 0x6a, 0x24, 0x80, 0x80,
    0x80, 0x80, 0x00, 0x20, 0x01, 0x0b, 0x14, 0x00, 0x20, 0x00, 0x41, 0x98,
    0xb5, 0xc0, 0x80, 0x00, 0x20, 0x01, 0x20, 0x02, 0x10, 0xaf, 0x80, 0x80,
    0x80, 0x00, 0x0b, 0x09, 0x00, 0x20, 0x00, 0x41, 0x00, 0x36, 0x02, 0x00,
    0x0b, 0x1e, 0x00, 0x20, 0x00, 0x41, 0x00, 0x29, 0x02, 0x94, 0xb8, 0xc0,
    0x80, 0x00, 0x37, 0x02, 0x08, 0x20, 0x00, 0x41, 0x00, 0x29, 0x02, 0x8c,
    0xb8, 0xc0, 0x80, 0x00, 0x37, 0x02, 0x00, 0x0b, 0xa6, 0x01, 0x01, 0x01,
    0x7f, 0x02, 0x40, 0x02, 0x40, 0x02, 0x40, 0x20, 0x02, 0x41, 0x01, 0x10,
    0x94, 0x80, 0x80, 0x80, 0x00, 0x22, 0x03, 0x45, 0x0d, 0x00, 0x02, 0x40,
    0x20, 0x02, 0x45, 0x0d, 0x00, 0x20, 0x03, 0x20, 0x01, 0x20, 0x02, 0xfc,
    0x0a, 0x00, 0x00, 0x0b, 0x41, 0x0c, 0x10, 0xa9, 0x81, 0x80, 0x80, 0x00,
    0x22, 0x01, 0x45, 0x0d, 0x01, 0x20, 0x01, 0x20, 0x02, 0x36, 0x02, 0x08,
    0x20, 0x01, 0x20, 0x03, 0x36, 0x02, 0x04, 0x20, 0x01, 0x20, 0x02, 0x36,
    0x02, 0x00, 0x41, 0x0c, 0x10, 0xa9, 0x81, 0x80, 0x80, 0x00, 0x22, 0x02,
    0x45, 0x0d, 0x02, 0x20, 0x02, 0x41, 0x14, 0x3a, 0x00, 0x08, 0x20, 0x02,
    0x41, 0xd0, 0xbf, 0xc0, 0x80, 0x00, 0x36, 0x02, 0x04, 0x20, 0x02, 0x20,
    0x01, 0x36, 0x02, 0x00, 0x20, 0x00, 0x20, 0x02, 0xad, 0x42, 0x20, 0x86,
    0x42, 0x03, 0x84, 0x37, 0x02, 0x00, 0x0f, 0x0b, 0x41, 0x01, 0x20, 0x02,
    0x10, 0xa2, 0x80, 0x80, 0x80, 0x00, 0x00, 0x0b, 0x41, 0x04, 0x41, 0x0c,
    0x10, 0xa3, 0x80, 0x80, 0x80, 0x00, 0x00, 0x0b, 0x41, 0x04, 0x41, 0x0c,
    0x10, 0xa3, 0x80, 0x80, 0x80, 0x00, 0x00, 0x0b, 0x18, 0x00, 0x02, 0x40,
    0x20, 0x00, 0x28, 0x02, 0x00, 0x45, 0x0d, 0x00, 0x20, 0x00, 0x28, 0x02,
    0x04, 0x10, 0xac, 0x81, 0x80, 0x80, 0x00, 0x0b, 0x0b, 0x1e, 0x00, 0x20,
    0x00, 0x41, 0x00, 0x29, 0x02, 0xf4, 0xc0, 0xc0, 0x80, 0x00, 0x37, 0x02,
    0x08, 0x20, 0x00, 0x41, 0x00, 0x29, 0x02, 0xec, 0xc0, 0xc0, 0x80, 0x00,
    0x37, 0x02, 0x00, 0x0b, 0x14, 0x00, 0x20, 0x00, 0x41, 0x28, 0x36, 0x02,
    0x04, 0x20, 0x00, 0x41, 0xc4, 0xc0, 0xc0, 0x80, 0x00, 0x36, 0x02, 0x00,
    0x0b, 0x09, 0x00, 0x20, 0x00, 0x41, 0x00, 0x36, 0x02, 0x00, 0x0b, 0x02,
    0x00, 0x0b, 0x0d, 0x00, 0x20, 0x00, 0x20, 0x01, 0x10, 0xe2, 0x80, 0x80,
    0x80, 0x00, 0x00, 0x0b, 0x13, 0x00, 0x20, 0x00, 0x20, 0x01, 0x10, 0xe3,
    0x80, 0x80, 0x80, 0x00, 0x10, 0xcd, 0x80, 0x80, 0x80, 0x00, 0x00, 0x0b,
    0xee, 0x02, 0x02, 0x02, 0x7f, 0x01, 0x7e, 0x23, 0x80, 0x80, 0x80, 0x80,
    0x00, 0x41, 0x20, 0x6b, 0x22, 0x02, 0x24, 0x80, 0x80, 0x80, 0x80, 0x00,
    0x41, 0x00, 0x2d, 0x00, 0x91, 0xd2, 0xc0, 0x80, 0x00, 0x21, 0x03, 0x41,
    0x00, 0x41, 0x01, 0x3a, 0x00, 0x91, 0xd2, 0xc0, 0x80, 0x00, 0x41, 0x83,
    0x80, 0x80, 0x80, 0x00, 0xad, 0x42, 0x20, 0x86, 0x21, 0x04, 0x02, 0x40,
    0x02, 0x40, 0x20, 0x03, 0x0d, 0x00, 0x20, 0x02, 0x20, 0x01, 0x36, 0x02,
    0x0c, 0x20, 0x02, 0x20, 0x04, 0x20, 0x02, 0x41, 0x0c, 0x6a, 0xad, 0x84,
    0x37, 0x03, 0x10, 0x20, 0x02, 0x41, 0x04, 0x6a, 0x20, 0x02, 0x41, 0x1f,
    0x6a, 0x41, 0xef, 0x8f, 0xc0, 0x80, 0x00, 0x20, 0x02, 0x41, 0x10, 0x6a,
    0x10, 0xc5, 0x80, 0x80, 0x80, 0x00, 0x20, 0x02, 0x2d, 0x00, 0x04, 0x20,
    0x02, 0x28, 0x02, 0x08, 0x10, 0xc6, 0x80, 0x80, 0x80, 0x00, 0x10, 0xc9,
    0x80, 0x80, 0x80, 0x00, 0x02, 0x40, 0x02, 0x40, 0x02, 0x40, 0x02, 0x40,
    0x10, 0xc8, 0x80, 0x80, 0x80, 0x00, 0x41, 0xff, 0x01, 0x71, 0x0e, 0x03,
    0x00, 0x01, 0x02, 0x03, 0x0b, 0x20, 0x02, 0x41, 0x10, 0x6a, 0x20, 0x02,
    0x41, 0x1f, 0x6a, 0x41, 0x00, 0x10, 0xcb, 0x80, 0x80, 0x80, 0x00, 0x20,
    0x02, 0x2d, 0x00, 0x10, 0x20, 0x02, 0x28, 0x02, 0x14, 0x10, 0xc6, 0x80,
    0x80, 0x80, 0x00, 0x0c, 0x02, 0x0b, 0x20, 0x02, 0x41, 0x10, 0x6a, 0x20,
    0x02, 0x41, 0x1f, 0x6a, 0x41, 0x01, 0x10, 0xcb, 0x80, 0x80, 0x80, 0x00,
    0x20, 0x02, 0x2d, 0x00, 0x10, 0x20, 0x02, 0x28, 0x02, 0x14, 0x10, 0xc6,
    0x80, 0x80, 0x80, 0x00, 0x0c, 0x01, 0x0b, 0x20, 0x02, 0x41, 0x10, 0x6a,
    0x20, 0x02, 0x41, 0x1f, 0x6a, 0x41, 0xd8, 0xb6, 0xc0, 0x80, 0x00, 0x41,
    0x9d, 0x01, 0x10, 0xc5, 0x80, 0x80, 0x80, 0x00, 0x20, 0x02, 0x2d, 0x00,
    0x10, 0x20, 0x02, 0x28, 0x02, 0x14, 0x10, 0xc6, 0x80, 0x80, 0x80, 0x00,
    0x0b, 0x41, 0x00, 0x41, 0x00, 0x3a, 0x00, 0x92, 0xd2, 0xc0, 0x80, 0x00,
    0x0c, 0x01, 0x0b, 0x20, 0x02, 0x20, 0x01, 0x36, 0x02, 0x0c, 0x20, 0x02,
    0x20, 0x04, 0x20, 0x02, 0x41, 0x0c, 0x6a, 0xad, 0x84, 0x37, 0x03, 0x10,
    0x20, 0x02, 0x41, 0x04, 0x6a, 0x20, 0x02, 0x41, 0x1f, 0x6a, 0x41, 0x8f,
    0x8f, 0xc0, 0x80, 0x00, 0x20, 0x02, 0x41, 0x10, 0x6a, 0x10, 0xc5, 0x80,
    0x80, 0x80, 0x00, 0x20, 0x02, 0x2d, 0x00, 0x04, 0x20, 0x02, 0x28, 0x02,
    0x08, 0x10, 0xc6, 0x80, 0x80, 0x80, 0x00, 0x0b, 0x20, 0x02, 0x41, 0x20,
    0x6a, 0x24, 0x80, 0x80, 0x80, 0x80, 0x00, 0x0b, 0x0b, 0x00, 0x20, 0x00,
    0x10, 0xe5, 0x80, 0x80, 0x80, 0x00, 0x00, 0x0b, 0x96, 0x01, 0x01, 0x03,
    0x7f, 0x23, 0x80, 0x80, 0x80, 0x80, 0x00, 0x41, 0x10, 0x6b, 0x22, 0x01,
    0x24, 0x80, 0x80, 0x80, 0x80, 0x00, 0x02, 0x40, 0x20, 0x00, 0x28, 0x02,
    0x00, 0x22, 0x02, 0x28, 0x02, 0x04, 0x22, 0x03, 0x41, 0x01, 0x71, 0x45,
    0x0d, 0x00, 0x20, 0x02, 0x28, 0x02, 0x00, 0x21, 0x02, 0x20, 0x01, 0x20,
    0x03, 0x41, 0x01, 0x76, 0x36, 0x02, 0x04, 0x20, 0x01, 0x20, 0x02, 0x36,
    0x02, 0x00, 0x20, 0x01, 0x41, 0xa8, 0xb7, 0xc0, 0x80, 0x00, 0x20, 0x00,
    0x28, 0x02, 0x04, 0x20, 0x00, 0x28, 0x02, 0x08, 0x22, 0x00, 0x2d, 0x00,
    0x08, 0x20, 0x00, 0x2d, 0x00, 0x09, 0x10, 0xc4, 0x80, 0x80, 0x80, 0x00,
    0x00, 0x0b, 0x20, 0x01, 0x41, 0x7f, 0x36, 0x02, 0x00, 0x20, 0x01, 0x20,
    0x00, 0x36, 0x02, 0x0c, 0x20, 0x01, 0x41, 0xc4, 0xb7, 0xc0, 0x80, 0x00,
    0x20, 0x00, 0x28, 0x02, 0x04, 0x20, 0x00, 0x28, 0x02, 0x08, 0x22, 0x00,
    0x2d, 0x00, 0x08, 0x20, 0x00, 0x2d, 0x00, 0x09, 0x10, 0xc4, 0x80, 0x80,
    0x80, 0x00, 0x00, 0x0b, 0x1a, 0x00, 0x02, 0x40, 0x20, 0x00, 0x28, 0x02,
    0x00, 0x41, 0x01, 0x48, 0x0d, 0x00, 0x20, 0x00, 0x28, 0x02, 0x04, 0x10,
    0xac, 0x81, 0x80, 0x80, 0x00, 0x0b, 0x0b, 0x54, 0x00, 0x02, 0x40, 0x20,
    0x00, 0x28, 0x02, 0x00, 0x41, 0x7f, 0x46, 0x0d, 0x00, 0x20, 0x01, 0x28,
    0x02, 0x00, 0x20, 0x00, 0x28, 0x02, 0x04, 0x20, 0x00, 0x28, 0x02, 0x08,
    0x20, 0x01, 0x28, 0x02, 0x04, 0x28, 0x02, 0x0c, 0x11, 0x82, 0x80, 0x80,
    0x80, 0x00, 0x80, 0x80, 0x80, 0x80, 0x00, 0x0f, 0x0b, 0x20, 0x01, 0x28,
    0x02, 0x00, 0x20, 0x01, 0x28, 0x02, 0x04, 0x20, 0x00, 0x28, 0x02, 0x0c,
    0x28, 0x02, 0x00, 0x22, 0x00, 0x28, 0x02, 0x00, 0x20, 0x00, 0x28, 0x02,
    0x04, 0x10, 0xaf, 0x80, 0x80, 0x80, 0x00, 0x0b, 0xfd, 0x01, 0x02, 0x02,
    0x7f, 0x01, 0x7e, 0x23, 0x80, 0x80, 0x80, 0x80, 0x00, 0x41, 0x20, 0x6b,
    0x22, 0x02, 0x24, 0x80, 0x80, 0x80, 0x80, 0x00, 0x02, 0x40, 0x20, 0x01,
    0x28, 0x02, 0x00, 0x41, 0x7f, 0x47, 0x0d, 0x00, 0x20, 0x01, 0x28, 0x02,
    0x0c, 0x21, 0x03, 0x20, 0x02, 0x41, 0x00, 0x36, 0x02, 0x18, 0x20, 0x02,
    0x42, 0x80, 0x80, 0x80, 0x80, 0x10, 0x37, 0x02, 0x10, 0x20, 0x02, 0x41,
    0x10, 0x6a, 0x41, 0xc0, 0xb6, 0xc0, 0x80, 0x00, 0x20, 0x03, 0x28, 0x02,
    0x00, 0x22, 0x03, 0x28, 0x02, 0x00, 0x20, 0x03, 0x28, 0x02, 0x04, 0x10,
    0xaf, 0x80, 0x80, 0x80, 0x00, 0x1a, 0x20, 0x02, 0x20, 0x02, 0x28, 0x02,
    0x18, 0x22, 0x03, 0x36, 0x02, 0x08, 0x20, 0x02, 0x20, 0x02, 0x29, 0x02,
    0x10, 0x22, 0x04, 0x37, 0x03, 0x00, 0x20, 0x01, 0x20, 0x03, 0x36, 0x02,
    0x08, 0x20, 0x01, 0x20, 0x04, 0x37, 0x02, 0x00, 0x0b, 0x20, 0x01, 0x28,
    0x02, 0x08, 0x21, 0x03, 0x20, 0x01, 0x41, 0x00, 0x36, 0x02, 0x08, 0x20,
    0x01, 0x29, 0x02, 0x00, 0x21, 0x04, 0x20, 0x01, 0x42, 0x80, 0x80, 0x80,
    0x80, 0x10, 0x37, 0x02, 0x00, 0x20, 0x02, 0x20, 0x03, 0x36, 0x02, 0x18,
    0x20, 0x02, 0x20, 0x04, 0x37, 0x03, 0x10, 0x02, 0x40, 0x41, 0x0c, 0x10,
    0xa9, 0x81, 0x80, 0x80, 0x00, 0x22, 0x01, 0x0d, 0x00, 0x41, 0x04, 0x41,
    0x0c, 0x10, 0xa3, 0x80, 0x80, 0x80, 0x00, 0x00, 0x0b, 0x20, 0x01, 0x20,
    0x02, 0x28, 0x02, 0x18, 0x36, 0x02, 0x08, 0x20, 0x01, 0x20, 0x02, 0x29,
    0x03, 0x10, 0x37, 0x02, 0x00, 0x20, 0x00, 0x41, 0xa0, 0xbf, 0xc0, 0x80,
    0x00, 0x36, 0x02, 0x04, 0x20, 0x00, 0x20, 0x01, 0x36, 0x02, 0x00, 0x20,
    0x02, 0x41, 0x20, 0x6a, 0x24, 0x80, 0x80, 0x80, 0x80, 0x00, 0x0b, 0xa1,
    0x01, 0x02, 0x02, 0x7f, 0x01, 0x7e, 0x23, 0x80, 0x80, 0x80, 0x80, 0x00,
    0x41, 0x20, 0x6b, 0x22, 0x02, 0x24, 0x80, 0x80, 0x80, 0x80, 0x00, 0x02,
    0x40, 0x20, 0x01, 0x28, 0x02, 0x00, 0x41, 0x7f, 0x47, 0x0d, 0x00, 0x20,
    0x01, 0x28, 0x02, 0x0c, 0x21, 0x03, 0x20, 0x02, 0x41, 0x00, 0x36, 0x02,
    0x1c, 0x20, 0x02, 0x42, 0x80, 0x80, 0x80, 0x80, 0x10, 0x37, 0x02, 0x14,
    0x20, 0x02, 0x41, 0x14, 0x6a, 0x41, 0xc0, 0xb6, 0xc0, 0x80, 0x00, 0x20,
    0x03, 0x28, 0x02, 0x00, 0x22, 0x03, 0x28, 0x02, 0x00, 0x20, 0x03, 0x28,
    0x02, 0x04, 0x10, 0xaf, 0x80, 0x80, 0x80, 0x00, 0x1a, 0x20, 0x02, 0x20,
    0x02, 0x28, 0x02, 0x1c, 0x22, 0x03, 0x36, 0x02, 0x10, 0x20, 0x02, 0x20,
    0x02, 0x29, 0x02, 0x14, 0x22, 0x04, 0x37, 0x03, 0x08, 0x20, 0x01, 0x20,
    0x03, 0x36, 0x02, 0x08, 0x20, 0x01, 0x20, 0x04, 0x37, 0x02, 0x00, 0x0b,
    0x20, 0x00, 0x41, 0xa0, 0xbf, 0xc0, 0x80, 0x00, 0x36, 0x02, 0x04, 0x20,
    0x00, 0x20, 0x01, 0x36, 0x02, 0x00, 0x20, 0x02, 0x41, 0x20, 0x6a, 0x24,
    0x80, 0x80, 0x80, 0x80, 0x00, 0x0b, 0x18, 0x00, 0x02, 0x40, 0x20, 0x00,
    0x28, 0x02, 0x00, 0x45, 0x0d, 0x00, 0x20, 0x00, 0x28, 0x02, 0x04, 0x10,
    0xac, 0x81, 0x80, 0x80, 0x00, 0x0b, 0x0b, 0x1e, 0x00, 0x20, 0x00, 0x41,
    0x00, 0x29, 0x02, 0xa4, 0xb8, 0xc0, 0x80, 0x00, 0x37, 0x02, 0x08, 0x20,
    0x00, 0x41, 0x00, 0x29, 0x02, 0x9c, 0xb8, 0xc0, 0x80, 0x00, 0x37, 0x02,
    0x00, 0x0b, 0x5a, 0x01, 0x01, 0x7f, 0x02, 0x40, 0x02, 0x40, 0x02, 0x40,
    0x20, 0x02, 0x20, 0x00, 0x28, 0x02, 0x00, 0x20, 0x00, 0x28, 0x02, 0x08,
    0x22, 0x03, 0x6b, 0x4d, 0x0d, 0x00, 0x20, 0x00, 0x20, 0x03, 0x20, 0x02,
    0x10, 0x95, 0x80, 0x80, 0x80, 0x00, 0x20, 0x00, 0x28, 0x02, 0x08, 0x21,
    0x03, 0x0c, 0x01, 0x0b, 0x20, 0x02, 0x45, 0x0d, 0x01, 0x0b, 0x20, 0x02,
    0x45, 0x0d, 0x00, 0x20, 0x00, 0x28, 0x02, 0x04, 0x20, 0x03, 0x6a, 0x20,
    0x01, 0x20, 0x02, 0xfc, 0x0a, 0x00, 0x00, 0x0b, 0x20, 0x00, 0x20, 0x03,
    0x20, 0x02, 0x6a, 0x36, 0x02, 0x08, 0x41, 0x00, 0x0b, 0x9a, 0x02, 0x01,
    0x06, 0x7f, 0x20, 0x00, 0x28, 0x02, 0x08, 0x21, 0x02, 0x02, 0x40, 0x02,
    0x40, 0x20, 0x01, 0x41, 0x80, 0x01, 0x4f, 0x0d, 0x00, 0x41, 0x01, 0x21,
    0x03, 0x0c, 0x01, 0x0b, 0x02, 0x40, 0x20, 0x01, 0x41, 0x80, 0x10, 0x4f,
    0x0d, 0x00, 0x41, 0x02, 0x21, 0x03, 0x0c, 0x01, 0x0b, 0x41, 0x03, 0x41,
    0x04, 0x20, 0x01, 0x41, 0x80, 0x80, 0x04, 0x49, 0x1b, 0x21, 0x03, 0x0b,
    0x02, 0x40, 0x20, 0x03, 0x20, 0x00, 0x28, 0x02, 0x00, 0x20, 0x02, 0x6b,
    0x4d, 0x0d, 0x00, 0x20, 0x00, 0x20, 0x02, 0x20, 0x03, 0x10, 0x95, 0x80,
    0x80, 0x80, 0x00, 0x0b, 0x20, 0x00, 0x28, 0x02, 0x04, 0x20, 0x02, 0x6a,
    0x21, 0x04, 0x02, 0x40, 0x02, 0x40, 0x20, 0x01, 0x41, 0x80, 0x01, 0x49,
    0x0d, 0x00, 0x20, 0x01, 0x41, 0x3f, 0x71, 0x41, 0x80, 0x7f, 0x72, 0x21,
    0x05, 0x20, 0x01, 0x41, 0x06, 0x76, 0x21, 0x06, 0x02, 0x40, 0x20, 0x01,
    0x41, 0x80, 0x10, 0x4f, 0x0d, 0x00, 0x20, 0x04, 0x20, 0x05, 0x3a, 0x00,
    0x01, 0x20, 0x04, 0x20, 0x06, 0x41, 0xc0, 0x01, 0x72, 0x3a, 0x00, 0x00,
    0x0c, 0x02, 0x0b, 0x20, 0x01, 0x41, 0x0c, 0x76, 0x21, 0x07, 0x20, 0x06,
    0x41, 0x3f, 0x71, 0x41, 0x80, 0x7f, 0x72, 0x21, 0x06, 0x02, 0x40, 0x20,
    0x01, 0x41, 0xff, 0xff, 0x03, 0x4b, 0x0d, 0x00, 0x20, 0x04, 0x20, 0x05,
    0x3a, 0x00, 0x02, 0x20, 0x04, 0x20, 0x06, 0x3a, 0x00, 0x01, 0x20, 0x04,
    0x20, 0x07, 0x41, 0xe0, 0x01, 0x72, 0x3a, 0x00, 0x00, 0x0c, 0x02, 0x0b,
    0x20, 0x04, 0x20, 0x05, 0x3a, 0x00, 0x03, 0x20, 0x04, 0x20, 0x06, 0x3a,
    0x00, 0x02, 0x20, 0x04, 0x20, 0x07, 0x41, 0x3f, 0x71, 0x41, 0x80, 0x7f,
    0x72, 0x3a, 0x00, 0x01, 0x20, 0x04, 0x20, 0x01, 0x41, 0x12, 0x76, 0x41,
    0x70, 0x72, 0x3a, 0x00, 0x00, 0x0c, 0x01, 0x0b, 0x20, 0x04, 0x20, 0x01,
    0x3a, 0x00, 0x00, 0x0b, 0x20, 0x00, 0x20, 0x03, 0x20, 0x02, 0x6a, 0x36,
    0x02, 0x08, 0x41, 0x00, 0x0b, 0x14, 0x00, 0x20, 0x00, 0x41, 0xc0, 0xb6,
    0xc0, 0x80, 0x00, 0x20, 0x01, 0x20, 0x02, 0x10, 0xaf, 0x80, 0x80, 0x80,
    0x00, 0x0b, 0x24, 0x00, 0x20, 0x01, 0x28, 0x02, 0x00, 0x20, 0x00, 0x28,
    0x02, 0x00, 0x20, 0x00, 0x28, 0x02, 0x04, 0x20, 0x01, 0x28, 0x02, 0x04,
    0x28, 0x02, 0x0c, 0x11, 0x82, 0x80, 0x80, 0x80, 0x00, 0x80, 0x80, 0x80,
    0x80, 0x00, 0x0b, 0x4c, 0x01, 0x02, 0x7f, 0x20, 0x01, 0x28, 0x02, 0x04,
    0x21, 0x02, 0x20, 0x01, 0x28, 0x02, 0x00, 0x21, 0x03, 0x02, 0x40, 0x41,
    0x08, 0x10, 0xa9, 0x81, 0x80, 0x80, 0x00, 0x22, 0x01, 0x0d, 0x00, 0x41,
    0x04, 0x41, 0x08, 0x10, 0xa3, 0x80, 0x80, 0x80, 0x00, 0x00, 0x0b, 0x20,
    0x01, 0x20, 0x02, 0x36, 0x02, 0x04, 0x20, 0x01, 0x20, 0x03, 0x36, 0x02,
    0x00, 0x20, 0x00, 0x41, 0xd8, 0xbe, 0xc0, 0x80, 0x00, 0x36, 0x02, 0x04,
    0x20, 0x00, 0x20, 0x01, 0x36, 0x02, 0x00, 0x0b, 0x14, 0x00, 0x20, 0x00,
    0x41, 0xd8, 0xbe, 0xc0, 0x80, 0x00, 0x36, 0x02, 0x04, 0x20, 0x00, 0x20,
    0x01, 0x36, 0x02, 0x00, 0x0b, 0x0c, 0x00, 0x20, 0x00, 0x20, 0x01, 0x29,
    0x02, 0x00, 0x37, 0x03, 0x00, 0x0b, 0x0d, 0x00, 0x20, 0x00, 0x20, 0x01,
    0x10, 0xe1, 0x80, 0x80, 0x80, 0x00, 0x00, 0x0b, 0x97, 0x02, 0x01, 0x03,
    0x7f, 0x23, 0x80, 0x80, 0x80, 0x80, 0x00, 0x41, 0x10, 0x6b, 0x22, 0x02,
    0x24, 0x80, 0x80, 0x80, 0x80, 0x00, 0x20, 0x02, 0x20, 0x00, 0x41, 0x04,
    0x6a, 0x36, 0x02, 0x04, 0x20, 0x01, 0x28, 0x02, 0x00, 0x41, 0xe8, 0xbe,
    0xc0, 0x80, 0x00, 0x41, 0x09, 0x20, 0x01, 0x28, 0x02, 0x04, 0x28, 0x02,
    0x0c, 0x11, 0x82, 0x80, 0x80, 0x80, 0x00, 0x80, 0x80, 0x80, 0x80, 0x00,
    0x21, 0x03, 0x20, 0x02, 0x41, 0x00, 0x3a, 0x00, 0x0d, 0x20, 0x02, 0x20,
    0x03, 0x3a, 0x00, 0x0c, 0x20, 0x02, 0x20, 0x01, 0x36, 0x02, 0x08, 0x20,
    0x02, 0x41, 0x08, 0x6a, 0x41, 0xf1, 0xbe, 0xc0, 0x80, 0x00, 0x41, 0x0b,
    0x20, 0x00, 0x41, 0x90, 0x80, 0x80, 0x80, 0x00, 0x10, 0xba, 0x80, 0x80,
    0x80, 0x00, 0x41, 0xfc, 0xbe, 0xc0, 0x80, 0x00, 0x41, 0x09, 0x20, 0x02,
    0x41, 0x04, 0x6a, 0x41, 0x91, 0x80, 0x80, 0x80, 0x00, 0x10, 0xba, 0x80,
    0x80, 0x80, 0x00, 0x21, 0x04, 0x20, 0x02, 0x2d, 0x00, 0x0d, 0x22, 0x00,
    0x20, 0x02, 0x2d, 0x00, 0x0c, 0x22, 0x03, 0x72, 0x21, 0x01, 0x02, 0x40,
    0x20, 0x00, 0x41, 0x01, 0x47, 0x0d, 0x00, 0x20, 0x03, 0x41, 0x01, 0x71,
    0x0d, 0x00, 0x02, 0x40, 0x20, 0x04, 0x28, 0x02, 0x00, 0x22, 0x01, 0x2d,
    0x00, 0x0a, 0x41, 0x80, 0x01, 0x71, 0x0d, 0x00, 0x20, 0x01, 0x28, 0x02,
    0x00, 0x41, 0xed, 0xa0, 0xc0, 0x80, 0x00, 0x41, 0x02, 0x20, 0x01, 0x28,
    0x02, 0x04, 0x28, 0x02, 0x0c, 0x11, 0x82, 0x80, 0x80, 0x80, 0x00, 0x80,
    0x80, 0x80, 0x80, 0x00, 0x21, 0x01, 0x0c, 0x01, 0x0b, 0x20, 0x01, 0x28,
    0x02, 0x00, 0x41, 0xfe, 0x9a, 0xc0, 0x80, 0x00, 0x41, 0x01, 0x20, 0x01,
    0x28, 0x02, 0x04, 0x28, 0x02, 0x0c, 0x11, 0x82, 0x80, 0x80, 0x80, 0x00,
    0x80, 0x80, 0x80, 0x80, 0x00, 0x21, 0x01, 0x0b, 0x20, 0x02, 0x41, 0x10,
    0x6a, 0x24, 0x80, 0x80, 0x80, 0x80, 0x00, 0x20, 0x01, 0x41, 0x01, 0x71,
    0x0b, 0x8c, 0x02, 0x01, 0x02, 0x7f, 0x23, 0x80, 0x80, 0x80, 0x80, 0x00,
    0x41, 0x10, 0x6b, 0x22, 0x02, 0x24, 0x80, 0x80, 0x80, 0x80, 0x00, 0x02,
    0x40, 0x02, 0x40, 0x02, 0x40, 0x20, 0x01, 0x28, 0x02, 0x08, 0x22, 0x03,
    0x41, 0x80, 0x80, 0x80, 0x10, 0x71, 0x0d, 0x00, 0x20, 0x03, 0x41, 0x80,
    0x80, 0x80, 0x20, 0x71, 0x0d, 0x01, 0x20, 0x00, 0x20, 0x01, 0x10, 0x9c,
    0x80, 0x80, 0x80, 0x00, 0x21, 0x00, 0x0c, 0x02, 0x0b, 0x20, 0x00, 0x28,
    0x02, 0x00, 0x21, 0x03, 0x41, 0x09, 0x21, 0x00, 0x03, 0x40, 0x20, 0x02,
    0x41, 0x08, 0x6a, 0x20, 0x00, 0x6a, 0x41, 0x7e, 0x6a, 0x20, 0x03, 0x41,
    0x0f, 0x71, 0x2d, 0x00, 0xdf, 0x9a, 0xc0, 0x80, 0x00, 0x3a, 0x00, 0x00,
    0x20, 0x00, 0x41, 0x7f, 0x6a, 0x21, 0x00, 0x20, 0x03, 0x41, 0x04, 0x76,
    0x22, 0x03, 0x0d, 0x00, 0x0b, 0x20, 0x01, 0x41, 0x01, 0x41, 0xfe, 0xb1,
    0xc0, 0x80, 0x00, 0x41, 0x02, 0x20, 0x02, 0x41, 0x08, 0x6a, 0x20, 0x00,
    0x6a, 0x41, 0x7f, 0x6a, 0x41, 0x09, 0x20, 0x00, 0x6b, 0x10, 0xb4, 0x80,
    0x80, 0x80, 0x00, 0x21, 0x00, 0x0c, 0x01, 0x0b, 0x20, 0x00, 0x28, 0x02,
    0x00, 0x21, 0x03, 0x41, 0x09, 0x21, 0x00, 0x03, 0x40, 0x20, 0x02, 0x41,
    0x08, 0x6a, 0x20, 0x00, 0x6a, 0x41, 0x7e, 0x6a, 0x20, 0x03, 0x41, 0x0f,
    0x71, 0x2d, 0x00, 0x80, 0xb2, 0xc0, 0x80, 0x00, 0x3a, 0x00, 0x00, 0x20,
    0x00, 0x41, 0x7f, 0x6a, 0x21, 0x00, 0x20, 0x03, 0x41, 0x04, 0x76, 0x22,
    0x03, 0x0d, 0x00, 0x0b, 0x20, 0x01, 0x41, 0x01, 0x41, 0xfe, 0xb1, 0xc0,
    0x80, 0x00, 0x41, 0x02, 0x20, 0x02, 0x41, 0x08, 0x6a, 0x20, 0x00, 0x6a,
    0x41, 0x7f, 0x6a, 0x41, 0x09, 0x20, 0x00, 0x6b, 0x10, 0xb4, 0x80, 0x80,
    0x80, 0x00, 0x21, 0x00, 0x0b, 0x20, 0x02, 0x41, 0x10, 0x6a, 0x24, 0x80,
    0x80, 0x80, 0x80, 0x00, 0x20, 0x00, 0x0b, 0xfd, 0x02, 0x01, 0x05, 0x7f,
    0x23, 0x80, 0x80, 0x80, 0x80, 0x00, 0x41, 0x20, 0x6b, 0x22, 0x02, 0x24,
    0x80, 0x80, 0x80, 0x80, 0x00, 0x41, 0x01, 0x21, 0x03, 0x02, 0x40, 0x02,
    0x40, 0x20, 0x00, 0x28, 0x02, 0x00, 0x22, 0x00, 0x2d, 0x00, 0x00, 0x41,
    0x01, 0x47, 0x0d, 0x00, 0x20, 0x01, 0x28, 0x02, 0x00, 0x22, 0x04, 0x41,
    0x89, 0xbf, 0xc0, 0x80, 0x00, 0x41, 0x04, 0x20, 0x01, 0x28, 0x02, 0x04,
    0x22, 0x05, 0x28, 0x02, 0x0c, 0x22, 0x06, 0x11, 0x82, 0x80, 0x80, 0x80,
    0x00, 0x80, 0x80, 0x80, 0x80, 0x00, 0x0d, 0x01, 0x20, 0x00, 0x41, 0x01,
    0x6a, 0x21, 0x00, 0x02, 0x40, 0x02, 0x40, 0x20, 0x01, 0x2d, 0x00, 0x0a,
    0x41, 0x80, 0x01, 0x71, 0x0d, 0x00, 0x41, 0x01, 0x21, 0x03, 0x20, 0x04,
    0x41, 0xfb, 0x9a, 0xc0, 0x80, 0x00, 0x41, 0x01, 0x20, 0x06, 0x11, 0x82,
    0x80, 0x80, 0x80, 0x00, 0x80, 0x80, 0x80, 0x80, 0x00, 0x0d, 0x03, 0x20,
    0x00, 0x20, 0x01, 0x10, 0xf7, 0x80, 0x80, 0x80, 0x00, 0x0d, 0x03, 0x20,
    0x01, 0x28, 0x02, 0x00, 0x21, 0x04, 0x20, 0x01, 0x28, 0x02, 0x04, 0x28,
    0x02, 0x0c, 0x21, 0x06, 0x0c, 0x01, 0x0b, 0x20, 0x04, 0x41, 0xfc, 0x9a,
    0xc0, 0x80, 0x00, 0x41, 0x02, 0x20, 0x06, 0x11, 0x82, 0x80, 0x80, 0x80,
    0x00, 0x80, 0x80, 0x80, 0x80, 0x00, 0x0d, 0x02, 0x41, 0x01, 0x21, 0x03,
    0x20, 0x02, 0x41, 0x01, 0x3a, 0x00, 0x0f, 0x20, 0x02, 0x20, 0x05, 0x36,
    0x02, 0x04, 0x20, 0x02, 0x20, 0x04, 0x36, 0x02, 0x00, 0x20, 0x02, 0x41,
    0xf0, 0xa0, 0xc0, 0x80, 0x00, 0x36, 0x02, 0x14, 0x20, 0x02, 0x20, 0x01,
    0x29, 0x02, 0x08, 0x37, 0x02, 0x18, 0x20, 0x02, 0x20, 0x02, 0x41, 0x0f,
    0x6a, 0x36, 0x02, 0x08, 0x20, 0x02, 0x20, 0x02, 0x36, 0x02, 0x10, 0x20,
    0x00, 0x20, 0x02, 0x41, 0x10, 0x6a, 0x10, 0xf7, 0x80, 0x80, 0x80, 0x00,
    0x0d, 0x02, 0x20, 0x02, 0x28, 0x02, 0x10, 0x41, 0xf9, 0x9a, 0xc0, 0x80,
    0x00, 0x41, 0x02, 0x20, 0x02, 0x28, 0x02, 0x14, 0x28, 0x02, 0x0c, 0x11,
    0x82, 0x80, 0x80, 0x80, 0x00, 0x80, 0x80, 0x80, 0x80, 0x00, 0x0d, 0x02,
    0x0b, 0x20, 0x04, 0x41, 0xff, 0x9a, 0xc0, 0x80, 0x00, 0x41, 0x01, 0x20,
    0x06, 0x11, 0x82, 0x80, 0x80, 0x80, 0x00, 0x80, 0x80, 0x80, 0x80, 0x00,
    0x21, 0x03, 0x0c, 0x01, 0x0b, 0x20, 0x01, 0x28, 0x02, 0x00, 0x41, 0x85,
    0xbf, 0xc0, 0x80, 0x00, 0x41, 0x04, 0x20, 0x01, 0x28, 0x02, 0x04, 0x28,
    0x02, 0x0c, 0x11, 0x82, 0x80, 0x80, 0x80, 0x00, 0x80, 0x80, 0x80, 0x80,
    0x00, 0x21, 0x03, 0x0b, 0x20, 0x02, 0x41, 0x20, 0x6a, 0x24, 0x80, 0x80,
    0x80, 0x80, 0x00, 0x20, 0x03, 0x0b, 0x92, 0x03, 0x01, 0x03, 0x7f, 0x23,
    0x80, 0x80, 0x80, 0x80, 0x00, 0x41, 0x10, 0x6b, 0x22, 0x02, 0x24, 0x80,
    0x80, 0x80, 0x80, 0x00, 0x02, 0x40, 0x02, 0x40, 0x02, 0x40, 0x20, 0x01,
    0x28, 0x02, 0x08, 0x22, 0x03, 0x41, 0x80, 0x80, 0x80, 0x10, 0x71, 0x0d,
    0x00, 0x20, 0x03, 0x41, 0x80, 0x80, 0x80, 0x20, 0x71, 0x0d, 0x01, 0x41,
    0x03, 0x21, 0x03, 0x20, 0x00, 0x2d, 0x00, 0x00, 0x22, 0x00, 0x21, 0x04,
    0x02, 0x40, 0x20, 0x00, 0x41, 0x0a, 0x49, 0x0d, 0x00, 0x41, 0x01, 0x21,
    0x03, 0x20, 0x02, 0x20, 0x00, 0x20, 0x00, 0x41, 0xe4, 0x00, 0x6e, 0x22,
    0x04, 0x41, 0xe4, 0x00, 0x6c, 0x6b, 0x41, 0xff, 0x01, 0x71, 0x41, 0x01,
    0x74, 0x2f, 0x00, 0xb5, 0xa1, 0xc0, 0x80, 0x00, 0x3b, 0x00, 0x0c, 0x0b,
    0x02, 0x40, 0x02, 0x40, 0x20, 0x00, 0x45, 0x0d, 0x00, 0x20, 0x04, 0x45,
    0x0d, 0x01, 0x0b, 0x20, 0x02, 0x41, 0x0b, 0x6a, 0x20, 0x03, 0x41, 0x7f,
    0x6a, 0x22, 0x03, 0x6a, 0x20, 0x04, 0x41, 0x01, 0x74, 0x2d, 0x00, 0xb6,
    0xa1, 0xc0, 0x80, 0x00, 0x3a, 0x00, 0x00, 0x0b, 0x20, 0x01, 0x41, 0x01,
    0x41, 0x01, 0x41, 0x00, 0x20, 0x02, 0x41, 0x0b, 0x6a, 0x20, 0x03, 0x6a,
    0x41, 0x03, 0x20, 0x03, 0x6b, 0x10, 0xb4, 0x80, 0x80, 0x80, 0x00, 0x21,
    0x00, 0x0c, 0x02, 0x0b, 0x20, 0x00, 0x2d, 0x00, 0x00, 0x21, 0x03, 0x41,
    0x03, 0x21, 0x00, 0x03, 0x40, 0x20, 0x02, 0x41, 0x09, 0x6a, 0x20, 0x00,
    0x6a, 0x41, 0x7e, 0x6a, 0x20, 0x03, 0x41, 0x0f, 0x71, 0x41, 0xdf, 0x9a,
    0xc0, 0x80, 0x00, 0x6a, 0x2d, 0x00, 0x00, 0x3a, 0x00, 0x00, 0x20, 0x00,
    0x41, 0x7f, 0x6a, 0x21, 0x00, 0x20, 0x03, 0x41, 0x04, 0x76, 0x41, 0x0f,
    0x71, 0x22, 0x03, 0x0d, 0x00, 0x0b, 0x20, 0x01, 0x41, 0x01, 0x41, 0xfe,
    0xb1, 0xc0, 0x80, 0x00, 0x41, 0x02, 0x20, 0x02, 0x41, 0x09, 0x6a, 0x20,
    0x00, 0x6a, 0x41, 0x7f, 0x6a, 0x41, 0x03, 0x20, 0x00, 0x6b, 0x10, 0xb4,
    0x80, 0x80, 0x80, 0x00, 0x21, 0x00, 0x0c, 0x01, 0x0b, 0x20, 0x00, 0x2d,
    0x00, 0x00, 0x21, 0x03, 0x41, 0x03, 0x21, 0x00, 0x03, 0x40, 0x20, 0x02,
    0x41, 0x0e, 0x6a, 0x20, 0x00, 0x6a, 0x41, 0x7e, 0x6a, 0x20, 0x03, 0x41,
    0x0f, 0x71, 0x41, 0x80, 0xb2, 0xc0, 0x80, 0x00, 0x6a, 0x2d, 0x00, 0x00,
    0x3a, 0x00, 0x00, 0x20, 0x00, 0x41, 0x7f, 0x6a, 0x21, 0x00, 0x20, 0x03,
    0x41, 0x04, 0x76, 0x41, 0x0f, 0x71, 0x22, 0x03, 0x0d, 0x00, 0x0b, 0x20,
    0x01, 0x41, 0x01, 0x41, 0xfe, 0xb1, 0xc0, 0x80, 0x00, 0x41, 0x02, 0x20,
    0x02, 0x41, 0x0e, 0x6a, 0x20, 0x00, 0x6a, 0x41, 0x7f, 0x6a, 0x41, 0x03,
    0x20, 0x00, 0x6b, 0x10, 0xb4, 0x80, 0x80, 0x80, 0x00, 0x21, 0x00, 0x0b,
    0x20, 0x02, 0x41, 0x10, 0x6a, 0x24, 0x80, 0x80, 0x80, 0x80, 0x00, 0x20,
    0x00, 0x0b, 0x14, 0x00, 0x20, 0x01, 0x20, 0x00, 0x28, 0x02, 0x04, 0x20,
    0x00, 0x28, 0x02, 0x08, 0x10, 0xaa, 0x80, 0x80, 0x80, 0x00, 0x0b, 0xc6,
    0x03, 0x02, 0x02, 0x7f, 0x03, 0x7e, 0x23, 0x80, 0x80, 0x80, 0x80, 0x00,
    0x41, 0x10, 0x6b, 0x22, 0x04, 0x24, 0x80, 0x80, 0x80, 0x80, 0x00, 0x02,
    0x40, 0x02, 0x40, 0x20, 0x03, 0x20, 0x01, 0x28, 0x02, 0x00, 0x22, 0x05,
    0x20, 0x01, 0x28, 0x02, 0x08, 0x6b, 0x4d, 0x0d, 0x00, 0x20, 0x04, 0x41,
    0x08, 0x6a, 0x20, 0x01, 0x10, 0x9f, 0x80, 0x80, 0x80, 0x00, 0x02, 0x40,
    0x20, 0x04, 0x2d, 0x00, 0x08, 0x41, 0xff, 0x01, 0x46, 0x0d, 0x00, 0x20,
    0x00, 0x20, 0x04, 0x29, 0x03, 0x08, 0x37, 0x02, 0x00, 0x0c, 0x02, 0x0b,
    0x20, 0x01, 0x28, 0x02, 0x00, 0x21, 0x05, 0x0b, 0x02, 0x40, 0x20, 0x03,
    0x20, 0x05, 0x4f, 0x0d, 0x00, 0x20, 0x01, 0x28, 0x02, 0x08, 0x21, 0x05,
    0x02, 0x40, 0x20, 0x03, 0x45, 0x0d, 0x00, 0x20, 0x01, 0x28, 0x02, 0x04,
    0x20, 0x05, 0x6a, 0x20, 0x02, 0x20, 0x03, 0xfc, 0x0a, 0x00, 0x00, 0x0b,
    0x20, 0x00, 0x41, 0xff, 0x01, 0x3a, 0x00, 0x00, 0x20, 0x01, 0x20, 0x05,
    0x20, 0x03, 0x6a, 0x36, 0x02, 0x08, 0x0c, 0x01, 0x0b, 0x20, 0x01, 0x41,
    0x01, 0x3a, 0x00, 0x0c, 0x42, 0x00, 0x21, 0x06, 0x02, 0x40, 0x02, 0x40,
    0x02, 0x40, 0x02, 0x40, 0x02, 0x40, 0x02, 0x40, 0x20, 0x03, 0x45, 0x0d,
    0x00, 0x03, 0x40, 0x02, 0x40, 0x02, 0x40, 0x41, 0x01, 0x20, 0x02, 0x20,
    0x03, 0x10, 0x81, 0x81, 0x80, 0x80, 0x00, 0x22, 0x05, 0x41, 0x7f, 0x47,
    0x0d, 0x00, 0x20, 0x04, 0x41, 0x00, 0x3a, 0x00, 0x0b, 0x20, 0x04, 0x41,
    0x00, 0x3b, 0x00, 0x09, 0x20, 0x04, 0x41, 0x00, 0x3a, 0x00, 0x08, 0x20,
    0x04, 0x41, 0x00, 0x28, 0x02, 0x94, 0xd2, 0xc0, 0x80, 0x00, 0x22, 0x05,
    0x36, 0x02, 0x0c, 0x20, 0x05, 0x41, 0x1b, 0x46, 0x0d, 0x01, 0x20, 0x04,
    0x41, 0x08, 0x6a, 0x21, 0x03, 0x0c, 0x05, 0x0b, 0x20, 0x04, 0x20, 0x05,
    0x36, 0x02, 0x0c, 0x20, 0x04, 0x41, 0xff, 0x01, 0x3a, 0x00, 0x08, 0x02,
    0x40, 0x20, 0x05, 0x0d, 0x00, 0x41, 0xc8, 0xbc, 0xc0, 0x80, 0x00, 0x21,
    0x03, 0x0c, 0x05, 0x0b, 0x20, 0x03, 0x20, 0x05, 0x49, 0x0d, 0x03, 0x20,
    0x02, 0x20, 0x05, 0x6a, 0x21, 0x02, 0x20, 0x03, 0x20, 0x05, 0x6b, 0x21,
    0x03, 0x0b, 0x20, 0x03, 0x0d, 0x00, 0x0b, 0x0b, 0x42, 0xff, 0x01, 0x21,
    0x07, 0x42, 0x00, 0x21, 0x08, 0x0c, 0x02, 0x0b, 0x20, 0x05, 0x20, 0x03,
    0x20, 0x03, 0x41, 0xb4, 0xc0, 0xc0, 0x80, 0x00, 0x10, 0x96, 0x80, 0x80,
    0x80, 0x00, 0x00, 0x0b, 0x20, 0x03, 0x29, 0x03, 0x00, 0x22, 0x07, 0x42,
    0x20, 0x88, 0x21, 0x06, 0x02, 0x40, 0x20, 0x07, 0x42, 0xff, 0x01, 0x83,
    0x42, 0x00, 0x51, 0x0d, 0x00, 0x20, 0x07, 0x21, 0x08, 0x0c, 0x01, 0x0b,
    0x20, 0x07, 0x21, 0x08, 0x20, 0x06, 0x42, 0x08, 0x51, 0x0d, 0x01, 0x0b,
    0x20, 0x00, 0x20, 0x08, 0x42, 0x80, 0xfe, 0xff, 0xff, 0x0f, 0x83, 0x20,
    0x06, 0x42, 0x20, 0x86, 0x84, 0x20, 0x07, 0x42, 0xff, 0x01, 0x83, 0x84,
    0x37, 0x02, 0x00, 0x0c, 0x01, 0x0b, 0x20, 0x00, 0x41, 0xff, 0x01, 0x3a,
    0x00, 0x00, 0x0b, 0x20, 0x01, 0x41, 0x00, 0x3a, 0x00, 0x0c, 0x0b, 0x20,
    0x04, 0x41, 0x10, 0x6a, 0x24, 0x80, 0x80, 0x80, 0x80, 0x00, 0x0b, 0xba,
    0x01, 0x01, 0x01, 0x7f, 0x02, 0x40, 0x02, 0x40, 0x02, 0x40, 0x02, 0x40,
    0x41, 0x00, 0x2d, 0x00, 0xe8, 0xd1, 0xc0, 0x80, 0x00, 0x0e, 0x04, 0x00,
    0x00, 0x03, 0x01, 0x00, 0x0b, 0x41, 0x00, 0x41, 0x02, 0x3a, 0x00, 0xe8,
    0xd1, 0xc0, 0x80, 0x00, 0x41, 0x80, 0x08, 0x10, 0xa9, 0x81, 0x80, 0x80,
    0x00, 0x22, 0x00, 0x45, 0x0d, 0x01, 0x41, 0x00, 0x41, 0x03, 0x3a, 0x00,
    0xe8, 0xd1, 0xc0, 0x80, 0x00, 0x41, 0x00, 0x20, 0x00, 0x36, 0x02, 0xd8,
    0xd1, 0xc0, 0x80, 0x00, 0x41, 0x00, 0x42, 0x80, 0x80, 0x80, 0x80, 0x80,
    0x80, 0x01, 0x37, 0x03, 0xd0, 0xd1, 0xc0, 0x80, 0x00, 0x41, 0x00, 0x42,
    0x00, 0x37, 0x03, 0xc0, 0xd1, 0xc0, 0x80, 0x00, 0x41, 0x00, 0x41, 0x00,
    0x3a, 0x00, 0xe0, 0xd1, 0xc0, 0x80, 0x00, 0x41, 0x00, 0x41, 0x00, 0x36,
    0x02, 0xdc, 0xd1, 0xc0, 0x80, 0x00, 0x41, 0x00, 0x41, 0x00, 0x3a, 0x00,
    0xcc, 0xd1, 0xc0, 0x80, 0x00, 0x41, 0x00, 0x41, 0x00, 0x36, 0x02, 0xc8,
    0xd1, 0xc0, 0x80, 0x00, 0x0b, 0x0f, 0x0b, 0x41, 0x01, 0x41, 0x80, 0x08,
    0x10, 0xa2, 0x80, 0x80, 0x80, 0x00, 0x00, 0x0b, 0x41, 0x8e, 0xb3, 0xc0,
    0x80, 0x00, 0x41, 0xf1, 0x00, 0x41, 0xd4, 0xb2, 0xc0, 0x80, 0x00, 0x10,
    0x9e, 0x80, 0x80, 0x80, 0x00, 0x00, 0x0b, 0x97, 0x08, 0x02, 0x09, 0x7f,
    0x01, 0x7e, 0x23, 0x80, 0x80, 0x80, 0x80, 0x00, 0x41, 0x10, 0x6b, 0x22,
    0x04, 0x24, 0x80, 0x80, 0x80, 0x80, 0x00, 0x02, 0x40, 0x02, 0x40, 0x02,
    0x40, 0x02, 0x40, 0x02, 0x40, 0x02, 0x40, 0x02, 0x40, 0x02, 0x40, 0x02,
    0x40, 0x20, 0x01, 0x28, 0x02, 0x10, 0x0d, 0x00, 0x20, 0x01, 0x41, 0x7f,
    0x36, 0x02, 0x10, 0x20, 0x03, 0x21, 0x05, 0x20, 0x03, 0x21, 0x06, 0x02,
    0x40, 0x20, 0x03, 0x20, 0x02, 0x41, 0x03, 0x6a, 0x41, 0x7c, 0x71, 0x20,
    0x02, 0x6b, 0x22, 0x07, 0x49, 0x0d, 0x00, 0x20, 0x03, 0x20, 0x03, 0x20,
    0x07, 0x6b, 0x41, 0x07, 0x71, 0x22, 0x08, 0x6b, 0x21, 0x05, 0x20, 0x03,
    0x20, 0x08, 0x49, 0x0d, 0x09, 0x20, 0x07, 0x21, 0x06, 0x0b, 0x20, 0x01,
    0x41, 0x14, 0x6a, 0x21, 0x09, 0x41, 0x00, 0x20, 0x05, 0x6b, 0x21, 0x0a,
    0x20, 0x02, 0x41, 0x7f, 0x6a, 0x21, 0x0b, 0x20, 0x03, 0x21, 0x07, 0x02,
    0x40, 0x03, 0x40, 0x02, 0x40, 0x20, 0x0a, 0x20, 0x07, 0x6a, 0x0d, 0x00,
    0x02, 0x40, 0x03, 0x40, 0x20, 0x05, 0x22, 0x07, 0x20, 0x06, 0x4d, 0x0d,
    0x01, 0x20, 0x07, 0x41, 0x78, 0x6a, 0x21, 0x05, 0x41, 0x80, 0x82, 0x84,
    0x08, 0x20, 0x02, 0x20, 0x07, 0x6a, 0x22, 0x08, 0x41, 0x78, 0x6a, 0x28,
    0x02, 0x00, 0x22, 0x0a, 0x41, 0x8a, 0x94, 0xa8, 0xd0, 0x00, 0x73, 0x6b,
    0x20, 0x0a, 0x72, 0x41, 0x80, 0x82, 0x84, 0x08, 0x20, 0x08, 0x41, 0x7c,
    0x6a, 0x28, 0x02, 0x00, 0x22, 0x08, 0x41, 0x8a, 0x94, 0xa8, 0xd0, 0x00,
    0x73, 0x6b, 0x20, 0x08, 0x72, 0x71, 0x41, 0x80, 0x81, 0x82, 0x84, 0x78,
    0x71, 0x41, 0x80, 0x81, 0x82, 0x84, 0x78, 0x46, 0x0d, 0x00, 0x0b, 0x0b,
    0x20, 0x07, 0x20, 0x03, 0x4b, 0x0d, 0x04, 0x03, 0x40, 0x20, 0x07, 0x22,
    0x08, 0x45, 0x0d, 0x08, 0x20, 0x08, 0x41, 0x7f, 0x6a, 0x22, 0x07, 0x20,
    0x02, 0x6a, 0x2d, 0x00, 0x00, 0x41, 0x0a, 0x47, 0x0d, 0x00, 0x0c, 0x03,
    0x0b, 0x0b, 0x20, 0x0b, 0x20, 0x07, 0x6a, 0x21, 0x08, 0x20, 0x07, 0x41,
    0x7f, 0x6a, 0x22, 0x0c, 0x21, 0x07, 0x20, 0x08, 0x2d, 0x00, 0x00, 0x41,
    0x0a, 0x47, 0x0d, 0x00, 0x0b, 0x20, 0x0a, 0x20, 0x0c, 0x6a, 0x41, 0x01,
    0x6a, 0x20, 0x05, 0x6a, 0x21, 0x08, 0x0b, 0x20, 0x03, 0x20, 0x08, 0x49,
    0x0d, 0x02, 0x02, 0x40, 0x20, 0x01, 0x28, 0x02, 0x1c, 0x22, 0x07, 0x0d,
    0x00, 0x20, 0x08, 0x45, 0x0d, 0x07, 0x20, 0x02, 0x21, 0x0a, 0x20, 0x08,
    0x21, 0x05, 0x03, 0x40, 0x02, 0x40, 0x02, 0x40, 0x41, 0x01, 0x20, 0x0a,
    0x20, 0x05, 0x10, 0x81, 0x81, 0x80, 0x80, 0x00, 0x22, 0x07, 0x41, 0x7f,
    0x47, 0x0d, 0x00, 0x20, 0x04, 0x41, 0x00, 0x3a, 0x00, 0x0b, 0x20, 0x04,
    0x41, 0x00, 0x3b, 0x00, 0x09, 0x20, 0x04, 0x41, 0x00, 0x3a, 0x00, 0x08,
    0x20, 0x04, 0x41, 0x00, 0x28, 0x02, 0x94, 0xd2, 0xc0, 0x80, 0x00, 0x22,
    0x07, 0x36, 0x02, 0x0c, 0x20, 0x07, 0x41, 0x1b, 0x46, 0x0d, 0x01, 0x20,
    0x04, 0x41, 0x08, 0x6a, 0x21, 0x07, 0x0c, 0x09, 0x0b, 0x20, 0x04, 0x20,
    0x07, 0x36, 0x02, 0x0c, 0x20, 0x04, 0x41, 0xff, 0x01, 0x3a, 0x00, 0x08,
    0x02, 0x40, 0x20, 0x07, 0x0d, 0x00, 0x41, 0xc8, 0xbc, 0xc0, 0x80, 0x00,
    0x21, 0x07, 0x0c, 0x09, 0x0b, 0x20, 0x05, 0x20, 0x07, 0x49, 0x0d, 0x06,
    0x20, 0x0a, 0x20, 0x07, 0x6a, 0x21, 0x0a, 0x20, 0x05, 0x20, 0x07, 0x6b,
    0x21, 0x05, 0x0b, 0x20, 0x05, 0x0d, 0x00, 0x0c, 0x08, 0x0b, 0x0b, 0x02,
    0x40, 0x02, 0x40, 0x20, 0x08, 0x20, 0x09, 0x28, 0x02, 0x00, 0x20, 0x07,
    0x6b, 0x49, 0x0d, 0x00, 0x20, 0x04, 0x41, 0x08, 0x6a, 0x20, 0x09, 0x20,
    0x02, 0x20, 0x08, 0x10, 0xf9, 0x80, 0x80, 0x80, 0x00, 0x20, 0x04, 0x2d,
    0x00, 0x08, 0x41, 0xff, 0x01, 0x46, 0x0d, 0x01, 0x20, 0x00, 0x20, 0x04,
    0x29, 0x03, 0x08, 0x37, 0x02, 0x00, 0x0c, 0x09, 0x0b, 0x02, 0x40, 0x20,
    0x08, 0x45, 0x0d, 0x00, 0x20, 0x01, 0x28, 0x02, 0x18, 0x20, 0x07, 0x6a,
    0x20, 0x02, 0x20, 0x08, 0xfc, 0x0a, 0x00, 0x00, 0x0b, 0x20, 0x01, 0x20,
    0x07, 0x20, 0x08, 0x6a, 0x36, 0x02, 0x1c, 0x0b, 0x20, 0x04, 0x41, 0x08,
    0x6a, 0x20, 0x09, 0x10, 0x9f, 0x80, 0x80, 0x80, 0x00, 0x20, 0x04, 0x2d,
    0x00, 0x08, 0x41, 0xff, 0x01, 0x46, 0x0d, 0x06, 0x20, 0x00, 0x20, 0x04,
    0x29, 0x03, 0x08, 0x37, 0x02, 0x00, 0x0c, 0x07, 0x0b, 0x41, 0xb0, 0xbf,
    0xc0, 0x80, 0x00, 0x10, 0xa1, 0x80, 0x80, 0x80, 0x00, 0x00, 0x0b, 0x41,
    0x00, 0x20, 0x07, 0x20, 0x03, 0x41, 0x80, 0xa5, 0xc0, 0x80, 0x00, 0x10,
    0x96, 0x80, 0x80, 0x80, 0x00, 0x00, 0x0b, 0x41, 0xac, 0xb8, 0xc0, 0x80,
    0x00, 0x41, 0x13, 0x41, 0x90, 0xbf, 0xc0, 0x80, 0x00, 0x10, 0x9e, 0x80,
    0x80, 0x80, 0x00, 0x00, 0x0b, 0x20, 0x07, 0x20, 0x05, 0x20, 0x05, 0x41,
    0xb4, 0xc0, 0xc0, 0x80, 0x00, 0x10, 0x96, 0x80, 0x80, 0x80, 0x00, 0x00,
    0x0b, 0x02, 0x40, 0x02, 0x40, 0x02, 0x40, 0x20, 0x01, 0x28, 0x02, 0x1c,
    0x22, 0x07, 0x0d, 0x00, 0x41, 0x00, 0x21, 0x07, 0x0c, 0x01, 0x0b, 0x20,
    0x01, 0x28, 0x02, 0x18, 0x20, 0x07, 0x6a, 0x41, 0x7f, 0x6a, 0x2d, 0x00,
    0x00, 0x41, 0x0a, 0x47, 0x0d, 0x00, 0x20, 0x04, 0x41, 0x08, 0x6a, 0x20,
    0x09, 0x10, 0x9f, 0x80, 0x80, 0x80, 0x00, 0x20, 0x04, 0x2d, 0x00, 0x08,
    0x41, 0xff, 0x01, 0x47, 0x0d, 0x01, 0x20, 0x01, 0x28, 0x02, 0x1c, 0x21,
    0x07, 0x0b, 0x02, 0x40, 0x20, 0x03, 0x20, 0x09, 0x28, 0x02, 0x00, 0x20,
    0x07, 0x6b, 0x49, 0x0d, 0x00, 0x20, 0x00, 0x20, 0x09, 0x20, 0x02, 0x20,
    0x03, 0x10, 0xf9, 0x80, 0x80, 0x80, 0x00, 0x0c, 0x04, 0x0b, 0x02, 0x40,
    0x20, 0x03, 0x45, 0x0d, 0x00, 0x20, 0x01, 0x28, 0x02, 0x18, 0x20, 0x07,
    0x6a, 0x20, 0x02, 0x20, 0x03, 0xfc, 0x0a, 0x00, 0x00, 0x0b, 0x20, 0x00,
    0x41, 0xff, 0x01, 0x3a, 0x00, 0x00, 0x20, 0x01, 0x20, 0x07, 0x20, 0x03,
    0x6a, 0x36, 0x02, 0x1c, 0x0c, 0x03, 0x0b, 0x20, 0x00, 0x20, 0x04, 0x29,
    0x03, 0x08, 0x37, 0x02, 0x00, 0x0c, 0x02, 0x0b, 0x20, 0x07, 0x29, 0x03,
    0x00, 0x22, 0x0d, 0x42, 0xff, 0x81, 0x80, 0x80, 0x70, 0x83, 0x42, 0x80,
    0x80, 0x80, 0x80, 0x80, 0x01, 0x51, 0x0d, 0x00, 0x20, 0x0d, 0x42, 0xff,
    0x01, 0x83, 0x42, 0xff, 0x01, 0x51, 0x0d, 0x00, 0x20, 0x00, 0x20, 0x0d,
    0x37, 0x02, 0x00, 0x0c, 0x01, 0x0b, 0x20, 0x02, 0x20, 0x08, 0x6a, 0x21,
    0x02, 0x02, 0x40, 0x20, 0x03, 0x20, 0x08, 0x6b, 0x22, 0x07, 0x20, 0x01,
    0x28, 0x02, 0x14, 0x20, 0x01, 0x28, 0x02, 0x1c, 0x22, 0x08, 0x6b, 0x49,
    0x0d, 0x00, 0x20, 0x00, 0x20, 0x09, 0x20, 0x02, 0x20, 0x07, 0x10, 0xf9,
    0x80, 0x80, 0x80, 0x00, 0x0c, 0x01, 0x0b, 0x02, 0x40, 0x20, 0x07, 0x45,
    0x0d, 0x00, 0x20, 0x01, 0x28, 0x02, 0x18, 0x20, 0x08, 0x6a, 0x20, 0x02,
    0x20, 0x07, 0xfc, 0x0a, 0x00, 0x00, 0x0b, 0x20, 0x00, 0x41, 0xff, 0x01,
    0x3a, 0x00, 0x00, 0x20, 0x01, 0x20, 0x08, 0x20, 0x07, 0x6a, 0x36, 0x02,
    0x1c, 0x0b, 0x20, 0x01, 0x20, 0x01, 0x28, 0x02, 0x10, 0x41, 0x01, 0x6a,
    0x36, 0x02, 0x10, 0x20, 0x04, 0x41, 0x10, 0x6a, 0x24, 0x80, 0x80, 0x80,
    0x80, 0x00, 0x0f, 0x0b, 0x20, 0x05, 0x20, 0x03, 0x20, 0x03, 0x41, 0x90,
    0xa5, 0xc0, 0x80, 0x00, 0x10, 0x96, 0x80, 0x80, 0x80, 0x00, 0x00, 0x0b,
    0xaf, 0x01, 0x01, 0x04, 0x7f, 0x23, 0x80, 0x80, 0x80, 0x80, 0x00, 0x41,
    0x10, 0x6b, 0x22, 0x03, 0x24, 0x80, 0x80, 0x80, 0x80, 0x00, 0x20, 0x03,
    0x41, 0x08, 0x6a, 0x20, 0x00, 0x28, 0x02, 0x08, 0x28, 0x02, 0x00, 0x20,
    0x01, 0x20, 0x02, 0x10, 0xfb, 0x80, 0x80, 0x80, 0x00, 0x02, 0x40, 0x20,
    0x03, 0x2d, 0x00, 0x08, 0x22, 0x02, 0x41, 0xff, 0x01, 0x46, 0x0d, 0x00,
    0x02, 0x40, 0x20, 0x00, 0x2d, 0x00, 0x00, 0x41, 0x03, 0x47, 0x0d, 0x00,
    0x20, 0x00, 0x28, 0x02, 0x04, 0x22, 0x01, 0x28, 0x02, 0x00, 0x21, 0x04,
    0x02, 0x40, 0x20, 0x01, 0x41, 0x04, 0x6a, 0x28, 0x02, 0x00, 0x22, 0x05,
    0x28, 0x02, 0x00, 0x22, 0x06, 0x45, 0x0d, 0x00, 0x20, 0x04, 0x20, 0x06,
    0x11, 0x80, 0x80, 0x80, 0x80, 0x00, 0x80, 0x80, 0x80, 0x80, 0x00, 0x0b,
    0x02, 0x40, 0x20, 0x05, 0x28, 0x02, 0x04, 0x45, 0x0d, 0x00, 0x20, 0x04,
    0x10, 0xac, 0x81, 0x80, 0x80, 0x00, 0x0b, 0x20, 0x01, 0x10, 0xac, 0x81,
    0x80, 0x80, 0x00, 0x0b, 0x20, 0x00, 0x20, 0x03, 0x29, 0x03, 0x08, 0x37,
    0x02, 0x00, 0x0b, 0x20, 0x03, 0x41, 0x10, 0x6a, 0x24, 0x80, 0x80, 0x80,
    0x80, 0x00, 0x20, 0x02, 0x41, 0xff, 0x01, 0x47, 0x0b, 0xf3, 0x02, 0x01,
    0x05, 0x7f, 0x23, 0x80, 0x80, 0x80, 0x80, 0x00, 0x41, 0x10, 0x6b, 0x22,
    0x02, 0x24, 0x80, 0x80, 0x80, 0x80, 0x00, 0x20, 0x02, 0x41, 0x00, 0x36,
    0x02, 0x04, 0x02, 0x40, 0x02, 0x40, 0x20, 0x01, 0x41, 0x80, 0x01, 0x49,
    0x0d, 0x00, 0x20, 0x01, 0x41, 0x3f, 0x71, 0x41, 0x80, 0x7f, 0x72, 0x21,
    0x03, 0x20, 0x01, 0x41, 0x06, 0x76, 0x21, 0x04, 0x02, 0x40, 0x20, 0x01,
    0x41, 0x80, 0x10, 0x4f, 0x0d, 0x00, 0x20, 0x02, 0x20, 0x03, 0x3a, 0x00,
    0x05, 0x20, 0x02, 0x20, 0x04, 0x41, 0xc0, 0x01, 0x72, 0x3a, 0x00, 0x04,
    0x41, 0x02, 0x21, 0x01, 0x0c, 0x02, 0x0b, 0x20, 0x01, 0x41, 0x0c, 0x76,
    0x21, 0x05, 0x20, 0x04, 0x41, 0x3f, 0x71, 0x41, 0x80, 0x7f, 0x72, 0x21,
    0x04, 0x02, 0x40, 0x20, 0x01, 0x41, 0xff, 0xff, 0x03, 0x4b, 0x0d, 0x00,
    0x20, 0x02, 0x20, 0x03, 0x3a, 0x00, 0x06, 0x20, 0x02, 0x20, 0x04, 0x3a,
    0x00, 0x05, 0x20, 0x02, 0x20, 0x05, 0x41, 0xe0, 0x01, 0x72, 0x3a, 0x00,
    0x04, 0x41, 0x03, 0x21, 0x01, 0x0c, 0x02, 0x0b, 0x20, 0x02, 0x20, 0x03,
    0x3a, 0x00, 0x07, 0x20, 0x02, 0x20, 0x04, 0x3a, 0x00, 0x06, 0x20, 0x02,
    0x20, 0x05, 0x41, 0x3f, 0x71, 0x41, 0x80, 0x7f, 0x72, 0x3a, 0x00, 0x05,
    0x20, 0x02, 0x20, 0x01, 0x41, 0x12, 0x76, 0x41, 0x70, 0x72, 0x3a, 0x00,
    0x04, 0x41, 0x04, 0x21, 0x01, 0x0c, 0x01, 0x0b, 0x20, 0x02, 0x20, 0x01,
    0x3a, 0x00, 0x04, 0x41, 0x01, 0x21, 0x01, 0x0b, 0x20, 0x02, 0x41, 0x08,
    0x6a, 0x20, 0x00, 0x28, 0x02, 0x08, 0x28, 0x02, 0x00, 0x20, 0x02, 0x41,
    0x04, 0x6a, 0x20, 0x01, 0x10, 0xfb, 0x80, 0x80, 0x80, 0x00, 0x02, 0x40,
    0x20, 0x02, 0x2d, 0x00, 0x08, 0x22, 0x01, 0x41, 0xff, 0x01, 0x46, 0x0d,
    0x00, 0x02, 0x40, 0x20, 0x00, 0x2d, 0x00, 0x00, 0x41, 0x03, 0x47, 0x0d,
    0x00, 0x20, 0x00, 0x28, 0x02, 0x04, 0x22, 0x03, 0x28, 0x02, 0x00, 0x21,
    0x04, 0x02, 0x40, 0x20, 0x03, 0x41, 0x04, 0x6a, 0x28, 0x02, 0x00, 0x22,
    0x05, 0x28, 0x02, 0x00, 0x22, 0x06, 0x45, 0x0d, 0x00, 0x20, 0x04, 0x20,
    0x06, 0x11, 0x80, 0x80, 0x80, 0x80, 0x00, 0x80, 0x80, 0x80, 0x80, 0x00,
    0x0b, 0x02, 0x40, 0x20, 0x05, 0x28, 0x02, 0x04, 0x45, 0x0d, 0x00, 0x20,
    0x04, 0x10, 0xac, 0x81, 0x80, 0x80, 0x00, 0x0b, 0x20, 0x03, 0x10, 0xac,
    0x81, 0x80, 0x80, 0x00, 0x0b, 0x20, 0x00, 0x20, 0x02, 0x29, 0x03, 0x08,
    0x37, 0x02, 0x00, 0x0b, 0x20, 0x02, 0x41, 0x10, 0x6a, 0x24, 0x80, 0x80,
    0x80, 0x80, 0x00, 0x20, 0x01, 0x41, 0xff, 0x01, 0x47, 0x0b, 0x36, 0x01,
    0x01, 0x7f, 0x23, 0x80, 0x80, 0x80, 0x80, 0x00, 0x41, 0x10, 0x6b, 0x22,
    0x03, 0x24, 0x80, 0x80, 0x80, 0x80, 0x00, 0x20, 0x00, 0x41, 0x80, 0xb5,
    0xc0, 0x80, 0x00, 0x20, 0x01, 0x20, 0x02, 0x10, 0xaf, 0x80, 0x80, 0x80,
    0x00, 0x21, 0x02, 0x20, 0x03, 0x41, 0x10, 0x6a, 0x24, 0x80, 0x80, 0x80,
    0x80, 0x00, 0x20, 0x02, 0x0b, 0xe2, 0x02, 0x03, 0x01, 0x7f, 0x06, 0x7e,
    0x01, 0x7f, 0x23, 0x80, 0x80, 0x80, 0x80, 0x00, 0x41, 0xc0, 0x00, 0x6b,
    0x22, 0x02, 0x24, 0x80, 0x80, 0x80, 0x80, 0x00, 0x02, 0x40, 0x02, 0x40,
    0x20, 0x00, 0x20, 0x02, 0x10, 0x87, 0x81, 0x80, 0x80, 0x00, 0x22, 0x00,
    0x45, 0x0d, 0x00, 0x41, 0x00, 0x20, 0x00, 0x36, 0x02, 0x94, 0xd2, 0xc0,
    0x80, 0x00, 0x41, 0x7f, 0x21, 0x00, 0x0c, 0x01, 0x0b, 0x20, 0x01, 0x42,
    0x00, 0x37, 0x03, 0x18, 0x20, 0x01, 0x20, 0x02, 0x29, 0x03, 0x18, 0x37,
    0x03, 0x10, 0x20, 0x01, 0x20, 0x02, 0x29, 0x03, 0x08, 0x37, 0x03, 0x08,
    0x20, 0x01, 0x20, 0x02, 0x29, 0x03, 0x00, 0x37, 0x03, 0x00, 0x20, 0x01,
    0x42, 0x00, 0x37, 0x03, 0x20, 0x20, 0x01, 0x42, 0x00, 0x37, 0x03, 0x28,
    0x20, 0x01, 0x42, 0x00, 0x37, 0x03, 0x38, 0x20, 0x01, 0x20, 0x02, 0x29,
    0x03, 0x20, 0x37, 0x03, 0x30, 0x20, 0x01, 0x42, 0x00, 0x37, 0x03, 0x40,
    0x41, 0x00, 0x21, 0x00, 0x20, 0x01, 0x41, 0x00, 0x36, 0x02, 0x64, 0x20,
    0x01, 0x41, 0x00, 0x36, 0x02, 0x54, 0x20, 0x01, 0x20, 0x02, 0x29, 0x03,
    0x38, 0x22, 0x03, 0x42, 0x80, 0x94, 0xeb, 0xdc, 0x03, 0x80, 0x22, 0x04,
    0x37, 0x03, 0x68, 0x20, 0x01, 0x20, 0x02, 0x29, 0x03, 0x30, 0x22, 0x05,
    0x42, 0x80, 0x94, 0xeb, 0xdc, 0x03, 0x80, 0x22, 0x06, 0x37, 0x03, 0x58,
    0x20, 0x01, 0x20, 0x02, 0x29, 0x03, 0x28, 0x22, 0x07, 0x42, 0x80, 0x94,
    0xeb, 0xdc, 0x03, 0x80, 0x22, 0x08, 0x37, 0x03, 0x48, 0x20, 0x01, 0x20,
    0x07, 0x20, 0x08, 0x42, 0x80, 0x94, 0xeb, 0xdc, 0x03, 0x7e, 0x7d, 0x3e,
    0x02, 0x50, 0x20, 0x01, 0x20, 0x05, 0x20, 0x06, 0x42, 0x80, 0x94, 0xeb,
    0xdc, 0x03, 0x7e, 0x7d, 0x3e, 0x02, 0x60, 0x20, 0x01, 0x20, 0x03, 0x20,
    0x04, 0x42, 0x80, 0x94, 0xeb, 0xdc, 0x03, 0x7e, 0x7d, 0x3e, 0x02, 0x70,
    0x20, 0x01, 0x41, 0x00, 0x36, 0x02, 0x8c, 0x01, 0x20, 0x01, 0x42, 0x00,
    0x37, 0x02, 0x84, 0x01, 0x20, 0x01, 0x42, 0x00, 0x37, 0x02, 0x7c, 0x20,
    0x01, 0x42, 0x00, 0x37, 0x02, 0x74, 0x20, 0x02, 0x2d, 0x00, 0x10, 0x41,
    0x7e, 0x6a, 0x41, 0xff, 0x01, 0x71, 0x22, 0x09, 0x41, 0x05, 0x4b, 0x0d,
    0x00, 0x20, 0x01, 0x41, 0x18, 0x6a, 0x20, 0x09, 0x41, 0x02, 0x74, 0x28,
    0x02, 0xcc, 0xc3, 0xc0, 0x80, 0x00, 0x36, 0x02, 0x00, 0x0b, 0x20, 0x02,
    0x41, 0xc0, 0x00, 0x6a, 0x24, 0x80, 0x80, 0x80, 0x80, 0x00, 0x20, 0x00,
    0x0b, 0x70, 0x01, 0x01, 0x7f, 0x23, 0x80, 0x80, 0x80, 0x80, 0x00, 0x41,
    0x10, 0x6b, 0x22, 0x03, 0x24, 0x80, 0x80, 0x80, 0x80, 0x00, 0x20, 0x03,
    0x20, 0x02, 0x36, 0x02, 0x0c, 0x20, 0x03, 0x20, 0x01, 0x36, 0x02, 0x08,
    0x02, 0x40, 0x02, 0x40, 0x20, 0x00, 0x20, 0x03, 0x41, 0x08, 0x6a, 0x41,
    0x01, 0x20, 0x03, 0x41, 0x04, 0x6a, 0x10, 0x8a, 0x81, 0x80, 0x80, 0x00,
    0x22, 0x02, 0x45, 0x0d, 0x00, 0x41, 0x00, 0x41, 0x08, 0x20, 0x02, 0x20,
    0x02, 0x41, 0xcc, 0x00, 0x46, 0x1b, 0x36, 0x02, 0x94, 0xd2, 0xc0, 0x80,
    0x00, 0x41, 0x7f, 0x21, 0x02, 0x0c, 0x01, 0x0b, 0x20, 0x03, 0x28, 0x02,
    0x04, 0x21, 0x02, 0x0b, 0x20, 0x03, 0x41, 0x10, 0x6a, 0x24, 0x80, 0x80,
    0x80, 0x80, 0x00, 0x20, 0x02, 0x0b, 0x70, 0x01, 0x01, 0x7f, 0x23, 0x80,
    0x80, 0x80, 0x80, 0x00, 0x41, 0x10, 0x6b, 0x22, 0x03, 0x24, 0x80, 0x80,
    0x80, 0x80, 0x00, 0x20, 0x03, 0x20, 0x02, 0x36, 0x02, 0x0c, 0x20, 0x03,
    0x20, 0x01, 0x36, 0x02, 0x08, 0x02, 0x40, 0x02, 0x40, 0x20, 0x00, 0x20,
    0x03, 0x41, 0x08, 0x6a, 0x41, 0x01, 0x20, 0x03, 0x41, 0x04, 0x6a, 0x10,
    0x8b, 0x81, 0x80, 0x80, 0x00, 0x22, 0x02, 0x45, 0x0d, 0x00, 0x41, 0x00,
    0x41, 0x08, 0x20, 0x02, 0x20, 0x02, 0x41, 0xcc, 0x00, 0x46, 0x1b, 0x36,
    0x02, 0x94, 0xd2, 0xc0, 0x80, 0x00, 0x41, 0x7f, 0x21, 0x02, 0x0c, 0x01,
    0x0b, 0x20, 0x03, 0x28, 0x02, 0x04, 0x21, 0x02, 0x0b, 0x20, 0x03, 0x41,
    0x10, 0x6a, 0x24, 0x80, 0x80, 0x80, 0x80, 0x00, 0x20, 0x02, 0x0b, 0x27,
    0x00, 0x10, 0x93, 0x81, 0x80, 0x80, 0x00, 0x02, 0x40, 0x20, 0x00, 0x10,
    0x85, 0x81, 0x80, 0x80, 0x00, 0x22, 0x00, 0x0d, 0x00, 0x41, 0x00, 0x0f,
    0x0b, 0x41, 0x00, 0x20, 0x00, 0x36, 0x02, 0x94, 0xd2, 0xc0, 0x80, 0x00,
    0x41, 0x7f, 0x0b, 0x11, 0x00, 0x20, 0x00, 0x20, 0x01, 0x10, 0x80, 0x80,
    0x80, 0x80, 0x00, 0x41, 0xff, 0xff, 0x03, 0x71, 0x0b, 0x11, 0x00, 0x20,
    0x00, 0x20, 0x01, 0x10, 0x81, 0x80, 0x80, 0x80, 0x00, 0x41, 0xff, 0xff,
    0x03, 0x71, 0x0b, 0x0f, 0x00, 0x20, 0x00, 0x10, 0x82, 0x80, 0x80, 0x80,
    0x00, 0x41, 0xff, 0xff, 0x03, 0x71, 0x0b, 0x11, 0x00, 0x20, 0x00, 0x20,
    0x01, 0x10, 0x83, 0x80, 0x80, 0x80, 0x00, 0x41, 0xff, 0xff, 0x03, 0x71,
    0x0b, 0x11, 0x00, 0x20, 0x00, 0x20, 0x01, 0x10, 0x84, 0x80, 0x80, 0x80,
    0x00, 0x41, 0xff, 0xff, 0x03, 0x71, 0x0b, 0x11, 0x00, 0x20, 0x00, 0x20,
    0x01, 0x10, 0x85, 0x80, 0x80, 0x80, 0x00, 0x41, 0xff, 0xff, 0x03, 0x71,
    0x0b, 0x13, 0x00, 0x20, 0x00, 0x20, 0x01, 0x20, 0x02, 0x10, 0x86, 0x80,
    0x80, 0x80, 0x00, 0x41, 0xff, 0xff, 0x03, 0x71, 0x0b, 0x15, 0x00, 0x20,
    0x00, 0x20, 0x01, 0x20, 0x02, 0x20, 0x03, 0x10, 0x87, 0x80, 0x80, 0x80,
    0x00, 0x41, 0xff, 0xff, 0x03, 0x71, 0x0b, 0x15, 0x00, 0x20, 0x00, 0x20,
    0x01, 0x20, 0x02, 0x20, 0x03, 0x10, 0x88, 0x80, 0x80, 0x80, 0x00, 0x41,
    0xff, 0xff, 0x03, 0x71, 0x0b, 0x25, 0x00, 0x20, 0x00, 0x20, 0x01, 0x20,
    0x02, 0x20, 0x02, 0x10, 0xa6, 0x81, 0x80, 0x80, 0x00, 0x20, 0x03, 0x20,
    0x04, 0x20, 0x05, 0x20, 0x06, 0x20, 0x07, 0x10, 0x89, 0x80, 0x80, 0x80,
    0x00, 0x41, 0xff, 0xff, 0x03, 0x71, 0x0b, 0x0b, 0x00, 0x20, 0x00, 0x10,
    0x8a, 0x80, 0x80, 0x80, 0x00, 0x00, 0x0b, 0x03, 0x00, 0x00, 0x0b, 0x63,
    0x01, 0x01, 0x7f, 0x41, 0x00, 0x28, 0x02, 0xa0, 0xd1, 0xc0, 0x80, 0x00,
    0x21, 0x02, 0x02, 0x40, 0x02, 0x40, 0x20, 0x00, 0x0d, 0x00, 0x20, 0x02,
    0x10, 0xa1, 0x81, 0x80, 0x80, 0x00, 0x22, 0x00, 0x0d, 0x01, 0x41, 0x00,
    0x41, 0x30, 0x36, 0x02, 0x94, 0xd2, 0xc0, 0x80, 0x00, 0x41, 0x00, 0x0f,
    0x0b, 0x02, 0x40, 0x20, 0x01, 0x20, 0x02, 0x10, 0xa6, 0x81, 0x80, 0x80,
    0x00, 0x41, 0x01, 0x6a, 0x4f, 0x0d, 0x00, 0x41, 0x00, 0x41, 0xc4, 0x00,
    0x36, 0x02, 0x94, 0xd2, 0xc0, 0x80, 0x00, 0x41, 0x00, 0x0f, 0x0b, 0x20,
    0x00, 0x20, 0x02, 0x10, 0xa0, 0x81, 0x80, 0x80, 0x00, 0x21, 0x00, 0x0b,
    0x20, 0x00, 0x0b, 0x99, 0x02, 0x02, 0x02, 0x7f, 0x02, 0x7e, 0x23, 0x80,
    0x80, 0x80, 0x80, 0x00, 0x41, 0x20, 0x6b, 0x22, 0x03, 0x24, 0x80, 0x80,
    0x80, 0x80, 0x00, 0x02, 0x40, 0x02, 0x40, 0x02, 0x40, 0x02, 0x40, 0x20,
    0x02, 0x41, 0x80, 0x80, 0x80, 0xf0, 0x01, 0x71, 0x41, 0x80, 0x80, 0x80,
    0x70, 0x6a, 0x41, 0x19, 0x76, 0x22, 0x04, 0x41, 0x09, 0x4b, 0x0d, 0x00,
    0x41, 0x01, 0x20, 0x04, 0x74, 0x22, 0x04, 0x41, 0x82, 0x05, 0x71, 0x0d,
    0x01, 0x42, 0xbc, 0xfd, 0xfe, 0x7d, 0x21, 0x05, 0x20, 0x04, 0x41, 0x09,
    0x71, 0x0d, 0x02, 0x0b, 0x41, 0x00, 0x41, 0x1c, 0x36, 0x02, 0x94, 0xd2,
    0xc0, 0x80, 0x00, 0x41, 0x7f, 0x21, 0x04, 0x0c, 0x02, 0x0b, 0x42, 0xbe,
    0xfd, 0xff, 0x7d, 0x42, 0xbc, 0xfd, 0xfe, 0x7d, 0x20, 0x02, 0x41, 0x80,
    0x80, 0x80, 0x20, 0x71, 0x1b, 0x22, 0x05, 0x42, 0xc1, 0x82, 0x80, 0x02,
    0x84, 0x20, 0x05, 0x20, 0x02, 0x41, 0x80, 0x80, 0x80, 0x80, 0x01, 0x71,
    0x1b, 0x21, 0x05, 0x0b, 0x02, 0x40, 0x20, 0x00, 0x20, 0x03, 0x41, 0x08,
    0x6a, 0x10, 0x86, 0x81, 0x80, 0x80, 0x00, 0x22, 0x04, 0x45, 0x0d, 0x00,
    0x41, 0x00, 0x20, 0x04, 0x36, 0x02, 0x94, 0xd2, 0xc0, 0x80, 0x00, 0x41,
    0x7f, 0x21, 0x04, 0x0c, 0x01, 0x0b, 0x41, 0x7f, 0x21, 0x04, 0x02, 0x40,
    0x20, 0x00, 0x20, 0x02, 0x41, 0x7f, 0x73, 0x41, 0x18, 0x76, 0x41, 0x01,
    0x71, 0x20, 0x01, 0x20, 0x02, 0x41, 0x0c, 0x76, 0x41, 0xff, 0x1f, 0x71,
    0x20, 0x03, 0x29, 0x03, 0x18, 0x22, 0x06, 0x20, 0x05, 0x83, 0x20, 0x06,
    0x20, 0x02, 0x41, 0xff, 0x1f, 0x71, 0x20, 0x03, 0x41, 0x04, 0x6a, 0x10,
    0x8c, 0x81, 0x80, 0x80, 0x00, 0x22, 0x02, 0x45, 0x0d, 0x00, 0x41, 0x00,
    0x20, 0x02, 0x36, 0x02, 0x94, 0xd2, 0xc0, 0x80, 0x00, 0x0c, 0x01, 0x0b,
    0x20, 0x03, 0x28, 0x02, 0x04, 0x21, 0x04, 0x0b, 0x20, 0x03, 0x41, 0x20,
    0x6a, 0x24, 0x80, 0x80, 0x80, 0x80, 0x00, 0x20, 0x04, 0x0b, 0xa1, 0x01,
    0x01, 0x02, 0x7f, 0x23, 0x80, 0x80, 0x80, 0x80, 0x00, 0x41, 0x10, 0x6b,
    0x22, 0x03, 0x24, 0x80, 0x80, 0x80, 0x80, 0x00, 0x02, 0x40, 0x02, 0x40,
    0x41, 0x80, 0x80, 0x80, 0x80, 0x00, 0x45, 0x0d, 0x00, 0x20, 0x00, 0x20,
    0x03, 0x41, 0x0c, 0x6a, 0x41, 0x98, 0xd2, 0xc0, 0x80, 0x00, 0x41, 0x9c,
    0xd2, 0xc0, 0x80, 0x00, 0x41, 0x01, 0x10, 0x8c, 0x80, 0x80, 0x80, 0x00,
    0x21, 0x00, 0x0c, 0x01, 0x0b, 0x20, 0x00, 0x20, 0x03, 0x41, 0x0c, 0x6a,
    0x41, 0x98, 0xd2, 0xc0, 0x80, 0x00, 0x41, 0x00, 0x28, 0x02, 0x9c, 0xd2,
    0xc0, 0x80, 0x00, 0x10, 0x95, 0x81, 0x80, 0x80, 0x00, 0x21, 0x00, 0x0b,
    0x41, 0x7f, 0x21, 0x04, 0x02, 0x40, 0x02, 0x40, 0x20, 0x00, 0x41, 0x7f,
    0x47, 0x0d, 0x00, 0x41, 0x00, 0x41, 0x2c, 0x36, 0x02, 0x94, 0xd2, 0xc0,
    0x80, 0x00, 0x0c, 0x01, 0x0b, 0x20, 0x00, 0x41, 0x00, 0x28, 0x02, 0x98,
    0xd2, 0xc0, 0x80, 0x00, 0x20, 0x01, 0x10, 0x90, 0x81, 0x80, 0x80, 0x00,
    0x21, 0x04, 0x0b, 0x20, 0x03, 0x41, 0x10, 0x6a, 0x24, 0x80, 0x80, 0x80,
    0x80, 0x00, 0x20, 0x04, 0x0b, 0x0b, 0x00, 0x20, 0x00, 0x10, 0x8d, 0x81,
    0x80, 0x80, 0x00, 0x00, 0x0b, 0xe4, 0x01, 0x01, 0x04, 0x7f, 0x23, 0x80,
    0x80, 0x80, 0x80, 0x00, 0x41, 0x10, 0x6b, 0x22, 0x00, 0x24, 0x80, 0x80,
    0x80, 0x80, 0x00, 0x02, 0x40, 0x41, 0x00, 0x2d, 0x00, 0xa8, 0xd2, 0xc0,
    0x80, 0x00, 0x41, 0x01, 0x71, 0x0d, 0x00, 0x41, 0x00, 0x2d, 0x00, 0xa8,
    0xd2, 0xc0, 0x80, 0x00, 0x41, 0x01, 0x71, 0x0d, 0x00, 0x41, 0x03, 0x21,
    0x01, 0x02, 0x40, 0x02, 0x40, 0x03, 0x40, 0x02, 0x40, 0x20, 0x01, 0x20,
    0x00, 0x41, 0x08, 0x6a, 0x10, 0x88, 0x81, 0x80, 0x80, 0x00, 0x22, 0x02,
    0x45, 0x0d, 0x00, 0x20, 0x02, 0x41, 0x08, 0x47, 0x0d, 0x02, 0x41, 0x00,
    0x41, 0x01, 0x3a, 0x00, 0xa8, 0xd2, 0xc0, 0x80, 0x00, 0x0c, 0x04, 0x0b,
    0x02, 0x40, 0x20, 0x00, 0x2d, 0x00, 0x08, 0x0d, 0x00, 0x20, 0x00, 0x28,
    0x02, 0x0c, 0x22, 0x03, 0x41, 0x01, 0x6a, 0x10, 0xa9, 0x81, 0x80, 0x80,
    0x00, 0x22, 0x02, 0x45, 0x0d, 0x03, 0x20, 0x01, 0x20, 0x02, 0x20, 0x03,
    0x10, 0x89, 0x81, 0x80, 0x80, 0x00, 0x0d, 0x02, 0x20, 0x02, 0x20, 0x00,
    0x28, 0x02, 0x0c, 0x6a, 0x41, 0x00, 0x3a, 0x00, 0x00, 0x20, 0x01, 0x20,
    0x02, 0x10, 0x94, 0x81, 0x80, 0x80, 0x00, 0x21, 0x03, 0x20, 0x02, 0x10,
    0xac, 0x81, 0x80, 0x80, 0x00, 0x20, 0x03, 0x0d, 0x03, 0x0b, 0x20, 0x01,
    0x41, 0x01, 0x6a, 0x21, 0x01, 0x0c, 0x00, 0x0b, 0x0b, 0x41, 0xc7, 0x00,
    0x10, 0x92, 0x81, 0x80, 0x80, 0x00, 0x00, 0x0b, 0x41, 0xc6, 0x00, 0x10,
    0x92, 0x81, 0x80, 0x80, 0x00, 0x00, 0x0b, 0x20, 0x00, 0x41, 0x10, 0x6a,
    0x24, 0x80, 0x80, 0x80, 0x80, 0x00, 0x0b, 0x80, 0x02, 0x01, 0x05, 0x7f,
    0x02, 0x40, 0x41, 0x00, 0x28, 0x02, 0xa0, 0xd2, 0xc0, 0x80, 0x00, 0x22,
    0x02, 0x41, 0x00, 0x28, 0x02, 0xac, 0xd2, 0xc0, 0x80, 0x00, 0x47, 0x0d,
    0x00, 0x41, 0x00, 0x28, 0x02, 0xa4, 0xd2, 0xc0, 0x80, 0x00, 0x21, 0x03,
    0x02, 0x40, 0x41, 0x08, 0x20, 0x02, 0x41, 0x01, 0x74, 0x41, 0x04, 0x20,
    0x02, 0x1b, 0x22, 0x04, 0x10, 0xae, 0x81, 0x80, 0x80, 0x00, 0x22, 0x05,
    0x0d, 0x00, 0x41, 0x7f, 0x0f, 0x0b, 0x02, 0x40, 0x20, 0x02, 0x41, 0x03,
    0x74, 0x22, 0x06, 0x45, 0x0d, 0x00, 0x20, 0x05, 0x20, 0x03, 0x20, 0x06,
    0xfc, 0x0a, 0x00, 0x00, 0x0b, 0x41, 0x00, 0x20, 0x04, 0x36, 0x02, 0xac,
    0xd2, 0xc0, 0x80, 0x00, 0x41, 0x00, 0x20, 0x05, 0x36, 0x02, 0xa4, 0xd2,
    0xc0, 0x80, 0x00, 0x20, 0x03, 0x10, 0xac, 0x81, 0x80, 0x80, 0x00, 0x0b,
    0x02, 0x40, 0x03, 0x40, 0x02, 0x40, 0x02, 0x40, 0x20, 0x01, 0x22, 0x03,
    0x2d, 0x00, 0x00, 0x41, 0x52, 0x6a, 0x0e, 0x02, 0x01, 0x00, 0x03, 0x0b,
    0x20, 0x03, 0x41, 0x01, 0x6a, 0x21, 0x01, 0x0c, 0x01, 0x0b, 0x20, 0x03,
    0x41, 0x01, 0x6a, 0x21, 0x01, 0x20, 0x03, 0x2d, 0x00, 0x01, 0x22, 0x05,
    0x45, 0x0d, 0x00, 0x20, 0x05, 0x41, 0x2f, 0x47, 0x0d, 0x01, 0x20, 0x03,
    0x41, 0x02, 0x6a, 0x21, 0x01, 0x0c, 0x00, 0x0b, 0x0b, 0x02, 0x40, 0x20,
    0x03, 0x10, 0xa1, 0x81, 0x80, 0x80, 0x00, 0x22, 0x03, 0x0d, 0x00, 0x41,
    0x7f, 0x0f, 0x0b, 0x41, 0x00, 0x20, 0x02, 0x41, 0x01, 0x6a, 0x36, 0x02,
    0xa0, 0xd2, 0xc0, 0x80, 0x00, 0x41, 0x00, 0x28, 0x02, 0xa4, 0xd2, 0xc0,
    0x80, 0x00, 0x20, 0x02, 0x41, 0x03, 0x74, 0x6a, 0x22, 0x01, 0x20, 0x00,
    0x36, 0x02, 0x04, 0x20, 0x01, 0x20, 0x03, 0x36, 0x02, 0x00, 0x41, 0x00,
    0x0b, 0x5d, 0x01, 0x01, 0x7f, 0x23, 0x80, 0x80, 0x80, 0x80, 0x00, 0x41,
    0x10, 0x6b, 0x22, 0x04, 0x24, 0x80, 0x80, 0x80, 0x80, 0x00, 0x20, 0x04,
    0x20, 0x03, 0x36, 0x02, 0x0c, 0x02, 0x40, 0x02, 0x40, 0x41, 0x80, 0x80,
    0x80, 0x80, 0x00, 0x45, 0x0d, 0x00, 0x20, 0x00, 0x20, 0x01, 0x20, 0x02,
    0x20, 0x04, 0x41, 0x0c, 0x6a, 0x41, 0x00, 0x10, 0x8c, 0x80, 0x80, 0x80,
    0x00, 0x21, 0x03, 0x0c, 0x01, 0x0b, 0x20, 0x00, 0x20, 0x01, 0x20, 0x02,
    0x10, 0x96, 0x81, 0x80, 0x80, 0x00, 0x21, 0x03, 0x0b, 0x20, 0x04, 0x41,
    0x10, 0x6a, 0x24, 0x80, 0x80, 0x80, 0x80, 0x00, 0x20, 0x03, 0x0b, 0xd6,
    0x02, 0x01, 0x09, 0x7f, 0x20, 0x00, 0x41, 0x7f, 0x6a, 0x21, 0x00, 0x10,
    0x93, 0x81, 0x80, 0x80, 0x00, 0x03, 0x40, 0x20, 0x00, 0x41, 0x01, 0x6a,
    0x22, 0x00, 0x2d, 0x00, 0x00, 0x41, 0x2f, 0x46, 0x0d, 0x00, 0x0b, 0x41,
    0x00, 0x21, 0x03, 0x02, 0x40, 0x02, 0x40, 0x41, 0x00, 0x28, 0x02, 0xa0,
    0xd2, 0xc0, 0x80, 0x00, 0x22, 0x04, 0x45, 0x0d, 0x00, 0x41, 0x00, 0x28,
    0x02, 0xa4, 0xd2, 0xc0, 0x80, 0x00, 0x21, 0x05, 0x41, 0x7f, 0x21, 0x06,
    0x03, 0x40, 0x20, 0x05, 0x20, 0x04, 0x41, 0x03, 0x74, 0x6a, 0x22, 0x07,
    0x41, 0x78, 0x6a, 0x28, 0x02, 0x00, 0x22, 0x08, 0x10, 0xa6, 0x81, 0x80,
    0x80, 0x00, 0x21, 0x09, 0x02, 0x40, 0x02, 0x40, 0x20, 0x06, 0x41, 0x7f,
    0x46, 0x0d, 0x00, 0x20, 0x09, 0x20, 0x03, 0x4d, 0x0d, 0x01, 0x0b, 0x20,
    0x00, 0x2d, 0x00, 0x00, 0x21, 0x0a, 0x02, 0x40, 0x02, 0x40, 0x20, 0x09,
    0x0d, 0x00, 0x20, 0x0a, 0x41, 0xff, 0x01, 0x71, 0x41, 0x2f, 0x47, 0x0d,
    0x01, 0x0b, 0x20, 0x00, 0x20, 0x08, 0x20, 0x09, 0x10, 0x9d, 0x81, 0x80,
    0x80, 0x00, 0x0d, 0x01, 0x02, 0x40, 0x20, 0x09, 0x45, 0x0d, 0x00, 0x20,
    0x08, 0x41, 0x7f, 0x6a, 0x21, 0x0b, 0x20, 0x09, 0x21, 0x0a, 0x02, 0x40,
    0x03, 0x40, 0x20, 0x0b, 0x20, 0x0a, 0x6a, 0x2d, 0x00, 0x00, 0x41, 0x2f,
    0x47, 0x0d, 0x01, 0x20, 0x0a, 0x41, 0x7f, 0x6a, 0x22, 0x0a, 0x0d, 0x00,
    0x0b, 0x41, 0x00, 0x21, 0x0a, 0x0b, 0x20, 0x00, 0x20, 0x0a, 0x6a, 0x2d,
    0x00, 0x00, 0x21, 0x0a, 0x0b, 0x20, 0x0a, 0x41, 0xff, 0x01, 0x71, 0x22,
    0x0a, 0x41, 0x2f, 0x46, 0x0d, 0x00, 0x20, 0x0a, 0x0d, 0x01, 0x0b, 0x20,
    0x01, 0x20, 0x08, 0x36, 0x02, 0x00, 0x20, 0x07, 0x41, 0x7c, 0x6a, 0x28,
    0x02, 0x00, 0x21, 0x06, 0x20, 0x09, 0x21, 0x03, 0x0b, 0x20, 0x04, 0x41,
    0x7f, 0x6a, 0x22, 0x04, 0x0d, 0x00, 0x0b, 0x20, 0x06, 0x41, 0x7f, 0x47,
    0x0d, 0x01, 0x0b, 0x41, 0x00, 0x41, 0x2c, 0x36, 0x02, 0x94, 0xd2, 0xc0,
    0x80, 0x00, 0x41, 0x7f, 0x0f, 0x0b, 0x20, 0x00, 0x20, 0x03, 0x6a, 0x41,
    0x7f, 0x6a, 0x21, 0x00, 0x03, 0x40, 0x20, 0x00, 0x41, 0x01, 0x6a, 0x22,
    0x00, 0x2d, 0x00, 0x00, 0x22, 0x04, 0x41, 0x2f, 0x46, 0x0d, 0x00, 0x0b,
    0x20, 0x02, 0x20, 0x00, 0x41, 0xda, 0x8d, 0xc0, 0x80, 0x00, 0x20, 0x04,
    0x1b, 0x36, 0x02, 0x00, 0x20, 0x06, 0x0b, 0xdf, 0x01, 0x01, 0x02, 0x7f,
    0x41, 0x00, 0x41, 0xb8, 0xd2, 0xc0, 0x80, 0x00, 0x36, 0x02, 0xb8, 0xd2,
    0xc0, 0x80, 0x00, 0x41, 0x80, 0x80, 0xc0, 0x80, 0x00, 0x21, 0x00, 0x02,
    0x40, 0x02, 0x40, 0x41, 0x80, 0x80, 0xc0, 0x80, 0x00, 0x45, 0x0d, 0x00,
    0x41, 0x80, 0x80, 0xc0, 0x80, 0x00, 0x41, 0x80, 0x80, 0x80, 0x80, 0x00,
    0x6b, 0x21, 0x01, 0x0c, 0x01, 0x0b, 0x23, 0x80, 0x80, 0x80, 0x80, 0x00,
    0x21, 0x01, 0x41, 0xb0, 0xd7, 0xc0, 0x80, 0x00, 0x41, 0xb0, 0xd7, 0xc0,
    0x80, 0x00, 0x6b, 0x41, 0x80, 0x80, 0xc0, 0x80, 0x00, 0x20, 0x01, 0x41,
    0x80, 0x80, 0xc0, 0x80, 0x00, 0x4b, 0x22, 0x00, 0x1b, 0x21, 0x01, 0x41,
    0xb0, 0xd7, 0xc0, 0x80, 0x00, 0x41, 0x80, 0x80, 0xc0, 0x80, 0x00, 0x20,
    0x00, 0x1b, 0x21, 0x00, 0x0b, 0x41, 0x38, 0x41, 0x00, 0x36, 0x02, 0xb8,
    0xd2, 0xc0, 0x80, 0x00, 0x41, 0x34, 0x20, 0x01, 0x36, 0x02, 0xb8, 0xd2,
    0xc0, 0x80, 0x00, 0x41, 0x30, 0x20, 0x00, 0x36, 0x02, 0xb8, 0xd2, 0xc0,
    0x80, 0x00, 0x41, 0x08, 0x41, 0xb8, 0xd2, 0xc0, 0x80, 0x00, 0x36, 0x02,
    0xb8, 0xd2, 0xc0, 0x80, 0x00, 0x41, 0x04, 0x41, 0xb8, 0xd2, 0xc0, 0x80,
    0x00, 0x36, 0x02, 0xb8, 0xd2, 0xc0, 0x80, 0x00, 0x41, 0x0c, 0x41, 0x00,
    0x28, 0x02, 0xb4, 0xd2, 0xc0, 0x80, 0x00, 0x36, 0x02, 0xb8, 0xd2, 0xc0,
    0x80, 0x00, 0x41, 0x00, 0x20, 0x01, 0x41, 0x80, 0x80, 0x80, 0x04, 0x20,
    0x01, 0x41, 0x80, 0x80, 0x80, 0x04, 0x49, 0x1b, 0x36, 0x02, 0xa8, 0xd1,
    0xc0, 0x80, 0x00, 0x0b, 0x19, 0x00, 0x02, 0x40, 0x41, 0x00, 0x28, 0x02,
    0xa4, 0xd1, 0xc0, 0x80, 0x00, 0x41, 0x7f, 0x47, 0x0d, 0x00, 0x10, 0x99,
    0x81, 0x80, 0x80, 0x00, 0x0b, 0x0b, 0xc0, 0x01, 0x01, 0x03, 0x7f, 0x23,
    0x80, 0x80, 0x80, 0x80, 0x00, 0x41, 0x10, 0x6b, 0x22, 0x00, 0x24, 0x80,
    0x80, 0x80, 0x80, 0x00, 0x02, 0x40, 0x02, 0x40, 0x20, 0x00, 0x41, 0x0c,
    0x6a, 0x20, 0x00, 0x41, 0x08, 0x6a, 0x10, 0x84, 0x81, 0x80, 0x80, 0x00,
    0x0d, 0x00, 0x02, 0x40, 0x20, 0x00, 0x28, 0x02, 0x0c, 0x22, 0x01, 0x0d,
    0x00, 0x41, 0xb0, 0xd2, 0xc0, 0x80, 0x00, 0x21, 0x01, 0x0c, 0x02, 0x0b,
    0x02, 0x40, 0x02, 0x40, 0x20, 0x01, 0x41, 0x01, 0x6a, 0x22, 0x01, 0x45,
    0x0d, 0x00, 0x20, 0x00, 0x28, 0x02, 0x08, 0x10, 0xa9, 0x81, 0x80, 0x80,
    0x00, 0x22, 0x02, 0x45, 0x0d, 0x00, 0x20, 0x01, 0x41, 0x04, 0x10, 0xae,
    0x81, 0x80, 0x80, 0x00, 0x22, 0x01, 0x0d, 0x01, 0x20, 0x02, 0x10, 0xac,
    0x81, 0x80, 0x80, 0x00, 0x0b, 0x41, 0xc6, 0x00, 0x10, 0x92, 0x81, 0x80,
    0x80, 0x00, 0x00, 0x0b, 0x20, 0x01, 0x20, 0x02, 0x10, 0x83, 0x81, 0x80,
    0x80, 0x00, 0x45, 0x0d, 0x01, 0x20, 0x02, 0x10, 0xac, 0x81, 0x80, 0x80,
    0x00, 0x20, 0x01, 0x10, 0xac, 0x81, 0x80, 0x80, 0x00, 0x0b, 0x41, 0xc7,
    0x00, 0x10, 0x92, 0x81, 0x80, 0x80, 0x00, 0x00, 0x0b, 0x41, 0x00, 0x20,
    0x01, 0x36, 0x02, 0xa4, 0xd1, 0xc0, 0x80, 0x00, 0x20, 0x00, 0x41, 0x10,
    0x6a, 0x24, 0x80, 0x80, 0x80, 0x80, 0x00, 0x0b, 0x99, 0x01, 0x01, 0x04,
    0x7f, 0x10, 0x98, 0x81, 0x80, 0x80, 0x00, 0x02, 0x40, 0x20, 0x00, 0x41,
    0x3d, 0x10, 0x9e, 0x81, 0x80, 0x80, 0x00, 0x22, 0x01, 0x20, 0x00, 0x47,
    0x0d, 0x00, 0x41, 0x00, 0x0f, 0x0b, 0x41, 0x00, 0x21, 0x02, 0x02, 0x40,
    0x20, 0x00, 0x20, 0x01, 0x20, 0x00, 0x6b, 0x22, 0x03, 0x6a, 0x2d, 0x00,
    0x00, 0x0d, 0x00, 0x41, 0x00, 0x28, 0x02, 0xa4, 0xd1, 0xc0, 0x80, 0x00,
    0x22, 0x04, 0x45, 0x0d, 0x00, 0x20, 0x04, 0x28, 0x02, 0x00, 0x22, 0x01,
    0x45, 0x0d, 0x00, 0x20, 0x04, 0x41, 0x04, 0x6a, 0x21, 0x04, 0x02, 0x40,
    0x03, 0x40, 0x02, 0x40, 0x20, 0x00, 0x20, 0x01, 0x20, 0x03, 0x10, 0xa7,
    0x81, 0x80, 0x80, 0x00, 0x0d, 0x00, 0x20, 0x01, 0x20, 0x03, 0x6a, 0x22,
    0x01, 0x2d, 0x00, 0x00, 0x41, 0x3d, 0x46, 0x0d, 0x02, 0x0b, 0x20, 0x04,
    0x28, 0x02, 0x00, 0x21, 0x01, 0x20, 0x04, 0x41, 0x04, 0x6a, 0x21, 0x04,
    0x20, 0x01, 0x0d, 0x00, 0x0c, 0x02, 0x0b, 0x0b, 0x20, 0x01, 0x41, 0x01,
    0x6a, 0x21, 0x02, 0x0b, 0x20, 0x02, 0x0b, 0x02, 0x00, 0x0b, 0x0e, 0x00,
    0x10, 0x9b, 0x81, 0x80, 0x80, 0x00, 0x10, 0x9b, 0x81, 0x80, 0x80, 0x00,
    0x0b, 0x49, 0x01, 0x03, 0x7f, 0x41, 0x00, 0x21, 0x03, 0x02, 0x40, 0x20,
    0x02, 0x45, 0x0d, 0x00, 0x02, 0x40, 0x03, 0x40, 0x20, 0x00, 0x2d, 0x00,
    0x00, 0x22, 0x04, 0x20, 0x01, 0x2d, 0x00, 0x00, 0x22, 0x05, 0x47, 0x0d,
    0x01, 0x20, 0x01, 0x41, 0x01, 0x6a, 0x21, 0x01, 0x20, 0x00, 0x41, 0x01,
    0x6a, 0x21, 0x00, 0x20, 0x02, 0x41, 0x7f, 0x6a, 0x22, 0x02, 0x0d, 0x00,
    0x0c, 0x02, 0x0b, 0x0b, 0x20, 0x04, 0x20, 0x05, 0x6b, 0x21, 0x03, 0x0b,
    0x20, 0x03, 0x0b, 0xec, 0x02, 0x01, 0x03, 0x7f, 0x02, 0x40, 0x02, 0x40,
    0x02, 0x40, 0x02, 0x40, 0x20, 0x01, 0x41, 0xff, 0x01, 0x71, 0x22, 0x02,
    0x45, 0x0d, 0x00, 0x20, 0x00, 0x41, 0x03, 0x71, 0x45, 0x0d, 0x02, 0x02,
    0x40, 0x20, 0x00, 0x2d, 0x00, 0x00, 0x22, 0x03, 0x0d, 0x00, 0x20, 0x00,
    0x0f, 0x0b, 0x20, 0x03, 0x20, 0x01, 0x41, 0xff, 0x01, 0x71, 0x47, 0x0d,
    0x01, 0x20, 0x00, 0x0f, 0x0b, 0x20, 0x00, 0x20, 0x00, 0x10, 0xa6, 0x81,
    0x80, 0x80, 0x00, 0x6a, 0x0f, 0x0b, 0x02, 0x40, 0x20, 0x00, 0x41, 0x01,
    0x6a, 0x22, 0x03, 0x41, 0x03, 0x71, 0x0d, 0x00, 0x20, 0x03, 0x21, 0x00,
    0x0c, 0x01, 0x0b, 0x20, 0x03, 0x2d, 0x00, 0x00, 0x22, 0x04, 0x45, 0x0d,
    0x01, 0x20, 0x04, 0x20, 0x01, 0x41, 0xff, 0x01, 0x71, 0x46, 0x0d, 0x01,
    0x02, 0x40, 0x20, 0x00, 0x41, 0x02, 0x6a, 0x22, 0x03, 0x41, 0x03, 0x71,
    0x0d, 0x00, 0x20, 0x03, 0x21, 0x00, 0x0c, 0x01, 0x0b, 0x20, 0x03, 0x2d,
    0x00, 0x00, 0x22, 0x04, 0x45, 0x0d, 0x01, 0x20, 0x04, 0x20, 0x01, 0x41,
    0xff, 0x01, 0x71, 0x46, 0x0d, 0x01, 0x02, 0x40, 0x20, 0x00, 0x41, 0x03,
    0x6a, 0x22, 0x03, 0x41, 0x03, 0x71, 0x0d, 0x00, 0x20, 0x03, 0x21, 0x00,
    0x0c, 0x01, 0x0b, 0x20, 0x03, 0x2d, 0x00, 0x00, 0x22, 0x04, 0x45, 0x0d,
    0x01, 0x20, 0x04, 0x20, 0x01, 0x41, 0xff, 0x01, 0x71, 0x46, 0x0d, 0x01,
    0x20, 0x00, 0x41, 0x04, 0x6a, 0x21, 0x00, 0x0b, 0x02, 0x40, 0x41, 0x80,
    0x82, 0x84, 0x08, 0x20, 0x00, 0x28, 0x02, 0x00, 0x22, 0x03, 0x6b, 0x20,
    0x03, 0x72, 0x41, 0x80, 0x81, 0x82, 0x84, 0x78, 0x71, 0x41, 0x80, 0x81,
    0x82, 0x84, 0x78, 0x47, 0x0d, 0x00, 0x20, 0x02, 0x41, 0x81, 0x82, 0x84,
    0x08, 0x6c, 0x21, 0x02, 0x03, 0x40, 0x41, 0x80, 0x82, 0x84, 0x08, 0x20,
    0x03, 0x20, 0x02, 0x73, 0x22, 0x03, 0x6b, 0x20, 0x03, 0x72, 0x41, 0x80,
    0x81, 0x82, 0x84, 0x78, 0x71, 0x41, 0x80, 0x81, 0x82, 0x84, 0x78, 0x47,
    0x0d, 0x01, 0x41, 0x80, 0x82, 0x84, 0x08, 0x20, 0x00, 0x41, 0x04, 0x6a,
    0x22, 0x00, 0x28, 0x02, 0x00, 0x22, 0x03, 0x6b, 0x20, 0x03, 0x72, 0x41,
    0x80, 0x81, 0x82, 0x84, 0x78, 0x71, 0x41, 0x80, 0x81, 0x82, 0x84, 0x78,
    0x46, 0x0d, 0x00, 0x0b, 0x0b, 0x20, 0x00, 0x41, 0x7f, 0x6a, 0x21, 0x03,
    0x03, 0x40, 0x20, 0x03, 0x41, 0x01, 0x6a, 0x22, 0x03, 0x2d, 0x00, 0x00,
    0x22, 0x00, 0x45, 0x0d, 0x01, 0x20, 0x00, 0x20, 0x01, 0x41, 0xff, 0x01,
    0x71, 0x47, 0x0d, 0x00, 0x0b, 0x0b, 0x20, 0x03, 0x0b, 0xfa, 0x02, 0x01,
    0x02, 0x7f, 0x02, 0x40, 0x02, 0x40, 0x02, 0x40, 0x20, 0x01, 0x20, 0x00,
    0x73, 0x41, 0x03, 0x71, 0x45, 0x0d, 0x00, 0x20, 0x01, 0x2d, 0x00, 0x00,
    0x21, 0x02, 0x0c, 0x01, 0x0b, 0x02, 0x40, 0x20, 0x01, 0x41, 0x03, 0x71,
    0x45, 0x0d, 0x00, 0x20, 0x00, 0x20, 0x01, 0x2d, 0x00, 0x00, 0x22, 0x02,
    0x3a, 0x00, 0x00, 0x02, 0x40, 0x20, 0x02, 0x0d, 0x00, 0x20, 0x00, 0x0f,
    0x0b, 0x20, 0x00, 0x41, 0x01, 0x6a, 0x21, 0x03, 0x02, 0x40, 0x20, 0x01,
    0x41, 0x01, 0x6a, 0x22, 0x02, 0x41, 0x03, 0x71, 0x0d, 0x00, 0x20, 0x03,
    0x21, 0x00, 0x20, 0x02, 0x21, 0x01, 0x0c, 0x01, 0x0b, 0x20, 0x03, 0x20,
    0x02, 0x2d, 0x00, 0x00, 0x22, 0x02, 0x3a, 0x00, 0x00, 0x20, 0x02, 0x45,
    0x0d, 0x02, 0x20, 0x00, 0x41, 0x02, 0x6a, 0x21, 0x03, 0x02, 0x40, 0x20,
    0x01, 0x41, 0x02, 0x6a, 0x22, 0x02, 0x41, 0x03, 0x71, 0x0d, 0x00, 0x20,
    0x03, 0x21, 0x00, 0x20, 0x02, 0x21, 0x01, 0x0c, 0x01, 0x0b, 0x20, 0x03,
    0x20, 0x02, 0x2d, 0x00, 0x00, 0x22, 0x02, 0x3a, 0x00, 0x00, 0x20, 0x02,
    0x45, 0x0d, 0x02, 0x20, 0x00, 0x41, 0x03, 0x6a, 0x21, 0x03, 0x02, 0x40,
    0x20, 0x01, 0x41, 0x03, 0x6a, 0x22, 0x02, 0x41, 0x03, 0x71, 0x0d, 0x00,
    0x20, 0x03, 0x21, 0x00, 0x20, 0x02, 0x21, 0x01, 0x0c, 0x01, 0x0b, 0x20,
    0x03, 0x20, 0x02, 0x2d, 0x00, 0x00, 0x22, 0x02, 0x3a, 0x00, 0x00, 0x20,
    0x02, 0x45, 0x0d, 0x02, 0x20, 0x00, 0x41, 0x04, 0x6a, 0x21, 0x00, 0x20,
    0x01, 0x41, 0x04, 0x6a, 0x21, 0x01, 0x0b, 0x41, 0x80, 0x82, 0x84, 0x08,
    0x20, 0x01, 0x28, 0x02, 0x00, 0x22, 0x02, 0x6b, 0x20, 0x02, 0x72, 0x41,
    0x80, 0x81, 0x82, 0x84, 0x78, 0x71, 0x41, 0x80, 0x81, 0x82, 0x84, 0x78,
    0x47, 0x0d, 0x00, 0x03, 0x40, 0x20, 0x00, 0x20, 0x02, 0x36, 0x02, 0x00,
    0x20, 0x00, 0x41, 0x04, 0x6a, 0x21, 0x00, 0x41, 0x80, 0x82, 0x84, 0x08,
    0x20, 0x01, 0x41, 0x04, 0x6a, 0x22, 0x01, 0x28, 0x02, 0x00, 0x22, 0x02,
    0x6b, 0x20, 0x02, 0x72, 0x41, 0x80, 0x81, 0x82, 0x84, 0x78, 0x71, 0x41,
    0x80, 0x81, 0x82, 0x84, 0x78, 0x46, 0x0d, 0x00, 0x0b, 0x0b, 0x20, 0x00,
    0x20, 0x02, 0x3a, 0x00, 0x00, 0x02, 0x40, 0x20, 0x02, 0x41, 0xff, 0x01,
    0x71, 0x0d, 0x00, 0x20, 0x00, 0x0f, 0x0b, 0x20, 0x01, 0x41, 0x01, 0x6a,
    0x21, 0x02, 0x20, 0x00, 0x21, 0x03, 0x03, 0x40, 0x20, 0x03, 0x41, 0x01,
    0x6a, 0x22, 0x03, 0x20, 0x02, 0x2d, 0x00, 0x00, 0x22, 0x00, 0x3a, 0x00,
    0x00, 0x20, 0x02, 0x41, 0x01, 0x6a, 0x21, 0x02, 0x20, 0x00, 0x0d, 0x00,
    0x0b, 0x0b, 0x20, 0x03, 0x0b, 0x0f, 0x00, 0x20, 0x00, 0x20, 0x01, 0x10,
    0x9f, 0x81, 0x80, 0x80, 0x00, 0x1a, 0x20, 0x00, 0x0b, 0x30, 0x01, 0x02,
    0x7f, 0x02, 0x40, 0x20, 0x00, 0x10, 0xa6, 0x81, 0x80, 0x80, 0x00, 0x41,
    0x01, 0x6a, 0x22, 0x01, 0x10, 0xa9, 0x81, 0x80, 0x80, 0x00, 0x22, 0x02,
    0x45, 0x0d, 0x00, 0x20, 0x01, 0x45, 0x0d, 0x00, 0x20, 0x02, 0x20, 0x00,
    0x20, 0x01, 0xfc, 0x0a, 0x00, 0x00, 0x0b, 0x20, 0x02, 0x0b, 0x04, 0x00,
    0x20, 0x00, 0x0b, 0x0c, 0x00, 0x20, 0x00, 0x20, 0x01, 0x10, 0xa2, 0x81,
    0x80, 0x80, 0x00, 0x0b, 0x52, 0x01, 0x01, 0x7f, 0x02, 0x40, 0x41, 0x00,
    0x28, 0x02, 0xbc, 0xd3, 0xc0, 0x80, 0x00, 0x22, 0x01, 0x0d, 0x00, 0x41,
    0xa4, 0xd3, 0xc0, 0x80, 0x00, 0x21, 0x01, 0x41, 0x00, 0x41, 0xa4, 0xd3,
    0xc0, 0x80, 0x00, 0x36, 0x02, 0xbc, 0xd3, 0xc0, 0x80, 0x00, 0x0b, 0x41,
    0x00, 0x20, 0x00, 0x20, 0x00, 0x41, 0xcc, 0x00, 0x4b, 0x1b, 0x41, 0x01,
    0x74, 0x2f, 0x01, 0x80, 0xd0, 0xc0, 0x80, 0x00, 0x41, 0xe4, 0xc3, 0xc0,
    0x80, 0x00, 0x6a, 0x20, 0x01, 0x28, 0x02, 0x14, 0x10, 0xa3, 0x81, 0x80,
    0x80, 0x00, 0x0b, 0x6d, 0x01, 0x01, 0x7f, 0x02, 0x40, 0x02, 0x40, 0x20,
    0x00, 0x10, 0xa4, 0x81, 0x80, 0x80, 0x00, 0x22, 0x03, 0x10, 0xa6, 0x81,
    0x80, 0x80, 0x00, 0x22, 0x00, 0x20, 0x02, 0x49, 0x0d, 0x00, 0x41, 0xc4,
    0x00, 0x21, 0x00, 0x20, 0x02, 0x45, 0x0d, 0x01, 0x02, 0x40, 0x20, 0x02,
    0x41, 0x7f, 0x6a, 0x22, 0x02, 0x45, 0x0d, 0x00, 0x20, 0x01, 0x20, 0x03,
    0x20, 0x02, 0xfc, 0x0a, 0x00, 0x00, 0x0b, 0x20, 0x01, 0x20, 0x02, 0x6a,
    0x41, 0x00, 0x3a, 0x00, 0x00, 0x41, 0xc4, 0x00, 0x0f, 0x0b, 0x02, 0x40,
    0x20, 0x00, 0x41, 0x01, 0x6a, 0x22, 0x02, 0x45, 0x0d, 0x00, 0x20, 0x01,
    0x20, 0x03, 0x20, 0x02, 0xfc, 0x0a, 0x00, 0x00, 0x0b, 0x41, 0x00, 0x21,
    0x00, 0x0b, 0x20, 0x00, 0x0b, 0xcf, 0x01, 0x01, 0x03, 0x7f, 0x20, 0x00,
    0x21, 0x01, 0x02, 0x40, 0x02, 0x40, 0x20, 0x00, 0x41, 0x03, 0x71, 0x45,
    0x0d, 0x00, 0x02, 0x40, 0x20, 0x00, 0x2d, 0x00, 0x00, 0x0d, 0x00, 0x20,
    0x00, 0x20, 0x00, 0x6b, 0x0f, 0x0b, 0x20, 0x00, 0x41, 0x01, 0x6a, 0x22,
    0x01, 0x41, 0x03, 0x71, 0x45, 0x0d, 0x00, 0x20, 0x01, 0x2d, 0x00, 0x00,
    0x45, 0x0d, 0x01, 0x20, 0x00, 0x41, 0x02, 0x6a, 0x22, 0x01, 0x41, 0x03,
    0x71, 0x45, 0x0d, 0x00, 0x20, 0x01, 0x2d, 0x00, 0x00, 0x45, 0x0d, 0x01,
    0x20, 0x00, 0x41, 0x03, 0x6a, 0x22, 0x01, 0x41, 0x03, 0x71, 0x45, 0x0d,
    0x00, 0x20, 0x01, 0x2d, 0x00, 0x00, 0x45, 0x0d, 0x01, 0x20, 0x00, 0x41,
    0x04, 0x6a, 0x22, 0x01, 0x41, 0x03, 0x71, 0x0d, 0x01, 0x0b, 0x20, 0x01,
    0x41, 0x7c, 0x6a, 0x21, 0x02, 0x20, 0x01, 0x41, 0x7b, 0x6a, 0x21, 0x01,
    0x03, 0x40, 0x20, 0x01, 0x41, 0x04, 0x6a, 0x21, 0x01, 0x41, 0x80, 0x82,
    0x84, 0x08, 0x20, 0x02, 0x41, 0x04, 0x6a, 0x22, 0x02, 0x28, 0x02, 0x00,
    0x22, 0x03, 0x6b, 0x20, 0x03, 0x72, 0x41, 0x80, 0x81, 0x82, 0x84, 0x78,
    0x71, 0x41, 0x80, 0x81, 0x82, 0x84, 0x78, 0x46, 0x0d, 0x00, 0x0b, 0x03,
    0x40, 0x20, 0x01, 0x41, 0x01, 0x6a, 0x21, 0x01, 0x20, 0x02, 0x2d, 0x00,
    0x00, 0x21, 0x03, 0x20, 0x02, 0x41, 0x01, 0x6a, 0x21, 0x02, 0x20, 0x03,
    0x0d, 0x00, 0x0b, 0x0b, 0x20, 0x01, 0x20, 0x00, 0x6b, 0x0b, 0x87, 0x01,
    0x01, 0x02, 0x7f, 0x02, 0x40, 0x20, 0x02, 0x0d, 0x00, 0x41, 0x00, 0x0f,
    0x0b, 0x02, 0x40, 0x02, 0x40, 0x20, 0x00, 0x2d, 0x00, 0x00, 0x22, 0x03,
    0x0d, 0x00, 0x41, 0x00, 0x21, 0x03, 0x0c, 0x01, 0x0b, 0x20, 0x00, 0x41,
    0x01, 0x6a, 0x21, 0x00, 0x20, 0x02, 0x41, 0x7f, 0x6a, 0x21, 0x02, 0x02,
    0x40, 0x03, 0x40, 0x20, 0x03, 0x41, 0xff, 0x01, 0x71, 0x20, 0x01, 0x2d,
    0x00, 0x00, 0x22, 0x04, 0x47, 0x0d, 0x01, 0x20, 0x04, 0x45, 0x0d, 0x01,
    0x20, 0x02, 0x41, 0x00, 0x46, 0x0d, 0x01, 0x20, 0x02, 0x41, 0x7f, 0x6a,
    0x21, 0x02, 0x20, 0x01, 0x41, 0x01, 0x6a, 0x21, 0x01, 0x20, 0x00, 0x2d,
    0x00, 0x00, 0x21, 0x03, 0x20, 0x00, 0x41, 0x01, 0x6a, 0x21, 0x00, 0x20,
    0x03, 0x0d, 0x00, 0x0b, 0x41, 0x00, 0x21, 0x03, 0x0b, 0x20, 0x03, 0x41,
    0xff, 0x01, 0x71, 0x21, 0x03, 0x0b, 0x20, 0x03, 0x20, 0x01, 0x2d, 0x00,
    0x00, 0x6b, 0x0b, 0x63, 0x01, 0x01, 0x7f, 0x02, 0x40, 0x20, 0x00, 0x0d,
    0x00, 0x3f, 0x00, 0x41, 0x80, 0x80, 0x84, 0x80, 0x00, 0x6c, 0x0f, 0x0b,
    0x02, 0x40, 0x20, 0x00, 0x20, 0x00, 0x41, 0x80, 0x80, 0x84, 0x80, 0x00,
    0x6e, 0x22, 0x01, 0x41, 0x80, 0x80, 0x84, 0x80, 0x00, 0x6c, 0x6b, 0x0d,
    0x00, 0x20, 0x00, 0x41, 0x7f, 0x4c, 0x0d, 0x00, 0x02, 0x40, 0x20, 0x01,
    0x40, 0x00, 0x22, 0x00, 0x41, 0x7f, 0x47, 0x0d, 0x00, 0x41, 0x00, 0x41,
    0x30, 0x36, 0x02, 0x94, 0xd2, 0xc0, 0x80, 0x00, 0x41, 0x7f, 0x0f, 0x0b,
    0x20, 0x00, 0x41, 0x80, 0x80, 0x84, 0x80, 0x00, 0x6c, 0x0f, 0x0b, 0x10,
    0x8e, 0x81, 0x80, 0x80, 0x00, 0x00, 0x0b, 0x0a, 0x00, 0x20, 0x00, 0x10,
    0xaa, 0x81, 0x80, 0x80, 0x00, 0x0b, 0x8d, 0x2a, 0x01, 0x0b, 0x7f, 0x23,
    0x80, 0x80, 0x80, 0x80, 0x00, 0x41, 0x10, 0x6b, 0x22, 0x01, 0x24, 0x80,
    0x80, 0x80, 0x80, 0x00, 0x02, 0x40, 0x02, 0x40, 0x02, 0x40, 0x02, 0x40,
    0x02, 0x40, 0x02, 0x40, 0x02, 0x40, 0x02, 0x40, 0x02, 0x40, 0x02, 0x40,
    0x02, 0x40, 0x02, 0x40, 0x02, 0x40, 0x41, 0x00, 0x28, 0x02, 0xd8, 0xd3,
    0xc0, 0x80, 0x00, 0x22, 0x02, 0x0d, 0x00, 0x02, 0x40, 0x41, 0x00, 0x28,
    0x02, 0x98, 0xd7, 0xc0, 0x80, 0x00, 0x22, 0x03, 0x0d, 0x00, 0x41, 0x00,
    0x41, 0x80, 0x80, 0x84, 0x80, 0x00, 0x36, 0x02, 0xa0, 0xd7, 0xc0, 0x80,
    0x00, 0x41, 0x00, 0x42, 0x7f, 0x37, 0x02, 0xa4, 0xd7, 0xc0, 0x80, 0x00,
    0x41, 0x00, 0x41, 0x80, 0x80, 0x84, 0x80, 0x00, 0x36, 0x02, 0x9c, 0xd7,
    0xc0, 0x80, 0x00, 0x41, 0x00, 0x20, 0x01, 0x41, 0x08, 0x6a, 0x41, 0x70,
    0x71, 0x41, 0xd8, 0xaa, 0xd5, 0xaa, 0x05, 0x73, 0x22, 0x03, 0x36, 0x02,
    0x98, 0xd7, 0xc0, 0x80, 0x00, 0x41, 0x00, 0x41, 0x00, 0x36, 0x02, 0xac,
    0xd7, 0xc0, 0x80, 0x00, 0x41, 0x00, 0x41, 0x00, 0x36, 0x02, 0xfc, 0xd6,
    0xc0, 0x80, 0x00, 0x0b, 0x41, 0x80, 0x80, 0xc4, 0x80, 0x00, 0x41, 0xb0,
    0xd7, 0xc0, 0x80, 0x00, 0x49, 0x0d, 0x01, 0x41, 0x00, 0x21, 0x02, 0x41,
    0x80, 0x80, 0xc4, 0x80, 0x00, 0x41, 0xb0, 0xd7, 0xc0, 0x80, 0x00, 0x6b,
    0x41, 0xd9, 0x00, 0x49, 0x0d, 0x00, 0x41, 0x00, 0x41, 0xb0, 0xd7, 0xc0,
    0x80, 0x00, 0x36, 0x02, 0x80, 0xd7, 0xc0, 0x80, 0x00, 0x41, 0x00, 0x41,
    0xb0, 0xd7, 0xc0, 0x80, 0x00, 0x36, 0x02, 0xd0, 0xd3, 0xc0, 0x80, 0x00,
    0x41, 0x00, 0x20, 0x03, 0x36, 0x02, 0xe4, 0xd3, 0xc0, 0x80, 0x00, 0x41,
    0x00, 0x41, 0x7f, 0x36, 0x02, 0xe0, 0xd3, 0xc0, 0x80, 0x00, 0x41, 0x00,
    0x41, 0x80, 0x80, 0xc4, 0x80, 0x00, 0x41, 0xb0, 0xd7, 0xc0, 0x80, 0x00,
    0x6b, 0x22, 0x03, 0x36, 0x02, 0x84, 0xd7, 0xc0, 0x80, 0x00, 0x41, 0x00,
    0x20, 0x03, 0x36, 0x02, 0xf4, 0xd6, 0xc0, 0x80, 0x00, 0x41, 0x00, 0x20,
    0x03, 0x36, 0x02, 0xf0, 0xd6, 0xc0, 0x80, 0x00, 0x41, 0x80, 0x7e, 0x21,
    0x03, 0x03, 0x40, 0x20, 0x03, 0x41, 0xfc, 0xd5, 0xc0, 0x80, 0x00, 0x6a,
    0x20, 0x03, 0x41, 0xf0, 0xd5, 0xc0, 0x80, 0x00, 0x6a, 0x22, 0x04, 0x36,
    0x02, 0x00, 0x20, 0x04, 0x20, 0x03, 0x41, 0xe8, 0xd5, 0xc0, 0x80, 0x00,
    0x6a, 0x22, 0x05, 0x36, 0x02, 0x00, 0x20, 0x03, 0x41, 0xf4, 0xd5, 0xc0,
    0x80, 0x00, 0x6a, 0x20, 0x05, 0x36, 0x02, 0x00, 0x20, 0x03, 0x41, 0x84,
    0xd6, 0xc0, 0x80, 0x00, 0x6a, 0x20, 0x03, 0x41, 0xf8, 0xd5, 0xc0, 0x80,
    0x00, 0x6a, 0x22, 0x05, 0x36, 0x02, 0x00, 0x20, 0x05, 0x20, 0x04, 0x36,
    0x02, 0x00, 0x20, 0x03, 0x41, 0x8c, 0xd6, 0xc0, 0x80, 0x00, 0x6a, 0x20,
    0x03, 0x41, 0x80, 0xd6, 0xc0, 0x80, 0x00, 0x6a, 0x22, 0x04, 0x36, 0x02,
    0x00, 0x20, 0x04, 0x20, 0x05, 0x36, 0x02, 0x00, 0x20, 0x03, 0x41, 0x88,
    0xd6, 0xc0, 0x80, 0x00, 0x6a, 0x20, 0x04, 0x36, 0x02, 0x00, 0x20, 0x03,
    0x41, 0x20, 0x6a, 0x22, 0x03, 0x0d, 0x00, 0x0b, 0x41, 0x80, 0x80, 0xc4,
    0x80, 0x00, 0x41, 0x4c, 0x6a, 0x41, 0x38, 0x36, 0x02, 0x00, 0x41, 0x00,
    0x41, 0x00, 0x28, 0x02, 0xa8, 0xd7, 0xc0, 0x80, 0x00, 0x36, 0x02, 0xdc,
    0xd3, 0xc0, 0x80, 0x00, 0x41, 0x00, 0x41, 0xb0, 0xd7, 0xc0, 0x80, 0x00,
    0x41, 0x78, 0x41, 0xb0, 0xd7, 0xc0, 0x80, 0x00, 0x6b, 0x41, 0x0f, 0x71,
    0x22, 0x03, 0x6a, 0x22, 0x02, 0x36, 0x02, 0xd8, 0xd3, 0xc0, 0x80, 0x00,
    0x41, 0x00, 0x41, 0x80, 0x80, 0xc4, 0x80, 0x00, 0x41, 0xb0, 0xd7, 0xc0,
    0x80, 0x00, 0x6b, 0x20, 0x03, 0x6b, 0x41, 0x48, 0x6a, 0x22, 0x03, 0x36,
    0x02, 0xcc, 0xd3, 0xc0, 0x80, 0x00, 0x20, 0x02, 0x20, 0x03, 0x41, 0x01,
    0x72, 0x36, 0x02, 0x04, 0x0b, 0x02, 0x40, 0x02, 0x40, 0x20, 0x00, 0x41,
    0xec, 0x01, 0x4b, 0x0d, 0x00, 0x02, 0x40, 0x41, 0x00, 0x28, 0x02, 0xc0,
    0xd3, 0xc0, 0x80, 0x00, 0x22, 0x06, 0x41, 0x10, 0x20, 0x00, 0x41, 0x13,
    0x6a, 0x41, 0xf0, 0x03, 0x71, 0x20, 0x00, 0x41, 0x0b, 0x49, 0x1b, 0x22,
    0x05, 0x41, 0x03, 0x76, 0x22, 0x04, 0x76, 0x22, 0x03, 0x41, 0x03, 0x71,
    0x45, 0x0d, 0x00, 0x02, 0x40, 0x02, 0x40, 0x20, 0x03, 0x41, 0x01, 0x71,
    0x20, 0x04, 0x72, 0x41, 0x01, 0x73, 0x22, 0x07, 0x41, 0x03, 0x74, 0x22,
    0x04, 0x41, 0xe8, 0xd3, 0xc0, 0x80, 0x00, 0x6a, 0x22, 0x03, 0x20, 0x04,
    0x28, 0x02, 0xf0, 0xd3, 0xc0, 0x80, 0x00, 0x22, 0x05, 0x28, 0x02, 0x08,
    0x22, 0x00, 0x47, 0x0d, 0x00, 0x41, 0x00, 0x20, 0x06, 0x41, 0x7e, 0x20,
    0x07, 0x77, 0x71, 0x36, 0x02, 0xc0, 0xd3, 0xc0, 0x80, 0x00, 0x0c, 0x01,
    0x0b, 0x20, 0x03, 0x20, 0x00, 0x36, 0x02, 0x08, 0x20, 0x00, 0x20, 0x03,
    0x36, 0x02, 0x0c, 0x0b, 0x20, 0x05, 0x41, 0x08, 0x6a, 0x21, 0x03, 0x20,
    0x05, 0x20, 0x04, 0x41, 0x03, 0x72, 0x36, 0x02, 0x04, 0x20, 0x05, 0x20,
    0x04, 0x6a, 0x22, 0x04, 0x20, 0x04, 0x28, 0x02, 0x04, 0x41, 0x01, 0x72,
    0x36, 0x02, 0x04, 0x0c, 0x0e, 0x0b, 0x20, 0x05, 0x41, 0x00, 0x28, 0x02,
    0xc8, 0xd3, 0xc0, 0x80, 0x00, 0x22, 0x08, 0x4d, 0x0d, 0x01, 0x02, 0x40,
    0x20, 0x03, 0x45, 0x0d, 0x00, 0x02, 0x40, 0x02, 0x40, 0x20, 0x03, 0x20,
    0x04, 0x74, 0x41, 0x02, 0x20, 0x04, 0x74, 0x22, 0x03, 0x41, 0x00, 0x20,
    0x03, 0x6b, 0x72, 0x71, 0x68, 0x22, 0x09, 0x41, 0x03, 0x74, 0x22, 0x04,
    0x41, 0xe8, 0xd3, 0xc0, 0x80, 0x00, 0x6a, 0x22, 0x00, 0x20, 0x04, 0x28,
    0x02, 0xf0, 0xd3, 0xc0, 0x80, 0x00, 0x22, 0x03, 0x28, 0x02, 0x08, 0x22,
    0x07, 0x47, 0x0d, 0x00, 0x41, 0x00, 0x20, 0x06, 0x41, 0x7e, 0x20, 0x09,
    0x77, 0x71, 0x22, 0x06, 0x36, 0x02, 0xc0, 0xd3, 0xc0, 0x80, 0x00, 0x0c,
    0x01, 0x0b, 0x20, 0x00, 0x20, 0x07, 0x36, 0x02, 0x08, 0x20, 0x07, 0x20,
    0x00, 0x36, 0x02, 0x0c, 0x0b, 0x20, 0x03, 0x20, 0x05, 0x41, 0x03, 0x72,
    0x36, 0x02, 0x04, 0x20, 0x03, 0x20, 0x04, 0x6a, 0x20, 0x04, 0x20, 0x05,
    0x6b, 0x22, 0x00, 0x36, 0x02, 0x00, 0x20, 0x03, 0x20, 0x05, 0x6a, 0x22,
    0x07, 0x20, 0x00, 0x41, 0x01, 0x72, 0x36, 0x02, 0x04, 0x02, 0x40, 0x20,
    0x08, 0x45, 0x0d, 0x00, 0x20, 0x08, 0x41, 0x78, 0x71, 0x41, 0xe8, 0xd3,
    0xc0, 0x80, 0x00, 0x6a, 0x21, 0x05, 0x41, 0x00, 0x28, 0x02, 0xd4, 0xd3,
    0xc0, 0x80, 0x00, 0x21, 0x04, 0x02, 0x40, 0x02, 0x40, 0x20, 0x06, 0x41,
    0x01, 0x20, 0x08, 0x41, 0x03, 0x76, 0x74, 0x22, 0x09, 0x71, 0x0d, 0x00,
    0x41, 0x00, 0x20, 0x06, 0x20, 0x09, 0x72, 0x36, 0x02, 0xc0, 0xd3, 0xc0,
    0x80, 0x00, 0x20, 0x05, 0x21, 0x09, 0x0c, 0x01, 0x0b, 0x20, 0x05, 0x28,
    0x02, 0x08, 0x21, 0x09, 0x0b, 0x20, 0x09, 0x20, 0x04, 0x36, 0x02, 0x0c,
    0x20, 0x05, 0x20, 0x04, 0x36, 0x02, 0x08, 0x20, 0x04, 0x20, 0x05, 0x36,
    0x02, 0x0c, 0x20, 0x04, 0x20, 0x09, 0x36, 0x02, 0x08, 0x0b, 0x20, 0x03,
    0x41, 0x08, 0x6a, 0x21, 0x03, 0x41, 0x00, 0x20, 0x07, 0x36, 0x02, 0xd4,
    0xd3, 0xc0, 0x80, 0x00, 0x41, 0x00, 0x20, 0x00, 0x36, 0x02, 0xc8, 0xd3,
    0xc0, 0x80, 0x00, 0x0c, 0x0e, 0x0b, 0x41, 0x00, 0x28, 0x02, 0xc4, 0xd3,
    0xc0, 0x80, 0x00, 0x22, 0x0a, 0x45, 0x0d, 0x01, 0x20, 0x0a, 0x68, 0x41,
    0x02, 0x74, 0x28, 0x02, 0xf0, 0xd5, 0xc0, 0x80, 0x00, 0x22, 0x00, 0x28,
    0x02, 0x04, 0x41, 0x78, 0x71, 0x20, 0x05, 0x6b, 0x21, 0x04, 0x20, 0x00,
    0x21, 0x07, 0x02, 0x40, 0x03, 0x40, 0x02, 0x40, 0x20, 0x00, 0x28, 0x02,
    0x10, 0x22, 0x03, 0x0d, 0x00, 0x20, 0x00, 0x28, 0x02, 0x14, 0x22, 0x03,
    0x45, 0x0d, 0x02, 0x0b, 0x20, 0x03, 0x28, 0x02, 0x04, 0x41, 0x78, 0x71,
    0x20, 0x05, 0x6b, 0x22, 0x00, 0x20, 0x04, 0x20, 0x00, 0x20, 0x04, 0x49,
    0x22, 0x00, 0x1b, 0x21, 0x04, 0x20, 0x03, 0x20, 0x07, 0x20, 0x00, 0x1b,
    0x21, 0x07, 0x20, 0x03, 0x21, 0x00, 0x0c, 0x00, 0x0b, 0x0b, 0x20, 0x07,
    0x28, 0x02, 0x18, 0x21, 0x02, 0x02, 0x40, 0x20, 0x07, 0x28, 0x02, 0x0c,
    0x22, 0x03, 0x20, 0x07, 0x46, 0x0d, 0x00, 0x20, 0x07, 0x28, 0x02, 0x08,
    0x22, 0x00, 0x20, 0x03, 0x36, 0x02, 0x0c, 0x20, 0x03, 0x20, 0x00, 0x36,
    0x02, 0x08, 0x0c, 0x0d, 0x0b, 0x02, 0x40, 0x02, 0x40, 0x20, 0x07, 0x28,
    0x02, 0x14, 0x22, 0x00, 0x45, 0x0d, 0x00, 0x20, 0x07, 0x41, 0x14, 0x6a,
    0x21, 0x09, 0x0c, 0x01, 0x0b, 0x20, 0x07, 0x28, 0x02, 0x10, 0x22, 0x00,
    0x45, 0x0d, 0x04, 0x20, 0x07, 0x41, 0x10, 0x6a, 0x21, 0x09, 0x0b, 0x03,
    0x40, 0x20, 0x09, 0x21, 0x0b, 0x20, 0x00, 0x22, 0x03, 0x41, 0x14, 0x6a,
    0x21, 0x09, 0x20, 0x03, 0x28, 0x02, 0x14, 0x22, 0x00, 0x0d, 0x00, 0x20,
    0x03, 0x41, 0x10, 0x6a, 0x21, 0x09, 0x20, 0x03, 0x28, 0x02, 0x10, 0x22,
    0x00, 0x0d, 0x00, 0x0b, 0x20, 0x0b, 0x41, 0x00, 0x36, 0x02, 0x00, 0x0c,
    0x0c, 0x0b, 0x41, 0x7f, 0x21, 0x05, 0x20, 0x00, 0x41, 0xbf, 0x7f, 0x4b,
    0x0d, 0x00, 0x20, 0x00, 0x41, 0x13, 0x6a, 0x22, 0x03, 0x41, 0x70, 0x71,
    0x21, 0x05, 0x41, 0x00, 0x28, 0x02, 0xc4, 0xd3, 0xc0, 0x80, 0x00, 0x22,
    0x0a, 0x45, 0x0d, 0x00, 0x41, 0x1f, 0x21, 0x08, 0x02, 0x40, 0x20, 0x00,
    0x41, 0xec, 0xff, 0xff, 0x07, 0x4b, 0x0d, 0x00, 0x20, 0x05, 0x41, 0x26,
    0x20, 0x03, 0x41, 0x08, 0x76, 0x67, 0x22, 0x03, 0x6b, 0x76, 0x41, 0x01,
    0x71, 0x20, 0x03, 0x41, 0x01, 0x74, 0x6b, 0x41, 0x3e, 0x6a, 0x21, 0x08,
    0x0b, 0x41, 0x00, 0x20, 0x05, 0x6b, 0x21, 0x04, 0x02, 0x40, 0x02, 0x40,
    0x02, 0x40, 0x02, 0x40, 0x20, 0x08, 0x41, 0x02, 0x74, 0x28, 0x02, 0xf0,
    0xd5, 0xc0, 0x80, 0x00, 0x22, 0x00, 0x0d, 0x00, 0x41, 0x00, 0x21, 0x03,
    0x41, 0x00, 0x21, 0x09, 0x0c, 0x01, 0x0b, 0x41, 0x00, 0x21, 0x03, 0x20,
    0x05, 0x41, 0x00, 0x41, 0x19, 0x20, 0x08, 0x41, 0x01, 0x76, 0x6b, 0x20,
    0x08, 0x41, 0x1f, 0x46, 0x1b, 0x74, 0x21, 0x07, 0x41, 0x00, 0x21, 0x09,
    0x03, 0x40, 0x02, 0x40, 0x20, 0x00, 0x28, 0x02, 0x04, 0x41, 0x78, 0x71,
    0x20, 0x05, 0x6b, 0x22, 0x06, 0x20, 0x04, 0x4f, 0x0d, 0x00, 0x20, 0x06,
    0x21, 0x04, 0x20, 0x00, 0x21, 0x09, 0x20, 0x06, 0x0d, 0x00, 0x41, 0x00,
    0x21, 0x04, 0x20, 0x00, 0x21, 0x09, 0x20, 0x00, 0x21, 0x03, 0x0c, 0x03,
    0x0b, 0x20, 0x03, 0x20, 0x00, 0x28, 0x02, 0x14, 0x22, 0x06, 0x20, 0x06,
    0x20, 0x00, 0x20, 0x07, 0x41, 0x1d, 0x76, 0x41, 0x04, 0x71, 0x6a, 0x28,
    0x02, 0x10, 0x22, 0x0b, 0x46, 0x1b, 0x20, 0x03, 0x20, 0x06, 0x1b, 0x21,
    0x03, 0x20, 0x07, 0x41, 0x01, 0x74, 0x21, 0x07, 0x20, 0x0b, 0x21, 0x00,
    0x20, 0x0b, 0x0d, 0x00, 0x0b, 0x0b, 0x02, 0x40, 0x20, 0x03, 0x20, 0x09,
    0x72, 0x0d, 0x00, 0x41, 0x00, 0x21, 0x09, 0x41, 0x02, 0x20, 0x08, 0x74,
    0x22, 0x03, 0x41, 0x00, 0x20, 0x03, 0x6b, 0x72, 0x20, 0x0a, 0x71, 0x22,
    0x03, 0x45, 0x0d, 0x03, 0x20, 0x03, 0x68, 0x41, 0x02, 0x74, 0x28, 0x02,
    0xf0, 0xd5, 0xc0, 0x80, 0x00, 0x21, 0x03, 0x0b, 0x20, 0x03, 0x45, 0x0d,
    0x01, 0x0b, 0x03, 0x40, 0x20, 0x03, 0x28, 0x02, 0x04, 0x41, 0x78, 0x71,
    0x20, 0x05, 0x6b, 0x22, 0x06, 0x20, 0x04, 0x49, 0x21, 0x07, 0x02, 0x40,
    0x20, 0x03, 0x28, 0x02, 0x10, 0x22, 0x00, 0x0d, 0x00, 0x20, 0x03, 0x28,
    0x02, 0x14, 0x21, 0x00, 0x0b, 0x20, 0x06, 0x20, 0x04, 0x20, 0x07, 0x1b,
    0x21, 0x04, 0x20, 0x03, 0x20, 0x09, 0x20, 0x07, 0x1b, 0x21, 0x09, 0x20,
    0x00, 0x21, 0x03, 0x20, 0x00, 0x0d, 0x00, 0x0b, 0x0b, 0x20, 0x09, 0x45,
    0x0d, 0x00, 0x20, 0x04, 0x41, 0x00, 0x28, 0x02, 0xc8, 0xd3, 0xc0, 0x80,
    0x00, 0x20, 0x05, 0x6b, 0x4f, 0x0d, 0x00, 0x20, 0x09, 0x28, 0x02, 0x18,
    0x21, 0x0b, 0x02, 0x40, 0x20, 0x09, 0x28, 0x02, 0x0c, 0x22, 0x03, 0x20,
    0x09, 0x46, 0x0d, 0x00, 0x20, 0x09, 0x28, 0x02, 0x08, 0x22, 0x00, 0x20,
    0x03, 0x36, 0x02, 0x0c, 0x20, 0x03, 0x20, 0x00, 0x36, 0x02, 0x08, 0x0c,
    0x0b, 0x0b, 0x02, 0x40, 0x02, 0x40, 0x20, 0x09, 0x28, 0x02, 0x14, 0x22,
    0x00, 0x45, 0x0d, 0x00, 0x20, 0x09, 0x41, 0x14, 0x6a, 0x21, 0x07, 0x0c,
    0x01, 0x0b, 0x20, 0x09, 0x28, 0x02, 0x10, 0x22, 0x00, 0x45, 0x0d, 0x04,
    0x20, 0x09, 0x41, 0x10, 0x6a, 0x21, 0x07, 0x0b, 0x03, 0x40, 0x20, 0x07,
    0x21, 0x06, 0x20, 0x00, 0x22, 0x03, 0x41, 0x14, 0x6a, 0x21, 0x07, 0x20,
    0x03, 0x28, 0x02, 0x14, 0x22, 0x00, 0x0d, 0x00, 0x20, 0x03, 0x41, 0x10,
    0x6a, 0x21, 0x07, 0x20, 0x03, 0x28, 0x02, 0x10, 0x22, 0x00, 0x0d, 0x00,
    0x0b, 0x20, 0x06, 0x41, 0x00, 0x36, 0x02, 0x00, 0x0c, 0x0a, 0x0b, 0x02,
    0x40, 0x41, 0x00, 0x28, 0x02, 0xc8, 0xd3, 0xc0, 0x80, 0x00, 0x22, 0x03,
    0x20, 0x05, 0x49, 0x0d, 0x00, 0x41, 0x00, 0x28, 0x02, 0xd4, 0xd3, 0xc0,
    0x80, 0x00, 0x21, 0x04, 0x02, 0x40, 0x02, 0x40, 0x20, 0x03, 0x20, 0x05,
    0x6b, 0x22, 0x00, 0x41, 0x10, 0x49, 0x0d, 0x00, 0x20, 0x04, 0x20, 0x05,
    0x6a, 0x22, 0x07, 0x20, 0x00, 0x41, 0x01, 0x72, 0x36, 0x02, 0x04, 0x20,
    0x04, 0x20, 0x03, 0x6a, 0x20, 0x00, 0x36, 0x02, 0x00, 0x20, 0x04, 0x20,
    0x05, 0x41, 0x03, 0x72, 0x36, 0x02, 0x04, 0x0c, 0x01, 0x0b, 0x20, 0x04,
    0x20, 0x03, 0x41, 0x03, 0x72, 0x36, 0x02, 0x04, 0x20, 0x04, 0x20, 0x03,
    0x6a, 0x22, 0x03, 0x20, 0x03, 0x28, 0x02, 0x04, 0x41, 0x01, 0x72, 0x36,
    0x02, 0x04, 0x41, 0x00, 0x21, 0x00, 0x41, 0x00, 0x21, 0x07, 0x0b, 0x41,
    0x00, 0x20, 0x00, 0x36, 0x02, 0xc8, 0xd3, 0xc0, 0x80, 0x00, 0x41, 0x00,
    0x20, 0x07, 0x36, 0x02, 0xd4, 0xd3, 0xc0, 0x80, 0x00, 0x20, 0x04, 0x41,
    0x08, 0x6a, 0x21, 0x03, 0x0c, 0x0c, 0x0b, 0x02, 0x40, 0x41, 0x00, 0x28,
    0x02, 0xcc, 0xd3, 0xc0, 0x80, 0x00, 0x22, 0x00, 0x20, 0x05, 0x4d, 0x0d,
    0x00, 0x20, 0x02, 0x20, 0x05, 0x6a, 0x22, 0x03, 0x20, 0x00, 0x20, 0x05,
    0x6b, 0x22, 0x04, 0x41, 0x01, 0x72, 0x36, 0x02, 0x04, 0x41, 0x00, 0x20,
    0x03, 0x36, 0x02, 0xd8, 0xd3, 0xc0, 0x80, 0x00, 0x41, 0x00, 0x20, 0x04,
    0x36, 0x02, 0xcc, 0xd3, 0xc0, 0x80, 0x00, 0x20, 0x02, 0x20, 0x05, 0x41,
    0x03, 0x72, 0x36, 0x02, 0x04, 0x20, 0x02, 0x41, 0x08, 0x6a, 0x21, 0x03,
    0x0c, 0x0c, 0x0b, 0x02, 0x40, 0x02, 0x40, 0x41, 0x00, 0x28, 0x02, 0x98,
    0xd7, 0xc0, 0x80, 0x00, 0x45, 0x0d, 0x00, 0x41, 0x00, 0x28, 0x02, 0xa0,
    0xd7, 0xc0, 0x80, 0x00, 0x21, 0x04, 0x0c, 0x01, 0x0b, 0x41, 0x80, 0x80,
    0x84, 0x80, 0x00, 0x21, 0x04, 0x41, 0x00, 0x41, 0x80, 0x80, 0x84, 0x80,
    0x00, 0x36, 0x02, 0xa0, 0xd7, 0xc0, 0x80, 0x00, 0x41, 0x00, 0x42, 0x7f,
    0x37, 0x02, 0xa4, 0xd7, 0xc0, 0x80, 0x00, 0x41, 0x00, 0x41, 0x80, 0x80,
    0x84, 0x80, 0x00, 0x36, 0x02, 0x9c, 0xd7, 0xc0, 0x80, 0x00, 0x41, 0x00,
    0x20, 0x01, 0x41, 0x0c, 0x6a, 0x41, 0x70, 0x71, 0x41, 0xd8, 0xaa, 0xd5,
    0xaa, 0x05, 0x73, 0x36, 0x02, 0x98, 0xd7, 0xc0, 0x80, 0x00, 0x41, 0x00,
    0x41, 0x00, 0x36, 0x02, 0xac, 0xd7, 0xc0, 0x80, 0x00, 0x41, 0x00, 0x41,
    0x00, 0x36, 0x02, 0xfc, 0xd6, 0xc0, 0x80, 0x00, 0x0b, 0x41, 0x00, 0x21,
    0x03, 0x02, 0x40, 0x20, 0x04, 0x20, 0x05, 0x41, 0xc7, 0x00, 0x6a, 0x22,
    0x0b, 0x6a, 0x22, 0x07, 0x41, 0x00, 0x20, 0x04, 0x6b, 0x22, 0x06, 0x71,
    0x22, 0x09, 0x20, 0x05, 0x4b, 0x0d, 0x00, 0x41, 0x00, 0x41, 0x30, 0x36,
    0x02, 0x94, 0xd2, 0xc0, 0x80, 0x00, 0x0c, 0x0c, 0x0b, 0x02, 0x40, 0x41,
    0x00, 0x28, 0x02, 0xf8, 0xd6, 0xc0, 0x80, 0x00, 0x22, 0x03, 0x45, 0x0d,
    0x00, 0x02, 0x40, 0x41, 0x00, 0x28, 0x02, 0xf0, 0xd6, 0xc0, 0x80, 0x00,
    0x22, 0x04, 0x20, 0x09, 0x6a, 0x22, 0x08, 0x20, 0x04, 0x4d, 0x0d, 0x00,
    0x20, 0x08, 0x20, 0x03, 0x4d, 0x0d, 0x01, 0x0b, 0x41, 0x00, 0x21, 0x03,
    0x41, 0x00, 0x41, 0x30, 0x36, 0x02, 0x94, 0xd2, 0xc0, 0x80, 0x00, 0x0c,
    0x0c, 0x0b, 0x41, 0x00, 0x2d, 0x00, 0xfc, 0xd6, 0xc0, 0x80, 0x00, 0x41,
    0x04, 0x71, 0x0d, 0x05, 0x02, 0x40, 0x02, 0x40, 0x02, 0x40, 0x20, 0x02,
    0x45, 0x0d, 0x00, 0x41, 0x80, 0xd7, 0xc0, 0x80, 0x00, 0x21, 0x03, 0x03,
    0x40, 0x02, 0x40, 0x20, 0x02, 0x20, 0x03, 0x28, 0x02, 0x00, 0x22, 0x04,
    0x49, 0x0d, 0x00, 0x20, 0x02, 0x20, 0x04, 0x20, 0x03, 0x28, 0x02, 0x04,
    0x6a, 0x49, 0x0d, 0x03, 0x0b, 0x20, 0x03, 0x28, 0x02, 0x08, 0x22, 0x03,
    0x0d, 0x00, 0x0b, 0x0b, 0x41, 0x00, 0x10, 0xa8, 0x81, 0x80, 0x80, 0x00,
    0x22, 0x07, 0x41, 0x7f, 0x46, 0x0d, 0x06, 0x20, 0x09, 0x21, 0x06, 0x02,
    0x40, 0x41, 0x00, 0x28, 0x02, 0x9c, 0xd7, 0xc0, 0x80, 0x00, 0x22, 0x03,
    0x41, 0x7f, 0x6a, 0x22, 0x04, 0x20, 0x07, 0x71, 0x45, 0x0d, 0x00, 0x20,
    0x09, 0x20, 0x07, 0x6b, 0x20, 0x04, 0x20, 0x07, 0x6a, 0x41, 0x00, 0x20,
    0x03, 0x6b, 0x71, 0x6a, 0x21, 0x06, 0x0b, 0x20, 0x06, 0x20, 0x05, 0x4d,
    0x0d, 0x06, 0x20, 0x06, 0x41, 0xfe, 0xff, 0xff, 0xff, 0x07, 0x4b, 0x0d,
    0x06, 0x02, 0x40, 0x41, 0x00, 0x28, 0x02, 0xf8, 0xd6, 0xc0, 0x80, 0x00,
    0x22, 0x03, 0x45, 0x0d, 0x00, 0x41, 0x00, 0x28, 0x02, 0xf0, 0xd6, 0xc0,
    0x80, 0x00, 0x22, 0x04, 0x20, 0x06, 0x6a, 0x22, 0x00, 0x20, 0x04, 0x4d,
    0x0d, 0x07, 0x20, 0x00, 0x20, 0x03, 0x4b, 0x0d, 0x07, 0x0b, 0x20, 0x06,
    0x10, 0xa8, 0x81, 0x80, 0x80, 0x00, 0x22, 0x03, 0x20, 0x07, 0x47, 0x0d,
    0x01, 0x0c, 0x08, 0x0b, 0x20, 0x07, 0x20, 0x00, 0x6b, 0x20, 0x06, 0x71,
    0x22, 0x06, 0x41, 0xfe, 0xff, 0xff, 0xff, 0x07, 0x4b, 0x0d, 0x05, 0x20,
    0x06, 0x10, 0xa8, 0x81, 0x80, 0x80, 0x00, 0x22, 0x07, 0x20, 0x03, 0x28,
    0x02, 0x00, 0x20, 0x03, 0x28, 0x02, 0x04, 0x6a, 0x46, 0x0d, 0x04, 0x20,
    0x07, 0x21, 0x03, 0x0b, 0x02, 0x40, 0x20, 0x06, 0x20, 0x05, 0x41, 0xc8,
    0x00, 0x6a, 0x4f, 0x0d, 0x00, 0x20, 0x03, 0x41, 0x7f, 0x46, 0x0d, 0x00,
    0x02, 0x40, 0x20, 0x0b, 0x20, 0x06, 0x6b, 0x41, 0x00, 0x28, 0x02, 0xa0,
    0xd7, 0xc0, 0x80, 0x00, 0x22, 0x04, 0x6a, 0x41, 0x00, 0x20, 0x04, 0x6b,
    0x71, 0x22, 0x04, 0x41, 0xfe, 0xff, 0xff, 0xff, 0x07, 0x4d, 0x0d, 0x00,
    0x20, 0x03, 0x21, 0x07, 0x0c, 0x08, 0x0b, 0x02, 0x40, 0x20, 0x04, 0x10,
    0xa8, 0x81, 0x80, 0x80, 0x00, 0x41, 0x7f, 0x46, 0x0d, 0x00, 0x20, 0x04,
    0x20, 0x06, 0x6a, 0x21, 0x06, 0x20, 0x03, 0x21, 0x07, 0x0c, 0x08, 0x0b,
    0x41, 0x00, 0x20, 0x06, 0x6b, 0x10, 0xa8, 0x81, 0x80, 0x80, 0x00, 0x1a,
    0x0c, 0x05, 0x0b, 0x20, 0x03, 0x21, 0x07, 0x20, 0x03, 0x41, 0x7f, 0x47,
    0x0d, 0x06, 0x0c, 0x04, 0x0b, 0x00, 0x0b, 0x41, 0x00, 0x21, 0x03, 0x0c,
    0x08, 0x0b, 0x41, 0x00, 0x21, 0x03, 0x0c, 0x06, 0x0b, 0x20, 0x07, 0x41,
    0x7f, 0x47, 0x0d, 0x02, 0x0b, 0x41, 0x00, 0x41, 0x00, 0x28, 0x02, 0xfc,
    0xd6, 0xc0, 0x80, 0x00, 0x41, 0x04, 0x72, 0x36, 0x02, 0xfc, 0xd6, 0xc0,
    0x80, 0x00, 0x0b, 0x20, 0x09, 0x41, 0xfe, 0xff, 0xff, 0xff, 0x07, 0x4b,
    0x0d, 0x01, 0x20, 0x09, 0x10, 0xa8, 0x81, 0x80, 0x80, 0x00, 0x21, 0x07,
    0x41, 0x00, 0x10, 0xa8, 0x81, 0x80, 0x80, 0x00, 0x21, 0x03, 0x20, 0x07,
    0x41, 0x7f, 0x46, 0x0d, 0x01, 0x20, 0x03, 0x41, 0x7f, 0x46, 0x0d, 0x01,
    0x20, 0x07, 0x20, 0x03, 0x4f, 0x0d, 0x01, 0x20, 0x03, 0x20, 0x07, 0x6b,
    0x22, 0x06, 0x20, 0x05, 0x41, 0x38, 0x6a, 0x4d, 0x0d, 0x01, 0x0b, 0x41,
    0x00, 0x41, 0x00, 0x28, 0x02, 0xf0, 0xd6, 0xc0, 0x80, 0x00, 0x20, 0x06,
    0x6a, 0x22, 0x03, 0x36, 0x02, 0xf0, 0xd6, 0xc0, 0x80, 0x00, 0x02, 0x40,
    0x20, 0x03, 0x41, 0x00, 0x28, 0x02, 0xf4, 0xd6, 0xc0, 0x80, 0x00, 0x4d,
    0x0d, 0x00, 0x41, 0x00, 0x20, 0x03, 0x36, 0x02, 0xf4, 0xd6, 0xc0, 0x80,
    0x00, 0x0b, 0x02, 0x40, 0x02, 0x40, 0x02, 0x40, 0x02, 0x40, 0x41, 0x00,
    0x28, 0x02, 0xd8, 0xd3, 0xc0, 0x80, 0x00, 0x22, 0x04, 0x45, 0x0d, 0x00,
    0x41, 0x80, 0xd7, 0xc0, 0x80, 0x00, 0x21, 0x03, 0x03, 0x40, 0x20, 0x07,
    0x20, 0x03, 0x28, 0x02, 0x00, 0x22, 0x00, 0x20, 0x03, 0x28, 0x02, 0x04,
    0x22, 0x09, 0x6a, 0x46, 0x0d, 0x02, 0x20, 0x03, 0x28, 0x02, 0x08, 0x22,
    0x03, 0x0d, 0x00, 0x0c, 0x03, 0x0b, 0x0b, 0x02, 0x40, 0x02, 0x40, 0x41,
    0x00, 0x28, 0x02, 0xd0, 0xd3, 0xc0, 0x80, 0x00, 0x22, 0x03, 0x45, 0x0d,
    0x00, 0x20, 0x07, 0x20, 0x03, 0x4f, 0x0d, 0x01, 0x0b, 0x41, 0x00, 0x20,
    0x07, 0x36, 0x02, 0xd0, 0xd3, 0xc0, 0x80, 0x00, 0x0b, 0x41, 0x00, 0x20,
    0x06, 0x36, 0x02, 0x84, 0xd7, 0xc0, 0x80, 0x00, 0x41, 0x00, 0x20, 0x07,
    0x36, 0x02, 0x80, 0xd7, 0xc0, 0x80, 0x00, 0x41, 0x00, 0x41, 0x7f, 0x36,
    0x02, 0xe0, 0xd3, 0xc0, 0x80, 0x00, 0x41, 0x00, 0x41, 0x00, 0x28, 0x02,
    0x98, 0xd7, 0xc0, 0x80, 0x00, 0x36, 0x02, 0xe4, 0xd3, 0xc0, 0x80, 0x00,
    0x41, 0x00, 0x41, 0x00, 0x36, 0x02, 0x8c, 0xd7, 0xc0, 0x80, 0x00, 0x41,
    0x80, 0x7e, 0x21, 0x03, 0x03, 0x40, 0x20, 0x03, 0x41, 0xfc, 0xd5, 0xc0,
    0x80, 0x00, 0x6a, 0x20, 0x03, 0x41, 0xf0, 0xd5, 0xc0, 0x80, 0x00, 0x6a,
    0x22, 0x04, 0x36, 0x02, 0x00, 0x20, 0x04, 0x20, 0x03, 0x41, 0xe8, 0xd5,
    0xc0, 0x80, 0x00, 0x6a, 0x22, 0x00, 0x36, 0x02, 0x00, 0x20, 0x03, 0x41,
    0xf4, 0xd5, 0xc0, 0x80, 0x00, 0x6a, 0x20, 0x00, 0x36, 0x02, 0x00, 0x20,
    0x03, 0x41, 0x84, 0xd6, 0xc0, 0x80, 0x00, 0x6a, 0x20, 0x03, 0x41, 0xf8,
    0xd5, 0xc0, 0x80, 0x00, 0x6a, 0x22, 0x00, 0x36, 0x02, 0x00, 0x20, 0x00,
    0x20, 0x04, 0x36, 0x02, 0x00, 0x20, 0x03, 0x41, 0x8c, 0xd6, 0xc0, 0x80,
    0x00, 0x6a, 0x20, 0x03, 0x41, 0x80, 0xd6, 0xc0, 0x80, 0x00, 0x6a, 0x22,
    0x04, 0x36, 0x02, 0x00, 0x20, 0x04, 0x20, 0x00, 0x36, 0x02, 0x00, 0x20,
    0x03, 0x41, 0x88, 0xd6, 0xc0, 0x80, 0x00, 0x6a, 0x20, 0x04, 0x36, 0x02,
    0x00, 0x20, 0x03, 0x41, 0x20, 0x6a, 0x22, 0x03, 0x0d, 0x00, 0x0b, 0x20,
    0x07, 0x41, 0x78, 0x20, 0x07, 0x6b, 0x41, 0x0f, 0x71, 0x22, 0x03, 0x6a,
    0x22, 0x04, 0x20, 0x06, 0x41, 0x48, 0x6a, 0x22, 0x00, 0x20, 0x03, 0x6b,
    0x22, 0x03, 0x41, 0x01, 0x72, 0x36, 0x02, 0x04, 0x41, 0x00, 0x41, 0x00,
    0x28, 0x02, 0xa8, 0xd7, 0xc0, 0x80, 0x00, 0x36, 0x02, 0xdc, 0xd3, 0xc0,
    0x80, 0x00, 0x41, 0x00, 0x20, 0x03, 0x36, 0x02, 0xcc, 0xd3, 0xc0, 0x80,
    0x00, 0x41, 0x00, 0x20, 0x04, 0x36, 0x02, 0xd8, 0xd3, 0xc0, 0x80, 0x00,
    0x20, 0x07, 0x20, 0x00, 0x6a, 0x41, 0x38, 0x36, 0x02, 0x04, 0x0c, 0x02,
    0x0b, 0x20, 0x04, 0x20, 0x07, 0x4f, 0x0d, 0x00, 0x20, 0x04, 0x20, 0x00,
    0x49, 0x0d, 0x00, 0x20, 0x03, 0x28, 0x02, 0x0c, 0x41, 0x08, 0x71, 0x0d,
    0x00, 0x20, 0x04, 0x41, 0x78, 0x20, 0x04, 0x6b, 0x41, 0x0f, 0x71, 0x22,
    0x00, 0x6a, 0x22, 0x07, 0x41, 0x00, 0x28, 0x02, 0xcc, 0xd3, 0xc0, 0x80,
    0x00, 0x20, 0x06, 0x6a, 0x22, 0x0b, 0x20, 0x00, 0x6b, 0x22, 0x00, 0x41,
    0x01, 0x72, 0x36, 0x02, 0x04, 0x20, 0x03, 0x20, 0x09, 0x20, 0x06, 0x6a,
    0x36, 0x02, 0x04, 0x41, 0x00, 0x41, 0x00, 0x28, 0x02, 0xa8, 0xd7, 0xc0,
    0x80, 0x00, 0x36, 0x02, 0xdc, 0xd3, 0xc0, 0x80, 0x00, 0x41, 0x00, 0x20,
    0x00, 0x36, 0x02, 0xcc, 0xd3, 0xc0, 0x80, 0x00, 0x41, 0x00, 0x20, 0x07,
    0x36, 0x02, 0xd8, 0xd3, 0xc0, 0x80, 0x00, 0x20, 0x04, 0x20, 0x0b, 0x6a,
    0x41, 0x38, 0x36, 0x02, 0x04, 0x0c, 0x01, 0x0b, 0x02, 0x40, 0x20, 0x07,
    0x41, 0x00, 0x28, 0x02, 0xd0, 0xd3, 0xc0, 0x80, 0x00, 0x4f, 0x0d, 0x00,
    0x41, 0x00, 0x20, 0x07, 0x36, 0x02, 0xd0, 0xd3, 0xc0, 0x80, 0x00, 0x0b,
    0x20, 0x07, 0x20, 0x06, 0x6a, 0x21, 0x00, 0x41, 0x80, 0xd7, 0xc0, 0x80,
    0x00, 0x21, 0x03, 0x02, 0x40, 0x02, 0x40, 0x03, 0x40, 0x20, 0x03, 0x28,
    0x02, 0x00, 0x22, 0x09, 0x20, 0x00, 0x46, 0x0d, 0x01, 0x20, 0x03, 0x28,
    0x02, 0x08, 0x22, 0x03, 0x0d, 0x00, 0x0c, 0x02, 0x0b, 0x0b, 0x20, 0x03,
    0x2d, 0x00, 0x0c, 0x41, 0x08, 0x71, 0x45, 0x0d, 0x03, 0x0b, 0x41, 0x80,
    0xd7, 0xc0, 0x80, 0x00, 0x21, 0x03, 0x02, 0x40, 0x03, 0x40, 0x02, 0x40,
    0x20, 0x04, 0x20, 0x03, 0x28, 0x02, 0x00, 0x22, 0x00, 0x49, 0x0d, 0x00,
    0x20, 0x04, 0x20, 0x00, 0x20, 0x03, 0x28, 0x02, 0x04, 0x6a, 0x22, 0x00,
    0x49, 0x0d, 0x02, 0x0b, 0x20, 0x03, 0x28, 0x02, 0x08, 0x21, 0x03, 0x0c,
    0x00, 0x0b, 0x0b, 0x20, 0x07, 0x41, 0x78, 0x20, 0x07, 0x6b, 0x41, 0x0f,
    0x71, 0x22, 0x03, 0x6a, 0x22, 0x0b, 0x20, 0x06, 0x41, 0x48, 0x6a, 0x22,
    0x09, 0x20, 0x03, 0x6b, 0x22, 0x03, 0x41, 0x01, 0x72, 0x36, 0x02, 0x04,
    0x20, 0x07, 0x20, 0x09, 0x6a, 0x41, 0x38, 0x36, 0x02, 0x04, 0x20, 0x04,
    0x20, 0x00, 0x41, 0x37, 0x20, 0x00, 0x6b, 0x41, 0x0f, 0x71, 0x6a, 0x41,
    0x41, 0x6a, 0x22, 0x09, 0x20, 0x09, 0x20, 0x04, 0x41, 0x10, 0x6a, 0x49,
    0x1b, 0x22, 0x09, 0x41, 0x23, 0x36, 0x02, 0x04, 0x41, 0x00, 0x41, 0x00,
    0x28, 0x02, 0xa8, 0xd7, 0xc0, 0x80, 0x00, 0x36, 0x02, 0xdc, 0xd3, 0xc0,
    0x80, 0x00, 0x41, 0x00, 0x20, 0x03, 0x36, 0x02, 0xcc, 0xd3, 0xc0, 0x80,
    0x00, 0x41, 0x00, 0x20, 0x0b, 0x36, 0x02, 0xd8, 0xd3, 0xc0, 0x80, 0x00,
    0x20, 0x09, 0x41, 0x00, 0x29, 0x02, 0x88, 0xd7, 0xc0, 0x80, 0x00, 0x37,
    0x02, 0x10, 0x20, 0x09, 0x41, 0x00, 0x29, 0x02, 0x80, 0xd7, 0xc0, 0x80,
    0x00, 0x37, 0x02, 0x08, 0x41, 0x00, 0x20, 0x09, 0x41, 0x08, 0x6a, 0x36,
    0x02, 0x88, 0xd7, 0xc0, 0x80, 0x00, 0x41, 0x00, 0x20, 0x06, 0x36, 0x02,
    0x84, 0xd7, 0xc0, 0x80, 0x00, 0x41, 0x00, 0x20, 0x07, 0x36, 0x02, 0x80,
    0xd7, 0xc0, 0x80, 0x00, 0x41, 0x00, 0x41, 0x00, 0x36, 0x02, 0x8c, 0xd7,
    0xc0, 0x80, 0x00, 0x20, 0x09, 0x41, 0x24, 0x6a, 0x21, 0x03, 0x03, 0x40,
    0x20, 0x03, 0x41, 0x07, 0x36, 0x02, 0x00, 0x20, 0x03, 0x41, 0x04, 0x6a,
    0x22, 0x03, 0x20, 0x00, 0x49, 0x0d, 0x00, 0x0b, 0x20, 0x09, 0x20, 0x04,
    0x46, 0x0d, 0x00, 0x20, 0x09, 0x20, 0x09, 0x28, 0x02, 0x04, 0x41, 0x7e,
    0x71, 0x36, 0x02, 0x04, 0x20, 0x09, 0x20, 0x09, 0x20, 0x04, 0x6b, 0x22,
    0x07, 0x36, 0x02, 0x00, 0x20, 0x04, 0x20, 0x07, 0x41, 0x01, 0x72, 0x36,
    0x02, 0x04, 0x02, 0x40, 0x02, 0x40, 0x20, 0x07, 0x41, 0xff, 0x01, 0x4b,
    0x0d, 0x00, 0x20, 0x07, 0x41, 0xf8, 0x01, 0x71, 0x41, 0xe8, 0xd3, 0xc0,
    0x80, 0x00, 0x6a, 0x21, 0x03, 0x02, 0x40, 0x02, 0x40, 0x41, 0x00, 0x28,
    0x02, 0xc0, 0xd3, 0xc0, 0x80, 0x00, 0x22, 0x00, 0x41, 0x01, 0x20, 0x07,
    0x41, 0x03, 0x76, 0x74, 0x22, 0x07, 0x71, 0x0d, 0x00, 0x41, 0x00, 0x20,
    0x00, 0x20, 0x07, 0x72, 0x36, 0x02, 0xc0, 0xd3, 0xc0, 0x80, 0x00, 0x20,
    0x03, 0x21, 0x00, 0x0c, 0x01, 0x0b, 0x20, 0x03, 0x28, 0x02, 0x08, 0x21,
    0x00, 0x0b, 0x20, 0x00, 0x20, 0x04, 0x36, 0x02, 0x0c, 0x20, 0x03, 0x20,
    0x04, 0x36, 0x02, 0x08, 0x41, 0x0c, 0x21, 0x07, 0x41, 0x08, 0x21, 0x09,
    0x0c, 0x01, 0x0b, 0x41, 0x1f, 0x21, 0x03, 0x02, 0x40, 0x20, 0x07, 0x41,
    0xff, 0xff, 0xff, 0x07, 0x4b, 0x0d, 0x00, 0x20, 0x07, 0x41, 0x26, 0x20,
    0x07, 0x41, 0x08, 0x76, 0x67, 0x22, 0x03, 0x6b, 0x76, 0x41, 0x01, 0x71,
    0x20, 0x03, 0x41, 0x01, 0x74, 0x72, 0x41, 0x3e, 0x73, 0x21, 0x03, 0x0b,
    0x20, 0x04, 0x20, 0x03, 0x36, 0x02, 0x1c, 0x20, 0x04, 0x42, 0x00, 0x37,
    0x02, 0x10, 0x20, 0x03, 0x41, 0x02, 0x74, 0x41, 0xf0, 0xd5, 0xc0, 0x80,
    0x00, 0x6a, 0x21, 0x00, 0x02, 0x40, 0x02, 0x40, 0x02, 0x40, 0x41, 0x00,
    0x28, 0x02, 0xc4, 0xd3, 0xc0, 0x80, 0x00, 0x22, 0x09, 0x41, 0x01, 0x20,
    0x03, 0x74, 0x22, 0x06, 0x71, 0x0d, 0x00, 0x20, 0x00, 0x20, 0x04, 0x36,
    0x02, 0x00, 0x41, 0x00, 0x20, 0x09, 0x20, 0x06, 0x72, 0x36, 0x02, 0xc4,
    0xd3, 0xc0, 0x80, 0x00, 0x20, 0x04, 0x20, 0x00, 0x36, 0x02, 0x18, 0x0c,
    0x01, 0x0b, 0x20, 0x07, 0x41, 0x00, 0x41, 0x19, 0x20, 0x03, 0x41, 0x01,
    0x76, 0x6b, 0x20, 0x03, 0x41, 0x1f, 0x46, 0x1b, 0x74, 0x21, 0x03, 0x20,
    0x00, 0x28, 0x02, 0x00, 0x21, 0x09, 0x03, 0x40, 0x20, 0x09, 0x22, 0x00,
    0x28, 0x02, 0x04, 0x41, 0x78, 0x71, 0x20, 0x07, 0x46, 0x0d, 0x02, 0x20,
    0x03, 0x41, 0x1d, 0x76, 0x21, 0x09, 0x20, 0x03, 0x41, 0x01, 0x74, 0x21,
    0x03, 0x20, 0x00, 0x20, 0x09, 0x41, 0x04, 0x71, 0x6a, 0x22, 0x06, 0x28,
    0x02, 0x10, 0x22, 0x09, 0x0d, 0x00, 0x0b, 0x20, 0x06, 0x41, 0x10, 0x6a,
    0x20, 0x04, 0x36, 0x02, 0x00, 0x20, 0x04, 0x20, 0x00, 0x36, 0x02, 0x18,
    0x0b, 0x41, 0x08, 0x21, 0x07, 0x41, 0x0c, 0x21, 0x09, 0x20, 0x04, 0x21,
    0x00, 0x20, 0x04, 0x21, 0x03, 0x0c, 0x01, 0x0b, 0x20, 0x00, 0x28, 0x02,
    0x08, 0x21, 0x03, 0x20, 0x00, 0x20, 0x04, 0x36, 0x02, 0x08, 0x20, 0x03,
    0x20, 0x04, 0x36, 0x02, 0x0c, 0x20, 0x04, 0x20, 0x03, 0x36, 0x02, 0x08,
    0x41, 0x00, 0x21, 0x03, 0x41, 0x18, 0x21, 0x07, 0x41, 0x0c, 0x21, 0x09,
    0x0b, 0x20, 0x04, 0x20, 0x09, 0x6a, 0x20, 0x00, 0x36, 0x02, 0x00, 0x20,
    0x04, 0x20, 0x07, 0x6a, 0x20, 0x03, 0x36, 0x02, 0x00, 0x0b, 0x41, 0x00,
    0x28, 0x02, 0xcc, 0xd3, 0xc0, 0x80, 0x00, 0x22, 0x03, 0x20, 0x05, 0x4d,
    0x0d, 0x00, 0x41, 0x00, 0x28, 0x02, 0xd8, 0xd3, 0xc0, 0x80, 0x00, 0x22,
    0x04, 0x20, 0x05, 0x6a, 0x22, 0x00, 0x20, 0x03, 0x20, 0x05, 0x6b, 0x22,
    0x03, 0x41, 0x01, 0x72, 0x36, 0x02, 0x04, 0x41, 0x00, 0x20, 0x03, 0x36,
    0x02, 0xcc, 0xd3, 0xc0, 0x80, 0x00, 0x41, 0x00, 0x20, 0x00, 0x36, 0x02,
    0xd8, 0xd3, 0xc0, 0x80, 0x00, 0x20, 0x04, 0x20, 0x05, 0x41, 0x03, 0x72,
    0x36, 0x02, 0x04, 0x20, 0x04, 0x41, 0x08, 0x6a, 0x21, 0x03, 0x0c, 0x04,
    0x0b, 0x41, 0x00, 0x21, 0x03, 0x41, 0x00, 0x41, 0x30, 0x36, 0x02, 0x94,
    0xd2, 0xc0, 0x80, 0x00, 0x0c, 0x03, 0x0b, 0x20, 0x03, 0x20, 0x07, 0x36,
    0x02, 0x00, 0x20, 0x03, 0x20, 0x03, 0x28, 0x02, 0x04, 0x20, 0x06, 0x6a,
    0x36, 0x02, 0x04, 0x20, 0x07, 0x20, 0x09, 0x20, 0x05, 0x10, 0xab, 0x81,
    0x80, 0x80, 0x00, 0x21, 0x03, 0x0c, 0x02, 0x0b, 0x02, 0x40, 0x20, 0x0b,
    0x45, 0x0d, 0x00, 0x02, 0x40, 0x02, 0x40, 0x20, 0x09, 0x20, 0x09, 0x28,
    0x02, 0x1c, 0x22, 0x07, 0x41, 0x02, 0x74, 0x22, 0x00, 0x28, 0x02, 0xf0,
    0xd5, 0xc0, 0x80, 0x00, 0x47, 0x0d, 0x00, 0x20, 0x00, 0x41, 0xf0, 0xd5,
    0xc0, 0x80, 0x00, 0x6a, 0x20, 0x03, 0x36, 0x02, 0x00, 0x20, 0x03, 0x0d,
    0x01, 0x41, 0x00, 0x20, 0x0a, 0x41, 0x7e, 0x20, 0x07, 0x77, 0x71, 0x22,
    0x0a, 0x36, 0x02, 0xc4, 0xd3, 0xc0, 0x80, 0x00, 0x0c, 0x02, 0x0b, 0x02,
    0x40, 0x02, 0x40, 0x20, 0x0b, 0x28, 0x02, 0x10, 0x20, 0x09, 0x47, 0x0d,
    0x00, 0x20, 0x0b, 0x20, 0x03, 0x36, 0x02, 0x10, 0x0c, 0x01, 0x0b, 0x20,
    0x0b, 0x20, 0x03, 0x36, 0x02, 0x14, 0x0b, 0x20, 0x03, 0x45, 0x0d, 0x01,
    0x0b, 0x20, 0x03, 0x20, 0x0b, 0x36, 0x02, 0x18, 0x02, 0x40, 0x20, 0x09,
    0x28, 0x02, 0x10, 0x22, 0x00, 0x45, 0x0d, 0x00, 0x20, 0x03, 0x20, 0x00,
    0x36, 0x02, 0x10, 0x20, 0x00, 0x20, 0x03, 0x36, 0x02, 0x18, 0x0b, 0x20,
    0x09, 0x28, 0x02, 0x14, 0x22, 0x00, 0x45, 0x0d, 0x00, 0x20, 0x03, 0x20,
    0x00, 0x36, 0x02, 0x14, 0x20, 0x00, 0x20, 0x03, 0x36, 0x02, 0x18, 0x0b,
    0x02, 0x40, 0x02, 0x40, 0x20, 0x04, 0x41, 0x0f, 0x4b, 0x0d, 0x00, 0x20,
    0x09, 0x20, 0x04, 0x20, 0x05, 0x72, 0x22, 0x03, 0x41, 0x03, 0x72, 0x36,
    0x02, 0x04, 0x20, 0x09, 0x20, 0x03, 0x6a, 0x22, 0x03, 0x20, 0x03, 0x28,
    0x02, 0x04, 0x41, 0x01, 0x72, 0x36, 0x02, 0x04, 0x0c, 0x01, 0x0b, 0x20,
    0x09, 0x20, 0x05, 0x6a, 0x22, 0x07, 0x20, 0x04, 0x41, 0x01, 0x72, 0x36,
    0x02, 0x04, 0x20, 0x09, 0x20, 0x05, 0x41, 0x03, 0x72, 0x36, 0x02, 0x04,
    0x20, 0x07, 0x20, 0x04, 0x6a, 0x20, 0x04, 0x36, 0x02, 0x00, 0x02, 0x40,
    0x20, 0x04, 0x41, 0xff, 0x01, 0x4b, 0x0d, 0x00, 0x20, 0x04, 0x41, 0xf8,
    0x01, 0x71, 0x41, 0xe8, 0xd3, 0xc0, 0x80, 0x00, 0x6a, 0x21, 0x03, 0x02,
    0x40, 0x02, 0x40, 0x41, 0x00, 0x28, 0x02, 0xc0, 0xd3, 0xc0, 0x80, 0x00,
    0x22, 0x05, 0x41, 0x01, 0x20, 0x04, 0x41, 0x03, 0x76, 0x74, 0x22, 0x04,
    0x71, 0x0d, 0x00, 0x41, 0x00, 0x20, 0x05, 0x20, 0x04, 0x72, 0x36, 0x02,
    0xc0, 0xd3, 0xc0, 0x80, 0x00, 0x20, 0x03, 0x21, 0x04, 0x0c, 0x01, 0x0b,
    0x20, 0x03, 0x28, 0x02, 0x08, 0x21, 0x04, 0x0b, 0x20, 0x04, 0x20, 0x07,
    0x36, 0x02, 0x0c, 0x20, 0x03, 0x20, 0x07, 0x36, 0x02, 0x08, 0x20, 0x07,
    0x20, 0x03, 0x36, 0x02, 0x0c, 0x20, 0x07, 0x20, 0x04, 0x36, 0x02, 0x08,
    0x0c, 0x01, 0x0b, 0x41, 0x1f, 0x21, 0x03, 0x02, 0x40, 0x20, 0x04, 0x41,
    0xff, 0xff, 0xff, 0x07, 0x4b, 0x0d, 0x00, 0x20, 0x04, 0x41, 0x26, 0x20,
    0x04, 0x41, 0x08, 0x76, 0x67, 0x22, 0x03, 0x6b, 0x76, 0x41, 0x01, 0x71,
    0x20, 0x03, 0x41, 0x01, 0x74, 0x72, 0x41, 0x3e, 0x73, 0x21, 0x03, 0x0b,
    0x20, 0x07, 0x20, 0x03, 0x36, 0x02, 0x1c, 0x20, 0x07, 0x42, 0x00, 0x37,
    0x02, 0x10, 0x20, 0x03, 0x41, 0x02, 0x74, 0x41, 0xf0, 0xd5, 0xc0, 0x80,
    0x00, 0x6a, 0x21, 0x05, 0x02, 0x40, 0x20, 0x0a, 0x41, 0x01, 0x20, 0x03,
    0x74, 0x22, 0x00, 0x71, 0x0d, 0x00, 0x20, 0x05, 0x20, 0x07, 0x36, 0x02,
    0x00, 0x41, 0x00, 0x20, 0x0a, 0x20, 0x00, 0x72, 0x36, 0x02, 0xc4, 0xd3,
    0xc0, 0x80, 0x00, 0x20, 0x07, 0x20, 0x05, 0x36, 0x02, 0x18, 0x20, 0x07,
    0x20, 0x07, 0x36, 0x02, 0x08, 0x20, 0x07, 0x20, 0x07, 0x36, 0x02, 0x0c,
    0x0c, 0x01, 0x0b, 0x20, 0x04, 0x41, 0x00, 0x41, 0x19, 0x20, 0x03, 0x41,
    0x01, 0x76, 0x6b, 0x20, 0x03, 0x41, 0x1f, 0x46, 0x1b, 0x74, 0x21, 0x03,
    0x20, 0x05, 0x28, 0x02, 0x00, 0x21, 0x00, 0x02, 0x40, 0x03, 0x40, 0x20,
    0x00, 0x22, 0x05, 0x28, 0x02, 0x04, 0x41, 0x78, 0x71, 0x20, 0x04, 0x46,
    0x0d, 0x01, 0x20, 0x03, 0x41, 0x1d, 0x76, 0x21, 0x00, 0x20, 0x03, 0x41,
    0x01, 0x74, 0x21, 0x03, 0x20, 0x05, 0x20, 0x00, 0x41, 0x04, 0x71, 0x6a,
    0x22, 0x06, 0x28, 0x02, 0x10, 0x22, 0x00, 0x0d, 0x00, 0x0b, 0x20, 0x06,
    0x41, 0x10, 0x6a, 0x20, 0x07, 0x36, 0x02, 0x00, 0x20, 0x07, 0x20, 0x05,
    0x36, 0x02, 0x18, 0x20, 0x07, 0x20, 0x07, 0x36, 0x02, 0x0c, 0x20, 0x07,
    0x20, 0x07, 0x36, 0x02, 0x08, 0x0c, 0x01, 0x0b, 0x20, 0x05, 0x28, 0x02,
    0x08, 0x22, 0x03, 0x20, 0x07, 0x36, 0x02, 0x0c, 0x20, 0x05, 0x20, 0x07,
    0x36, 0x02, 0x08, 0x20, 0x07, 0x41, 0x00, 0x36, 0x02, 0x18, 0x20, 0x07,
    0x20, 0x05, 0x36, 0x02, 0x0c, 0x20, 0x07, 0x20, 0x03, 0x36, 0x02, 0x08,
    0x0b, 0x20, 0x09, 0x41, 0x08, 0x6a, 0x21, 0x03, 0x0c, 0x01, 0x0b, 0x02,
    0x40, 0x20, 0x02, 0x45, 0x0d, 0x00, 0x02, 0x40, 0x02, 0x40, 0x20, 0x07,
    0x20, 0x07, 0x28, 0x02, 0x1c, 0x22, 0x09, 0x41, 0x02, 0x74, 0x22, 0x00,
    0x28, 0x02, 0xf0, 0xd5, 0xc0, 0x80, 0x00, 0x47, 0x0d, 0x00, 0x20, 0x00,
    0x41, 0xf0, 0xd5, 0xc0, 0x80, 0x00, 0x6a, 0x20, 0x03, 0x36, 0x02, 0x00,
    0x20, 0x03, 0x0d, 0x01, 0x41, 0x00, 0x20, 0x0a, 0x41, 0x7e, 0x20, 0x09,
    0x77, 0x71, 0x36, 0x02, 0xc4, 0xd3, 0xc0, 0x80, 0x00, 0x0c, 0x02, 0x0b,
    0x02, 0x40, 0x02, 0x40, 0x20, 0x02, 0x28, 0x02, 0x10, 0x20, 0x07, 0x47,
    0x0d, 0x00, 0x20, 0x02, 0x20, 0x03, 0x36, 0x02, 0x10, 0x0c, 0x01, 0x0b,
    0x20, 0x02, 0x20, 0x03, 0x36, 0x02, 0x14, 0x0b, 0x20, 0x03, 0x45, 0x0d,
    0x01, 0x0b, 0x20, 0x03, 0x20, 0x02, 0x36, 0x02, 0x18, 0x02, 0x40, 0x20,
    0x07, 0x28, 0x02, 0x10, 0x22, 0x00, 0x45, 0x0d, 0x00, 0x20, 0x03, 0x20,
    0x00, 0x36, 0x02, 0x10, 0x20, 0x00, 0x20, 0x03, 0x36, 0x02, 0x18, 0x0b,
    0x20, 0x07, 0x28, 0x02, 0x14, 0x22, 0x00, 0x45, 0x0d, 0x00, 0x20, 0x03,
    0x20, 0x00, 0x36, 0x02, 0x14, 0x20, 0x00, 0x20, 0x03, 0x36, 0x02, 0x18,
    0x0b, 0x02, 0x40, 0x02, 0x40, 0x20, 0x04, 0x41, 0x0f, 0x4b, 0x0d, 0x00,
    0x20, 0x07, 0x20, 0x04, 0x20, 0x05, 0x72, 0x22, 0x03, 0x41, 0x03, 0x72,
    0x36, 0x02, 0x04, 0x20, 0x07, 0x20, 0x03, 0x6a, 0x22, 0x03, 0x20, 0x03,
    0x28, 0x02, 0x04, 0x41, 0x01, 0x72, 0x36, 0x02, 0x04, 0x0c, 0x01, 0x0b,
    0x20, 0x07, 0x20, 0x05, 0x6a, 0x22, 0x00, 0x20, 0x04, 0x41, 0x01, 0x72,
    0x36, 0x02, 0x04, 0x20, 0x07, 0x20, 0x05, 0x41, 0x03, 0x72, 0x36, 0x02,
    0x04, 0x20, 0x00, 0x20, 0x04, 0x6a, 0x20, 0x04, 0x36, 0x02, 0x00, 0x02,
    0x40, 0x20, 0x08, 0x45, 0x0d, 0x00, 0x20, 0x08, 0x41, 0x78, 0x71, 0x41,
    0xe8, 0xd3, 0xc0, 0x80, 0x00, 0x6a, 0x21, 0x05, 0x41, 0x00, 0x28, 0x02,
    0xd4, 0xd3, 0xc0, 0x80, 0x00, 0x21, 0x03, 0x02, 0x40, 0x02, 0x40, 0x41,
    0x01, 0x20, 0x08, 0x41, 0x03, 0x76, 0x74, 0x22, 0x09, 0x20, 0x06, 0x71,
    0x0d, 0x00, 0x41, 0x00, 0x20, 0x09, 0x20, 0x06, 0x72, 0x36, 0x02, 0xc0,
    0xd3, 0xc0, 0x80, 0x00, 0x20, 0x05, 0x21, 0x09, 0x0c, 0x01, 0x0b, 0x20,
    0x05, 0x28, 0x02, 0x08, 0x21, 0x09, 0x0b, 0x20, 0x09, 0x20, 0x03, 0x36,
    0x02, 0x0c, 0x20, 0x05, 0x20, 0x03, 0x36, 0x02, 0x08, 0x20, 0x03, 0x20,
    0x05, 0x36, 0x02, 0x0c, 0x20, 0x03, 0x20, 0x09, 0x36, 0x02, 0x08, 0x0b,
    0x41, 0x00, 0x20, 0x00, 0x36, 0x02, 0xd4, 0xd3, 0xc0, 0x80, 0x00, 0x41,
    0x00, 0x20, 0x04, 0x36, 0x02, 0xc8, 0xd3, 0xc0, 0x80, 0x00, 0x0b, 0x20,
    0x07, 0x41, 0x08, 0x6a, 0x21, 0x03, 0x0b, 0x20, 0x01, 0x41, 0x10, 0x6a,
    0x24, 0x80, 0x80, 0x80, 0x80, 0x00, 0x20, 0x03, 0x0b, 0xac, 0x08, 0x01,
    0x07, 0x7f, 0x20, 0x00, 0x41, 0x78, 0x20, 0x00, 0x6b, 0x41, 0x0f, 0x71,
    0x6a, 0x22, 0x03, 0x20, 0x02, 0x41, 0x03, 0x72, 0x36, 0x02, 0x04, 0x20,
    0x01, 0x41, 0x78, 0x20, 0x01, 0x6b, 0x41, 0x0f, 0x71, 0x6a, 0x22, 0x04,
    0x20, 0x03, 0x20, 0x02, 0x6a, 0x22, 0x05, 0x6b, 0x21, 0x00, 0x02, 0x40,
    0x02, 0x40, 0x20, 0x04, 0x41, 0x00, 0x28, 0x02, 0xd8, 0xd3, 0xc0, 0x80,
    0x00, 0x47, 0x0d, 0x00, 0x41, 0x00, 0x20, 0x05, 0x36, 0x02, 0xd8, 0xd3,
    0xc0, 0x80, 0x00, 0x41, 0x00, 0x41, 0x00, 0x28, 0x02, 0xcc, 0xd3, 0xc0,
    0x80, 0x00, 0x20, 0x00, 0x6a, 0x22, 0x02, 0x36, 0x02, 0xcc, 0xd3, 0xc0,
    0x80, 0x00, 0x20, 0x05, 0x20, 0x02, 0x41, 0x01, 0x72, 0x36, 0x02, 0x04,
    0x0c, 0x01, 0x0b, 0x02, 0x40, 0x20, 0x04, 0x41, 0x00, 0x28, 0x02, 0xd4,
    0xd3, 0xc0, 0x80, 0x00, 0x47, 0x0d, 0x00, 0x41, 0x00, 0x20, 0x05, 0x36,
    0x02, 0xd4, 0xd3, 0xc0, 0x80, 0x00, 0x41, 0x00, 0x41, 0x00, 0x28, 0x02,
    0xc8, 0xd3, 0xc0, 0x80, 0x00, 0x20, 0x00, 0x6a, 0x22, 0x02, 0x36, 0x02,
    0xc8, 0xd3, 0xc0, 0x80, 0x00, 0x20, 0x05, 0x20, 0x02, 0x41, 0x01, 0x72,
    0x36, 0x02, 0x04, 0x20, 0x05, 0x20, 0x02, 0x6a, 0x20, 0x02, 0x36, 0x02,
    0x00, 0x0c, 0x01, 0x0b, 0x02, 0x40, 0x20, 0x04, 0x28, 0x02, 0x04, 0x22,
    0x01, 0x41, 0x03, 0x71, 0x41, 0x01, 0x47, 0x0d, 0x00, 0x20, 0x01, 0x41,
    0x78, 0x71, 0x21, 0x06, 0x20, 0x04, 0x28, 0x02, 0x0c, 0x21, 0x02, 0x02,
    0x40, 0x02, 0x40, 0x20, 0x01, 0x41, 0xff, 0x01, 0x4b, 0x0d, 0x00, 0x02,
    0x40, 0x20, 0x02, 0x20, 0x04, 0x28, 0x02, 0x08, 0x22, 0x07, 0x47, 0x0d,
    0x00, 0x41, 0x00, 0x41, 0x00, 0x28, 0x02, 0xc0, 0xd3, 0xc0, 0x80, 0x00,
    0x41, 0x7e, 0x20, 0x01, 0x41, 0x03, 0x76, 0x77, 0x71, 0x36, 0x02, 0xc0,
    0xd3, 0xc0, 0x80, 0x00, 0x0c, 0x02, 0x0b, 0x20, 0x02, 0x20, 0x07, 0x36,
    0x02, 0x08, 0x20, 0x07, 0x20, 0x02, 0x36, 0x02, 0x0c, 0x0c, 0x01, 0x0b,
    0x20, 0x04, 0x28, 0x02, 0x18, 0x21, 0x08, 0x02, 0x40, 0x02, 0x40, 0x20,
    0x02, 0x20, 0x04, 0x46, 0x0d, 0x00, 0x20, 0x04, 0x28, 0x02, 0x08, 0x22,
    0x01, 0x20, 0x02, 0x36, 0x02, 0x0c, 0x20, 0x02, 0x20, 0x01, 0x36, 0x02,
    0x08, 0x0c, 0x01, 0x0b, 0x02, 0x40, 0x02, 0x40, 0x02, 0x40, 0x20, 0x04,
    0x28, 0x02, 0x14, 0x22, 0x01, 0x45, 0x0d, 0x00, 0x20, 0x04, 0x41, 0x14,
    0x6a, 0x21, 0x07, 0x0c, 0x01, 0x0b, 0x20, 0x04, 0x28, 0x02, 0x10, 0x22,
    0x01, 0x45, 0x0d, 0x01, 0x20, 0x04, 0x41, 0x10, 0x6a, 0x21, 0x07, 0x0b,
    0x03, 0x40, 0x20, 0x07, 0x21, 0x09, 0x20, 0x01, 0x22, 0x02, 0x41, 0x14,
    0x6a, 0x21, 0x07, 0x20, 0x02, 0x28, 0x02, 0x14, 0x22, 0x01, 0x0d, 0x00,
    0x20, 0x02, 0x41, 0x10, 0x6a, 0x21, 0x07, 0x20, 0x02, 0x28, 0x02, 0x10,
    0x22, 0x01, 0x0d, 0x00, 0x0b, 0x20, 0x09, 0x41, 0x00, 0x36, 0x02, 0x00,
    0x0c, 0x01, 0x0b, 0x41, 0x00, 0x21, 0x02, 0x0b, 0x20, 0x08, 0x45, 0x0d,
    0x00, 0x02, 0x40, 0x02, 0x40, 0x20, 0x04, 0x20, 0x04, 0x28, 0x02, 0x1c,
    0x22, 0x07, 0x41, 0x02, 0x74, 0x22, 0x01, 0x28, 0x02, 0xf0, 0xd5, 0xc0,
    0x80, 0x00, 0x47, 0x0d, 0x00, 0x20, 0x01, 0x41, 0xf0, 0xd5, 0xc0, 0x80,
    0x00, 0x6a, 0x20, 0x02, 0x36, 0x02, 0x00, 0x20, 0x02, 0x0d, 0x01, 0x41,
    0x00, 0x41, 0x00, 0x28, 0x02, 0xc4, 0xd3, 0xc0, 0x80, 0x00, 0x41, 0x7e,
    0x20, 0x07, 0x77, 0x71, 0x36, 0x02, 0xc4, 0xd3, 0xc0, 0x80, 0x00, 0x0c,
    0x02, 0x0b, 0x02, 0x40, 0x02, 0x40, 0x20, 0x08, 0x28, 0x02, 0x10, 0x20,
    0x04, 0x47, 0x0d, 0x00, 0x20, 0x08, 0x20, 0x02, 0x36, 0x02, 0x10, 0x0c,
    0x01, 0x0b, 0x20, 0x08, 0x20, 0x02, 0x36, 0x02, 0x14, 0x0b, 0x20, 0x02,
    0x45, 0x0d, 0x01, 0x0b, 0x20, 0x02, 0x20, 0x08, 0x36, 0x02, 0x18, 0x02,
    0x40, 0x20, 0x04, 0x28, 0x02, 0x10, 0x22, 0x01, 0x45, 0x0d, 0x00, 0x20,
    0x02, 0x20, 0x01, 0x36, 0x02, 0x10, 0x20, 0x01, 0x20, 0x02, 0x36, 0x02,
    0x18, 0x0b, 0x20, 0x04, 0x28, 0x02, 0x14, 0x22, 0x01, 0x45, 0x0d, 0x00,
    0x20, 0x02, 0x20, 0x01, 0x36, 0x02, 0x14, 0x20, 0x01, 0x20, 0x02, 0x36,
    0x02, 0x18, 0x0b, 0x20, 0x06, 0x20, 0x00, 0x6a, 0x21, 0x00, 0x20, 0x04,
    0x20, 0x06, 0x6a, 0x22, 0x04, 0x28, 0x02, 0x04, 0x21, 0x01, 0x0b, 0x20,
    0x04, 0x20, 0x01, 0x41, 0x7e, 0x71, 0x36, 0x02, 0x04, 0x20, 0x05, 0x20,
    0x00, 0x6a, 0x20, 0x00, 0x36, 0x02, 0x00, 0x20, 0x05, 0x20, 0x00, 0x41,
    0x01, 0x72, 0x36, 0x02, 0x04, 0x02, 0x40, 0x20, 0x00, 0x41, 0xff, 0x01,
    0x4b, 0x0d, 0x00, 0x20, 0x00, 0x41, 0xf8, 0x01, 0x71, 0x41, 0xe8, 0xd3,
    0xc0, 0x80, 0x00, 0x6a, 0x21, 0x02, 0x02, 0x40, 0x02, 0x40, 0x41, 0x00,
    0x28, 0x02, 0xc0, 0xd3, 0xc0, 0x80, 0x00, 0x22, 0x01, 0x41, 0x01, 0x20,
    0x00, 0x41, 0x03, 0x76, 0x74, 0x22, 0x00, 0x71, 0x0d, 0x00, 0x41, 0x00,
    0x20, 0x01, 0x20, 0x00, 0x72, 0x36, 0x02, 0xc0, 0xd3, 0xc0, 0x80, 0x00,
    0x20, 0x02, 0x21, 0x00, 0x0c, 0x01, 0x0b, 0x20, 0x02, 0x28, 0x02, 0x08,
    0x21, 0x00, 0x0b, 0x20, 0x00, 0x20, 0x05, 0x36, 0x02, 0x0c, 0x20, 0x02,
    0x20, 0x05, 0x36, 0x02, 0x08, 0x20, 0x05, 0x20, 0x02, 0x36, 0x02, 0x0c,
    0x20, 0x05, 0x20, 0x00, 0x36, 0x02, 0x08, 0x0c, 0x01, 0x0b, 0x41, 0x1f,
    0x21, 0x02, 0x02, 0x40, 0x20, 0x00, 0x41, 0xff, 0xff, 0xff, 0x07, 0x4b,
    0x0d, 0x00, 0x20, 0x00, 0x41, 0x26, 0x20, 0x00, 0x41, 0x08, 0x76, 0x67,
    0x22, 0x02, 0x6b, 0x76, 0x41, 0x01, 0x71, 0x20, 0x02, 0x41, 0x01, 0x74,
    0x72, 0x41, 0x3e, 0x73, 0x21, 0x02, 0x0b, 0x20, 0x05, 0x20, 0x02, 0x36,
    0x02, 0x1c, 0x20, 0x05, 0x42, 0x00, 0x37, 0x02, 0x10, 0x20, 0x02, 0x41,
    0x02, 0x74, 0x41, 0xf0, 0xd5, 0xc0, 0x80, 0x00, 0x6a, 0x21, 0x01, 0x02,
    0x40, 0x41, 0x00, 0x28, 0x02, 0xc4, 0xd3, 0xc0, 0x80, 0x00, 0x22, 0x07,
    0x41, 0x01, 0x20, 0x02, 0x74, 0x22, 0x04, 0x71, 0x0d, 0x00, 0x20, 0x01,
    0x20, 0x05, 0x36, 0x02, 0x00, 0x41, 0x00, 0x20, 0x07, 0x20, 0x04, 0x72,
    0x36, 0x02, 0xc4, 0xd3, 0xc0, 0x80, 0x00, 0x20, 0x05, 0x20, 0x01, 0x36,
    0x02, 0x18, 0x20, 0x05, 0x20, 0x05, 0x36, 0x02, 0x08, 0x20, 0x05, 0x20,
    0x05, 0x36, 0x02, 0x0c, 0x0c, 0x01, 0x0b, 0x20, 0x00, 0x41, 0x00, 0x41,
    0x19, 0x20, 0x02, 0x41, 0x01, 0x76, 0x6b, 0x20, 0x02, 0x41, 0x1f, 0x46,
    0x1b, 0x74, 0x21, 0x02, 0x20, 0x01, 0x28, 0x02, 0x00, 0x21, 0x07, 0x02,
    0x40, 0x03, 0x40, 0x20, 0x07, 0x22, 0x01, 0x28, 0x02, 0x04, 0x41, 0x78,
    0x71, 0x20, 0x00, 0x46, 0x0d, 0x01, 0x20, 0x02, 0x41, 0x1d, 0x76, 0x21,
    0x07, 0x20, 0x02, 0x41, 0x01, 0x74, 0x21, 0x02, 0x20, 0x01, 0x20, 0x07,
    0x41, 0x04, 0x71, 0x6a, 0x22, 0x04, 0x28, 0x02, 0x10, 0x22, 0x07, 0x0d,
    0x00, 0x0b, 0x20, 0x04, 0x41, 0x10, 0x6a, 0x20, 0x05, 0x36, 0x02, 0x00,
    0x20, 0x05, 0x20, 0x01, 0x36, 0x02, 0x18, 0x20, 0x05, 0x20, 0x05, 0x36,
    0x02, 0x0c, 0x20, 0x05, 0x20, 0x05, 0x36, 0x02, 0x08, 0x0c, 0x01, 0x0b,
    0x20, 0x01, 0x28, 0x02, 0x08, 0x22, 0x02, 0x20, 0x05, 0x36, 0x02, 0x0c,
    0x20, 0x01, 0x20, 0x05, 0x36, 0x02, 0x08, 0x20, 0x05, 0x41, 0x00, 0x36,
    0x02, 0x18, 0x20, 0x05, 0x20, 0x01, 0x36, 0x02, 0x0c, 0x20, 0x05, 0x20,
    0x02, 0x36, 0x02, 0x08, 0x0b, 0x20, 0x03, 0x41, 0x08, 0x6a, 0x0b, 0x0a,
    0x00, 0x20, 0x00, 0x10, 0xad, 0x81, 0x80, 0x80, 0x00, 0x0b, 0x8a, 0x0d,
    0x01, 0x08, 0x7f, 0x02, 0x40, 0x20, 0x00, 0x45, 0x0d, 0x00, 0x20, 0x00,
    0x41, 0x78, 0x6a, 0x22, 0x01, 0x20, 0x00, 0x41, 0x7c, 0x6a, 0x28, 0x02,
    0x00, 0x22, 0x02, 0x41, 0x78, 0x71, 0x22, 0x00, 0x6a, 0x21, 0x03, 0x02,
    0x40, 0x20, 0x02, 0x41, 0x01, 0x71, 0x0d, 0x00, 0x20, 0x02, 0x41, 0x02,
    0x71, 0x45, 0x0d, 0x01, 0x20, 0x01, 0x20, 0x01, 0x28, 0x02, 0x00, 0x22,
    0x04, 0x6b, 0x22, 0x01, 0x41, 0x00, 0x28, 0x02, 0xd0, 0xd3, 0xc0, 0x80,
    0x00, 0x49, 0x0d, 0x01, 0x20, 0x04, 0x20, 0x00, 0x6a, 0x21, 0x00, 0x02,
    0x40, 0x02, 0x40, 0x02, 0x40, 0x02, 0x40, 0x20, 0x01, 0x41, 0x00, 0x28,
    0x02, 0xd4, 0xd3, 0xc0, 0x80, 0x00, 0x46, 0x0d, 0x00, 0x20, 0x01, 0x28,
    0x02, 0x0c, 0x21, 0x02, 0x02, 0x40, 0x20, 0x04, 0x41, 0xff, 0x01, 0x4b,
    0x0d, 0x00, 0x20, 0x02, 0x20, 0x01, 0x28, 0x02, 0x08, 0x22, 0x05, 0x47,
    0x0d, 0x02, 0x41, 0x00, 0x41, 0x00, 0x28, 0x02, 0xc0, 0xd3, 0xc0, 0x80,
    0x00, 0x41, 0x7e, 0x20, 0x04, 0x41, 0x03, 0x76, 0x77, 0x71, 0x36, 0x02,
    0xc0, 0xd3, 0xc0, 0x80, 0x00, 0x0c, 0x05, 0x0b, 0x20, 0x01, 0x28, 0x02,
    0x18, 0x21, 0x06, 0x02, 0x40, 0x20, 0x02, 0x20, 0x01, 0x46, 0x0d, 0x00,
    0x20, 0x01, 0x28, 0x02, 0x08, 0x22, 0x04, 0x20, 0x02, 0x36, 0x02, 0x0c,
    0x20, 0x02, 0x20, 0x04, 0x36, 0x02, 0x08, 0x0c, 0x04, 0x0b, 0x02, 0x40,
    0x02, 0x40, 0x20, 0x01, 0x28, 0x02, 0x14, 0x22, 0x04, 0x45, 0x0d, 0x00,
    0x20, 0x01, 0x41, 0x14, 0x6a, 0x21, 0x05, 0x0c, 0x01, 0x0b, 0x20, 0x01,
    0x28, 0x02, 0x10, 0x22, 0x04, 0x45, 0x0d, 0x03, 0x20, 0x01, 0x41, 0x10,
    0x6a, 0x21, 0x05, 0x0b, 0x03, 0x40, 0x20, 0x05, 0x21, 0x07, 0x20, 0x04,
    0x22, 0x02, 0x41, 0x14, 0x6a, 0x21, 0x05, 0x20, 0x02, 0x28, 0x02, 0x14,
    0x22, 0x04, 0x0d, 0x00, 0x20, 0x02, 0x41, 0x10, 0x6a, 0x21, 0x05, 0x20,
    0x02, 0x28, 0x02, 0x10, 0x22, 0x04, 0x0d, 0x00, 0x0b, 0x20, 0x07, 0x41,
    0x00, 0x36, 0x02, 0x00, 0x0c, 0x03, 0x0b, 0x20, 0x03, 0x28, 0x02, 0x04,
    0x22, 0x02, 0x41, 0x03, 0x71, 0x41, 0x03, 0x47, 0x0d, 0x03, 0x20, 0x03,
    0x20, 0x02, 0x41, 0x7e, 0x71, 0x36, 0x02, 0x04, 0x41, 0x00, 0x20, 0x00,
    0x36, 0x02, 0xc8, 0xd3, 0xc0, 0x80, 0x00, 0x20, 0x03, 0x20, 0x00, 0x36,
    0x02, 0x00, 0x20, 0x01, 0x20, 0x00, 0x41, 0x01, 0x72, 0x36, 0x02, 0x04,
    0x0f, 0x0b, 0x20, 0x02, 0x20, 0x05, 0x36, 0x02, 0x08, 0x20, 0x05, 0x20,
    0x02, 0x36, 0x02, 0x0c, 0x0c, 0x02, 0x0b, 0x41, 0x00, 0x21, 0x02, 0x0b,
    0x20, 0x06, 0x45, 0x0d, 0x00, 0x02, 0x40, 0x02, 0x40, 0x20, 0x01, 0x20,
    0x01, 0x28, 0x02, 0x1c, 0x22, 0x05, 0x41, 0x02, 0x74, 0x22, 0x04, 0x28,
    0x02, 0xf0, 0xd5, 0xc0, 0x80, 0x00, 0x47, 0x0d, 0x00, 0x20, 0x04, 0x41,
    0xf0, 0xd5, 0xc0, 0x80, 0x00, 0x6a, 0x20, 0x02, 0x36, 0x02, 0x00, 0x20,
    0x02, 0x0d, 0x01, 0x41, 0x00, 0x41, 0x00, 0x28, 0x02, 0xc4, 0xd3, 0xc0,
    0x80, 0x00, 0x41, 0x7e, 0x20, 0x05, 0x77, 0x71, 0x36, 0x02, 0xc4, 0xd3,
    0xc0, 0x80, 0x00, 0x0c, 0x02, 0x0b, 0x02, 0x40, 0x02, 0x40, 0x20, 0x06,
    0x28, 0x02, 0x10, 0x20, 0x01, 0x47, 0x0d, 0x00, 0x20, 0x06, 0x20, 0x02,
    0x36, 0x02, 0x10, 0x0c, 0x01, 0x0b, 0x20, 0x06, 0x20, 0x02, 0x36, 0x02,
    0x14, 0x0b, 0x20, 0x02, 0x45, 0x0d, 0x01, 0x0b, 0x20, 0x02, 0x20, 0x06,
    0x36, 0x02, 0x18, 0x02, 0x40, 0x20, 0x01, 0x28, 0x02, 0x10, 0x22, 0x04,
    0x45, 0x0d, 0x00, 0x20, 0x02, 0x20, 0x04, 0x36, 0x02, 0x10, 0x20, 0x04,
    0x20, 0x02, 0x36, 0x02, 0x18, 0x0b, 0x20, 0x01, 0x28, 0x02, 0x14, 0x22,
    0x04, 0x45, 0x0d, 0x00, 0x20, 0x02, 0x20, 0x04, 0x36, 0x02, 0x14, 0x20,
    0x04, 0x20, 0x02, 0x36, 0x02, 0x18, 0x0b, 0x20, 0x01, 0x20, 0x03, 0x4f,
    0x0d, 0x00, 0x20, 0x03, 0x28, 0x02, 0x04, 0x22, 0x04, 0x41, 0x01, 0x71,
    0x45, 0x0d, 0x00, 0x02, 0x40, 0x02, 0x40, 0x02, 0x40, 0x02, 0x40, 0x02,
    0x40, 0x20, 0x04, 0x41, 0x02, 0x71, 0x0d, 0x00, 0x02, 0x40, 0x20, 0x03,
    0x41, 0x00, 0x28, 0x02, 0xd8, 0xd3, 0xc0, 0x80, 0x00, 0x47, 0x0d, 0x00,
    0x41, 0x00, 0x20, 0x01, 0x36, 0x02, 0xd8, 0xd3, 0xc0, 0x80, 0x00, 0x41,
    0x00, 0x41, 0x00, 0x28, 0x02, 0xcc, 0xd3, 0xc0, 0x80, 0x00, 0x20, 0x00,
    0x6a, 0x22, 0x00, 0x36, 0x02, 0xcc, 0xd3, 0xc0, 0x80, 0x00, 0x20, 0x01,
    0x20, 0x00, 0x41, 0x01, 0x72, 0x36, 0x02, 0x04, 0x20, 0x01, 0x41, 0x00,
    0x28, 0x02, 0xd4, 0xd3, 0xc0, 0x80, 0x00, 0x47, 0x0d, 0x06, 0x41, 0x00,
    0x41, 0x00, 0x36, 0x02, 0xc8, 0xd3, 0xc0, 0x80, 0x00, 0x41, 0x00, 0x41,
    0x00, 0x36, 0x02, 0xd4, 0xd3, 0xc0, 0x80, 0x00, 0x0f, 0x0b, 0x02, 0x40,
    0x20, 0x03, 0x41, 0x00, 0x28, 0x02, 0xd4, 0xd3, 0xc0, 0x80, 0x00, 0x22,
    0x06, 0x47, 0x0d, 0x00, 0x41, 0x00, 0x20, 0x01, 0x36, 0x02, 0xd4, 0xd3,
    0xc0, 0x80, 0x00, 0x41, 0x00, 0x41, 0x00, 0x28, 0x02, 0xc8, 0xd3, 0xc0,
    0x80, 0x00, 0x20, 0x00, 0x6a, 0x22, 0x00, 0x36, 0x02, 0xc8, 0xd3, 0xc0,
    0x80, 0x00, 0x20, 0x01, 0x20, 0x00, 0x41, 0x01, 0x72, 0x36, 0x02, 0x04,
    0x20, 0x01, 0x20, 0x00, 0x6a, 0x20, 0x00, 0x36, 0x02, 0x00, 0x0f, 0x0b,
    0x20, 0x04, 0x41, 0x78, 0x71, 0x20, 0x00, 0x6a, 0x21, 0x00, 0x20, 0x03,
    0x28, 0x02, 0x0c, 0x21, 0x02, 0x02, 0x40, 0x20, 0x04, 0x41, 0xff, 0x01,
    0x4b, 0x0d, 0x00, 0x02, 0x40, 0x20, 0x02, 0x20, 0x03, 0x28, 0x02, 0x08,
    0x22, 0x05, 0x47, 0x0d, 0x00, 0x41, 0x00, 0x41, 0x00, 0x28, 0x02, 0xc0,
    0xd3, 0xc0, 0x80, 0x00, 0x41, 0x7e, 0x20, 0x04, 0x41, 0x03, 0x76, 0x77,
    0x71, 0x36, 0x02, 0xc0, 0xd3, 0xc0, 0x80, 0x00, 0x0c, 0x05, 0x0b, 0x20,
    0x02, 0x20, 0x05, 0x36, 0x02, 0x08, 0x20, 0x05, 0x20, 0x02, 0x36, 0x02,
    0x0c, 0x0c, 0x04, 0x0b, 0x20, 0x03, 0x28, 0x02, 0x18, 0x21, 0x08, 0x02,
    0x40, 0x20, 0x02, 0x20, 0x03, 0x46, 0x0d, 0x00, 0x20, 0x03, 0x28, 0x02,
    0x08, 0x22, 0x04, 0x20, 0x02, 0x36, 0x02, 0x0c, 0x20, 0x02, 0x20, 0x04,
    0x36, 0x02, 0x08, 0x0c, 0x03, 0x0b, 0x02, 0x40, 0x02, 0x40, 0x20, 0x03,
    0x28, 0x02, 0x14, 0x22, 0x04, 0x45, 0x0d, 0x00, 0x20, 0x03, 0x41, 0x14,
    0x6a, 0x21, 0x05, 0x0c, 0x01, 0x0b, 0x20, 0x03, 0x28, 0x02, 0x10, 0x22,
    0x04, 0x45, 0x0d, 0x02, 0x20, 0x03, 0x41, 0x10, 0x6a, 0x21, 0x05, 0x0b,
    0x03, 0x40, 0x20, 0x05, 0x21, 0x07, 0x20, 0x04, 0x22, 0x02, 0x41, 0x14,
    0x6a, 0x21, 0x05, 0x20, 0x02, 0x28, 0x02, 0x14, 0x22, 0x04, 0x0d, 0x00,
    0x20, 0x02, 0x41, 0x10, 0x6a, 0x21, 0x05, 0x20, 0x02, 0x28, 0x02, 0x10,
    0x22, 0x04, 0x0d, 0x00, 0x0b, 0x20, 0x07, 0x41, 0x00, 0x36, 0x02, 0x00,
    0x0c, 0x02, 0x0b, 0x20, 0x03, 0x20, 0x04, 0x41, 0x7e, 0x71, 0x36, 0x02,
    0x04, 0x20, 0x01, 0x20, 0x00, 0x6a, 0x20, 0x00, 0x36, 0x02, 0x00, 0x20,
    0x01, 0x20, 0x00, 0x41, 0x01, 0x72, 0x36, 0x02, 0x04, 0x0c, 0x03, 0x0b,
    0x41, 0x00, 0x21, 0x02, 0x0b, 0x20, 0x08, 0x45, 0x0d, 0x00, 0x02, 0x40,
    0x02, 0x40, 0x20, 0x03, 0x20, 0x03, 0x28, 0x02, 0x1c, 0x22, 0x05, 0x41,
    0x02, 0x74, 0x22, 0x04, 0x28, 0x02, 0xf0, 0xd5, 0xc0, 0x80, 0x00, 0x47,
    0x0d, 0x00, 0x20, 0x04, 0x41, 0xf0, 0xd5, 0xc0, 0x80, 0x00, 0x6a, 0x20,
    0x02, 0x36, 0x02, 0x00, 0x20, 0x02, 0x0d, 0x01, 0x41, 0x00, 0x41, 0x00,
    0x28, 0x02, 0xc4, 0xd3, 0xc0, 0x80, 0x00, 0x41, 0x7e, 0x20, 0x05, 0x77,
    0x71, 0x36, 0x02, 0xc4, 0xd3, 0xc0, 0x80, 0x00, 0x0c, 0x02, 0x0b, 0x02,
    0x40, 0x02, 0x40, 0x20, 0x08, 0x28, 0x02, 0x10, 0x20, 0x03, 0x47, 0x0d,
    0x00, 0x20, 0x08, 0x20, 0x02, 0x36, 0x02, 0x10, 0x0c, 0x01, 0x0b, 0x20,
    0x08, 0x20, 0x02, 0x36, 0x02, 0x14, 0x0b, 0x20, 0x02, 0x45, 0x0d, 0x01,
    0x0b, 0x20, 0x02, 0x20, 0x08, 0x36, 0x02, 0x18, 0x02, 0x40, 0x20, 0x03,
    0x28, 0x02, 0x10, 0x22, 0x04, 0x45, 0x0d, 0x00, 0x20, 0x02, 0x20, 0x04,
    0x36, 0x02, 0x10, 0x20, 0x04, 0x20, 0x02, 0x36, 0x02, 0x18, 0x0b, 0x20,
    0x03, 0x28, 0x02, 0x14, 0x22, 0x04, 0x45, 0x0d, 0x00, 0x20, 0x02, 0x20,
    0x04, 0x36, 0x02, 0x14, 0x20, 0x04, 0x20, 0x02, 0x36, 0x02, 0x18, 0x0b,
    0x20, 0x01, 0x20, 0x00, 0x6a, 0x20, 0x00, 0x36, 0x02, 0x00, 0x20, 0x01,
    0x20, 0x00, 0x41, 0x01, 0x72, 0x36, 0x02, 0x04, 0x20, 0x01, 0x20, 0x06,
    0x47, 0x0d, 0x00, 0x41, 0x00, 0x20, 0x00, 0x36, 0x02, 0xc8, 0xd3, 0xc0,
    0x80, 0x00, 0x0f, 0x0b, 0x02, 0x40, 0x20, 0x00, 0x41, 0xff, 0x01, 0x4b,
    0x0d, 0x00, 0x20, 0x00, 0x41, 0xf8, 0x01, 0x71, 0x41, 0xe8, 0xd3, 0xc0,
    0x80, 0x00, 0x6a, 0x21, 0x02, 0x02, 0x40, 0x02, 0x40, 0x41, 0x00, 0x28,
    0x02, 0xc0, 0xd3, 0xc0, 0x80, 0x00, 0x22, 0x04, 0x41, 0x01, 0x20, 0x00,
    0x41, 0x03, 0x76, 0x74, 0x22, 0x00, 0x71, 0x0d, 0x00, 0x41, 0x00, 0x20,
    0x04, 0x20, 0x00, 0x72, 0x36, 0x02, 0xc0, 0xd3, 0xc0, 0x80, 0x00, 0x20,
    0x02, 0x21, 0x00, 0x0c, 0x01, 0x0b, 0x20, 0x02, 0x28, 0x02, 0x08, 0x21,
    0x00, 0x0b, 0x20, 0x00, 0x20, 0x01, 0x36, 0x02, 0x0c, 0x20, 0x02, 0x20,
    0x01, 0x36, 0x02, 0x08, 0x20, 0x01, 0x20, 0x02, 0x36, 0x02, 0x0c, 0x20,
    0x01, 0x20, 0x00, 0x36, 0x02, 0x08, 0x0f, 0x0b, 0x41, 0x1f, 0x21, 0x02,
    0x02, 0x40, 0x20, 0x00, 0x41, 0xff, 0xff, 0xff, 0x07, 0x4b, 0x0d, 0x00,
    0x20, 0x00, 0x41, 0x26, 0x20, 0x00, 0x41, 0x08, 0x76, 0x67, 0x22, 0x02,
    0x6b, 0x76, 0x41, 0x01, 0x71, 0x20, 0x02, 0x41, 0x01, 0x74, 0x72, 0x41,
    0x3e, 0x73, 0x21, 0x02, 0x0b, 0x20, 0x01, 0x20, 0x02, 0x36, 0x02, 0x1c,
    0x20, 0x01, 0x42, 0x00, 0x37, 0x02, 0x10, 0x20, 0x02, 0x41, 0x02, 0x74,
    0x41, 0xf0, 0xd5, 0xc0, 0x80, 0x00, 0x6a, 0x21, 0x05, 0x02, 0x40, 0x02,
    0x40, 0x02, 0x40, 0x02, 0x40, 0x41, 0x00, 0x28, 0x02, 0xc4, 0xd3, 0xc0,
    0x80, 0x00, 0x22, 0x04, 0x41, 0x01, 0x20, 0x02, 0x74, 0x22, 0x03, 0x71,
    0x0d, 0x00, 0x20, 0x05, 0x20, 0x01, 0x36, 0x02, 0x00, 0x41, 0x00, 0x20,
    0x04, 0x20, 0x03, 0x72, 0x36, 0x02, 0xc4, 0xd3, 0xc0, 0x80, 0x00, 0x41,
    0x08, 0x21, 0x00, 0x41, 0x18, 0x21, 0x02, 0x0c, 0x01, 0x0b, 0x20, 0x00,
    0x41, 0x00, 0x41, 0x19, 0x20, 0x02, 0x41, 0x01, 0x76, 0x6b, 0x20, 0x02,
    0x41, 0x1f, 0x46, 0x1b, 0x74, 0x21, 0x02, 0x20, 0x05, 0x28, 0x02, 0x00,
    0x21, 0x05, 0x03, 0x40, 0x20, 0x05, 0x22, 0x04, 0x28, 0x02, 0x04, 0x41,
    0x78, 0x71, 0x20, 0x00, 0x46, 0x0d, 0x02, 0x20, 0x02, 0x41, 0x1d, 0x76,
    0x21, 0x05, 0x20, 0x02, 0x41, 0x01, 0x74, 0x21, 0x02, 0x20, 0x04, 0x20,
    0x05, 0x41, 0x04, 0x71, 0x6a, 0x22, 0x03, 0x28, 0x02, 0x10, 0x22, 0x05,
    0x0d, 0x00, 0x0b, 0x20, 0x03, 0x41, 0x10, 0x6a, 0x20, 0x01, 0x36, 0x02,
    0x00, 0x41, 0x08, 0x21, 0x00, 0x41, 0x18, 0x21, 0x02, 0x20, 0x04, 0x21,
    0x05, 0x0b, 0x20, 0x01, 0x21, 0x04, 0x20, 0x01, 0x21, 0x03, 0x0c, 0x01,
    0x0b, 0x20, 0x04, 0x28, 0x02, 0x08, 0x22, 0x05, 0x20, 0x01, 0x36, 0x02,
    0x0c, 0x20, 0x04, 0x20, 0x01, 0x36, 0x02, 0x08, 0x41, 0x00, 0x21, 0x03,
    0x41, 0x18, 0x21, 0x00, 0x41, 0x08, 0x21, 0x02, 0x0b, 0x20, 0x01, 0x20,
    0x02, 0x6a, 0x20, 0x05, 0x36, 0x02, 0x00, 0x20, 0x01, 0x20, 0x04, 0x36,
    0x02, 0x0c, 0x20, 0x01, 0x20, 0x00, 0x6a, 0x20, 0x03, 0x36, 0x02, 0x00,
    0x41, 0x00, 0x41, 0x00, 0x28, 0x02, 0xe0, 0xd3, 0xc0, 0x80, 0x00, 0x41,
    0x7f, 0x6a, 0x22, 0x01, 0x41, 0x7f, 0x20, 0x01, 0x1b, 0x36, 0x02, 0xe0,
    0xd3, 0xc0, 0x80, 0x00, 0x0b, 0x0b, 0x6c, 0x02, 0x01, 0x7f, 0x01, 0x7e,
    0x02, 0x40, 0x02, 0x40, 0x20, 0x00, 0x0d, 0x00, 0x41, 0x00, 0x21, 0x02,
    0x0c, 0x01, 0x0b, 0x20, 0x00, 0xad, 0x20, 0x01, 0xad, 0x7e, 0x22, 0x03,
    0xa7, 0x21, 0x02, 0x20, 0x01, 0x20, 0x00, 0x72, 0x41, 0x80, 0x80, 0x04,
    0x49, 0x0d, 0x00, 0x41, 0x7f, 0x20, 0x02, 0x20, 0x03, 0x42, 0x20, 0x88,
    0xa7, 0x41, 0x00, 0x47, 0x1b, 0x21, 0x02, 0x0b, 0x02, 0x40, 0x20, 0x02,
    0x10, 0xaa, 0x81, 0x80, 0x80, 0x00, 0x22, 0x00, 0x45, 0x0d, 0x00, 0x20,
    0x00, 0x41, 0x7c, 0x6a, 0x2d, 0x00, 0x00, 0x41, 0x03, 0x71, 0x45, 0x0d,
    0x00, 0x20, 0x02, 0x45, 0x0d, 0x00, 0x20, 0x00, 0x41, 0x00, 0x20, 0x02,
    0xfc, 0x0b, 0x00, 0x0b, 0x20, 0x00, 0x0b, 0xde, 0x08, 0x01, 0x0b, 0x7f,
    0x02, 0x40, 0x20, 0x00, 0x0d, 0x00, 0x20, 0x01, 0x10, 0xaa, 0x81, 0x80,
    0x80, 0x00, 0x0f, 0x0b, 0x02, 0x40, 0x20, 0x01, 0x41, 0x40, 0x49, 0x0d,
    0x00, 0x41, 0x00, 0x41, 0x30, 0x36, 0x02, 0x94, 0xd2, 0xc0, 0x80, 0x00,
    0x41, 0x00, 0x0f, 0x0b, 0x41, 0x10, 0x20, 0x01, 0x41, 0x13, 0x6a, 0x41,
    0x70, 0x71, 0x20, 0x01, 0x41, 0x0b, 0x49, 0x1b, 0x21, 0x02, 0x20, 0x00,
    0x41, 0x7c, 0x6a, 0x22, 0x03, 0x28, 0x02, 0x00, 0x22, 0x04, 0x41, 0x78,
    0x71, 0x21, 0x05, 0x02, 0x40, 0x02, 0x40, 0x02, 0x40, 0x20, 0x04, 0x41,
    0x03, 0x71, 0x0d, 0x00, 0x20, 0x02, 0x41, 0x80, 0x02, 0x49, 0x0d, 0x01,
    0x20, 0x05, 0x20, 0x02, 0x4d, 0x0d, 0x01, 0x20, 0x05, 0x20, 0x02, 0x6b,
    0x41, 0x00, 0x28, 0x02, 0xa0, 0xd7, 0xc0, 0x80, 0x00, 0x41, 0x01, 0x74,
    0x4d, 0x0d, 0x02, 0x0c, 0x01, 0x0b, 0x20, 0x00, 0x41, 0x78, 0x6a, 0x22,
    0x06, 0x20, 0x05, 0x6a, 0x21, 0x07, 0x02, 0x40, 0x20, 0x05, 0x20, 0x02,
    0x49, 0x0d, 0x00, 0x20, 0x05, 0x20, 0x02, 0x6b, 0x22, 0x01, 0x41, 0x10,
    0x49, 0x0d, 0x02, 0x20, 0x03, 0x20, 0x02, 0x20, 0x04, 0x41, 0x01, 0x71,
    0x72, 0x41, 0x02, 0x72, 0x36, 0x02, 0x00, 0x20, 0x06, 0x20, 0x02, 0x6a,
    0x22, 0x02, 0x20, 0x01, 0x41, 0x03, 0x72, 0x36, 0x02, 0x04, 0x20, 0x07,
    0x20, 0x07, 0x28, 0x02, 0x04, 0x41, 0x01, 0x72, 0x36, 0x02, 0x04, 0x20,
    0x02, 0x20, 0x01, 0x10, 0xb0, 0x81, 0x80, 0x80, 0x00, 0x20, 0x00, 0x0f,
    0x0b, 0x02, 0x40, 0x20, 0x07, 0x41, 0x00, 0x28, 0x02, 0xd8, 0xd3, 0xc0,
    0x80, 0x00, 0x47, 0x0d, 0x00, 0x41, 0x00, 0x28, 0x02, 0xcc, 0xd3, 0xc0,
    0x80, 0x00, 0x20, 0x05, 0x6a, 0x22, 0x05, 0x20, 0x02, 0x4d, 0x0d, 0x01,
    0x20, 0x03, 0x20, 0x02, 0x20, 0x04, 0x41, 0x01, 0x71, 0x72, 0x41, 0x02,
    0x72, 0x36, 0x02, 0x00, 0x41, 0x00, 0x20, 0x06, 0x20, 0x02, 0x6a, 0x22,
    0x01, 0x36, 0x02, 0xd8, 0xd3, 0xc0, 0x80, 0x00, 0x41, 0x00, 0x20, 0x05,
    0x20, 0x02, 0x6b, 0x22, 0x02, 0x36, 0x02, 0xcc, 0xd3, 0xc0, 0x80, 0x00,
    0x20, 0x01, 0x20, 0x02, 0x41, 0x01, 0x72, 0x36, 0x02, 0x04, 0x20, 0x00,
    0x0f, 0x0b, 0x02, 0x40, 0x20, 0x07, 0x41, 0x00, 0x28, 0x02, 0xd4, 0xd3,
    0xc0, 0x80, 0x00, 0x47, 0x0d, 0x00, 0x41, 0x00, 0x28, 0x02, 0xc8, 0xd3,
    0xc0, 0x80, 0x00, 0x20, 0x05, 0x6a, 0x22, 0x05, 0x20, 0x02, 0x49, 0x0d,
    0x01, 0x02, 0x40, 0x02, 0x40, 0x20, 0x05, 0x20, 0x02, 0x6b, 0x22, 0x01,
    0x41, 0x10, 0x49, 0x0d, 0x00, 0x20, 0x03, 0x20, 0x02, 0x20, 0x04, 0x41,
    0x01, 0x71, 0x72, 0x41, 0x02, 0x72, 0x36, 0x02, 0x00, 0x20, 0x06, 0x20,
    0x02, 0x6a, 0x22, 0x02, 0x20, 0x01, 0x41, 0x01, 0x72, 0x36, 0x02, 0x04,
    0x20, 0x06, 0x20, 0x05, 0x6a, 0x22, 0x05, 0x20, 0x01, 0x36, 0x02, 0x00,
    0x20, 0x05, 0x20, 0x05, 0x28, 0x02, 0x04, 0x41, 0x7e, 0x71, 0x36, 0x02,
    0x04, 0x0c, 0x01, 0x0b, 0x20, 0x03, 0x20, 0x04, 0x41, 0x01, 0x71, 0x20,
    0x05, 0x72, 0x41, 0x02, 0x72, 0x36, 0x02, 0x00, 0x20, 0x06, 0x20, 0x05,
    0x6a, 0x22, 0x01, 0x20, 0x01, 0x28, 0x02, 0x04, 0x41, 0x01, 0x72, 0x36,
    0x02, 0x04, 0x41, 0x00, 0x21, 0x02, 0x41, 0x00, 0x21, 0x01, 0x0b, 0x41,
    0x00, 0x20, 0x02, 0x36, 0x02, 0xd4, 0xd3, 0xc0, 0x80, 0x00, 0x41, 0x00,
    0x20, 0x01, 0x36, 0x02, 0xc8, 0xd3, 0xc0, 0x80, 0x00, 0x20, 0x00, 0x0f,
    0x0b, 0x20, 0x07, 0x28, 0x02, 0x04, 0x22, 0x08, 0x41, 0x02, 0x71, 0x0d,
    0x00, 0x20, 0x08, 0x41, 0x78, 0x71, 0x20, 0x05, 0x6a, 0x22, 0x09, 0x20,
    0x02, 0x49, 0x0d, 0x00, 0x20, 0x09, 0x20, 0x02, 0x6b, 0x21, 0x0a, 0x20,
    0x07, 0x28, 0x02, 0x0c, 0x21, 0x01, 0x02, 0x40, 0x02, 0x40, 0x20, 0x08,
    0x41, 0xff, 0x01, 0x4b, 0x0d, 0x00, 0x02, 0x40, 0x20, 0x01, 0x20, 0x07,
    0x28, 0x02, 0x08, 0x22, 0x05, 0x47, 0x0d, 0x00, 0x41, 0x00, 0x41, 0x00,
    0x28, 0x02, 0xc0, 0xd3, 0xc0, 0x80, 0x00, 0x41, 0x7e, 0x20, 0x08, 0x41,
    0x03, 0x76, 0x77, 0x71, 0x36, 0x02, 0xc0, 0xd3, 0xc0, 0x80, 0x00, 0x0c,
    0x02, 0x0b, 0x20, 0x01, 0x20, 0x05, 0x36, 0x02, 0x08, 0x20, 0x05, 0x20,
    0x01, 0x36, 0x02, 0x0c, 0x0c, 0x01, 0x0b, 0x20, 0x07, 0x28, 0x02, 0x18,
    0x21, 0x0b, 0x02, 0x40, 0x02, 0x40, 0x20, 0x01, 0x20, 0x07, 0x46, 0x0d,
    0x00, 0x20, 0x07, 0x28, 0x02, 0x08, 0x22, 0x05, 0x20, 0x01, 0x36, 0x02,
    0x0c, 0x20, 0x01, 0x20, 0x05, 0x36, 0x02, 0x08, 0x0c, 0x01, 0x0b, 0x02,
    0x40, 0x02, 0x40, 0x02, 0x40, 0x20, 0x07, 0x28, 0x02, 0x14, 0x22, 0x05,
    0x45, 0x0d, 0x00, 0x20, 0x07, 0x41, 0x14, 0x6a, 0x21, 0x08, 0x0c, 0x01,
    0x0b, 0x20, 0x07, 0x28, 0x02, 0x10, 0x22, 0x05, 0x45, 0x0d, 0x01, 0x20,
    0x07, 0x41, 0x10, 0x6a, 0x21, 0x08, 0x0b, 0x03, 0x40, 0x20, 0x08, 0x21,
    0x0c, 0x20, 0x05, 0x22, 0x01, 0x41, 0x14, 0x6a, 0x21, 0x08, 0x20, 0x01,
    0x28, 0x02, 0x14, 0x22, 0x05, 0x0d, 0x00, 0x20, 0x01, 0x41, 0x10, 0x6a,
    0x21, 0x08, 0x20, 0x01, 0x28, 0x02, 0x10, 0x22, 0x05, 0x0d, 0x00, 0x0b,
    0x20, 0x0c, 0x41, 0x00, 0x36, 0x02, 0x00, 0x0c, 0x01, 0x0b, 0x41, 0x00,
    0x21, 0x01, 0x0b, 0x20, 0x0b, 0x45, 0x0d, 0x00, 0x02, 0x40, 0x02, 0x40,
    0x20, 0x07, 0x20, 0x07, 0x28, 0x02, 0x1c, 0x22, 0x08, 0x41, 0x02, 0x74,
    0x22, 0x05, 0x28, 0x02, 0xf0, 0xd5, 0xc0, 0x80, 0x00, 0x47, 0x0d, 0x00,
    0x20, 0x05, 0x41, 0xf0, 0xd5, 0xc0, 0x80, 0x00, 0x6a, 0x20, 0x01, 0x36,
    0x02, 0x00, 0x20, 0x01, 0x0d, 0x01, 0x41, 0x00, 0x41, 0x00, 0x28, 0x02,
    0xc4, 0xd3, 0xc0, 0x80, 0x00, 0x41, 0x7e, 0x20, 0x08, 0x77, 0x71, 0x36,
    0x02, 0xc4, 0xd3, 0xc0, 0x80, 0x00, 0x0c, 0x02, 0x0b, 0x02, 0x40, 0x02,
    0x40, 0x20, 0x0b, 0x28, 0x02, 0x10, 0x20, 0x07, 0x47, 0x0d, 0x00, 0x20,
    0x0b, 0x20, 0x01, 0x36, 0x02, 0x10, 0x0c, 0x01, 0x0b, 0x20, 0x0b, 0x20,
    0x01, 0x36, 0x02, 0x14, 0x0b, 0x20, 0x01, 0x45, 0x0d, 0x01, 0x0b, 0x20,
    0x01, 0x20, 0x0b, 0x36, 0x02, 0x18, 0x02, 0x40, 0x20, 0x07, 0x28, 0x02,
    0x10, 0x22, 0x05, 0x45, 0x0d, 0x00, 0x20, 0x01, 0x20, 0x05, 0x36, 0x02,
    0x10, 0x20, 0x05, 0x20, 0x01, 0x36, 0x02, 0x18, 0x0b, 0x20, 0x07, 0x28,
    0x02, 0x14, 0x22, 0x05, 0x45, 0x0d, 0x00, 0x20, 0x01, 0x20, 0x05, 0x36,
    0x02, 0x14, 0x20, 0x05, 0x20, 0x01, 0x36, 0x02, 0x18, 0x0b, 0x02, 0x40,
    0x20, 0x0a, 0x41, 0x0f, 0x4b, 0x0d, 0x00, 0x20, 0x03, 0x20, 0x04, 0x41,
    0x01, 0x71, 0x20, 0x09, 0x72, 0x41, 0x02, 0x72, 0x36, 0x02, 0x00, 0x20,
    0x06, 0x20, 0x09, 0x6a, 0x22, 0x01, 0x20, 0x01, 0x28, 0x02, 0x04, 0x41,
    0x01, 0x72, 0x36, 0x02, 0x04, 0x20, 0x00, 0x0f, 0x0b, 0x20, 0x03, 0x20,
    0x02, 0x20, 0x04, 0x41, 0x01, 0x71, 0x72, 0x41, 0x02, 0x72, 0x36, 0x02,
    0x00, 0x20, 0x06, 0x20, 0x02, 0x6a, 0x22, 0x01, 0x20, 0x0a, 0x41, 0x03,
    0x72, 0x36, 0x02, 0x04, 0x20, 0x06, 0x20, 0x09, 0x6a, 0x22, 0x02, 0x20,
    0x02, 0x28, 0x02, 0x04, 0x41, 0x01, 0x72, 0x36, 0x02, 0x04, 0x20, 0x01,
    0x20, 0x0a, 0x10, 0xb0, 0x81, 0x80, 0x80, 0x00, 0x20, 0x00, 0x0f, 0x0b,
    0x02, 0x40, 0x20, 0x01, 0x10, 0xaa, 0x81, 0x80, 0x80, 0x00, 0x22, 0x02,
    0x0d, 0x00, 0x41, 0x00, 0x0f, 0x0b, 0x02, 0x40, 0x41, 0x7c, 0x41, 0x78,
    0x20, 0x03, 0x28, 0x02, 0x00, 0x22, 0x05, 0x41, 0x03, 0x71, 0x1b, 0x20,
    0x05, 0x41, 0x78, 0x71, 0x6a, 0x22, 0x05, 0x20, 0x01, 0x20, 0x05, 0x20,
    0x01, 0x49, 0x1b, 0x22, 0x01, 0x45, 0x0d, 0x00, 0x20, 0x02, 0x20, 0x00,
    0x20, 0x01, 0xfc, 0x0a, 0x00, 0x00, 0x0b, 0x20, 0x00, 0x10, 0xad, 0x81,
    0x80, 0x80, 0x00, 0x20, 0x02, 0x21, 0x00, 0x0b, 0x20, 0x00, 0x0b, 0xb3,
    0x0c, 0x01, 0x07, 0x7f, 0x20, 0x00, 0x20, 0x01, 0x6a, 0x21, 0x02, 0x02,
    0x40, 0x02, 0x40, 0x20, 0x00, 0x28, 0x02, 0x04, 0x22, 0x03, 0x41, 0x01,
    0x71, 0x0d, 0x00, 0x20, 0x03, 0x41, 0x02, 0x71, 0x45, 0x0d, 0x01, 0x20,
    0x00, 0x28, 0x02, 0x00, 0x22, 0x04, 0x20, 0x01, 0x6a, 0x21, 0x01, 0x02,
    0x40, 0x02, 0x40, 0x02, 0x40, 0x02, 0x40, 0x20, 0x00, 0x20, 0x04, 0x6b,
    0x22, 0x00, 0x41, 0x00, 0x28, 0x02, 0xd4, 0xd3, 0xc0, 0x80, 0x00, 0x46,
    0x0d, 0x00, 0x20, 0x00, 0x28, 0x02, 0x0c, 0x21, 0x03, 0x02, 0x40, 0x20,
    0x04, 0x41, 0xff, 0x01, 0x4b, 0x0d, 0x00, 0x20, 0x03, 0x20, 0x00, 0x28,
    0x02, 0x08, 0x22, 0x05, 0x47, 0x0d, 0x02, 0x41, 0x00, 0x41, 0x00, 0x28,
    0x02, 0xc0, 0xd3, 0xc0, 0x80, 0x00, 0x41, 0x7e, 0x20, 0x04, 0x41, 0x03,
    0x76, 0x77, 0x71, 0x36, 0x02, 0xc0, 0xd3, 0xc0, 0x80, 0x00, 0x0c, 0x05,
    0x0b, 0x20, 0x00, 0x28, 0x02, 0x18, 0x21, 0x06, 0x02, 0x40, 0x20, 0x03,
    0x20, 0x00, 0x46, 0x0d, 0x00, 0x20, 0x00, 0x28, 0x02, 0x08, 0x22, 0x04,
    0x20, 0x03, 0x36, 0x02, 0x0c, 0x20, 0x03, 0x20, 0x04, 0x36, 0x02, 0x08,
    0x0c, 0x04, 0x0b, 0x02, 0x40, 0x02, 0x40, 0x20, 0x00, 0x28, 0x02, 0x14,
    0x22, 0x04, 0x45, 0x0d, 0x00, 0x20, 0x00, 0x41, 0x14, 0x6a, 0x21, 0x05,
    0x0c, 0x01, 0x0b, 0x20, 0x00, 0x28, 0x02, 0x10, 0x22, 0x04, 0x45, 0x0d,
    0x03, 0x20, 0x00, 0x41, 0x10, 0x6a, 0x21, 0x05, 0x0b, 0x03, 0x40, 0x20,
    0x05, 0x21, 0x07, 0x20, 0x04, 0x22, 0x03, 0x41, 0x14, 0x6a, 0x21, 0x05,
    0x20, 0x03, 0x28, 0x02, 0x14, 0x22, 0x04, 0x0d, 0x00, 0x20, 0x03, 0x41,
    0x10, 0x6a, 0x21, 0x05, 0x20, 0x03, 0x28, 0x02, 0x10, 0x22, 0x04, 0x0d,
    0x00, 0x0b, 0x20, 0x07, 0x41, 0x00, 0x36, 0x02, 0x00, 0x0c, 0x03, 0x0b,
    0x20, 0x02, 0x28, 0x02, 0x04, 0x22, 0x03, 0x41, 0x03, 0x71, 0x41, 0x03,
    0x47, 0x0d, 0x03, 0x20, 0x02, 0x20, 0x03, 0x41, 0x7e, 0x71, 0x36, 0x02,
    0x04, 0x41, 0x00, 0x20, 0x01, 0x36, 0x02, 0xc8, 0xd3, 0xc0, 0x80, 0x00,
    0x20, 0x02, 0x20, 0x01, 0x36, 0x02, 0x00, 0x20, 0x00, 0x20, 0x01, 0x41,
    0x01, 0x72, 0x36, 0x02, 0x04, 0x0f, 0x0b, 0x20, 0x03, 0x20, 0x05, 0x36,
    0x02, 0x08, 0x20, 0x05, 0x20, 0x03, 0x36, 0x02, 0x0c, 0x0c, 0x02, 0x0b,
    0x41, 0x00, 0x21, 0x03, 0x0b, 0x20, 0x06, 0x45, 0x0d, 0x00, 0x02, 0x40,
    0x02, 0x40, 0x20, 0x00, 0x20, 0x00, 0x28, 0x02, 0x1c, 0x22, 0x05, 0x41,
    0x02, 0x74, 0x22, 0x04, 0x28, 0x02, 0xf0, 0xd5, 0xc0, 0x80, 0x00, 0x47,
    0x0d, 0x00, 0x20, 0x04, 0x41, 0xf0, 0xd5, 0xc0, 0x80, 0x00, 0x6a, 0x20,
    0x03, 0x36, 0x02, 0x00, 0x20, 0x03, 0x0d, 0x01, 0x41, 0x00, 0x41, 0x00,
    0x28, 0x02, 0xc4, 0xd3, 0xc0, 0x80, 0x00, 0x41, 0x7e, 0x20, 0x05, 0x77,
    0x71, 0x36, 0x02, 0xc4, 0xd3, 0xc0, 0x80, 0x00, 0x0c, 0x02, 0x0b, 0x02,
    0x40, 0x02, 0x40, 0x20, 0x06, 0x28, 0x02, 0x10, 0x20, 0x00, 0x47, 0x0d,
    0x00, 0x20, 0x06, 0x20, 0x03, 0x36, 0x02, 0x10, 0x0c, 0x01, 0x0b, 0x20,
    0x06, 0x20, 0x03, 0x36, 0x02, 0x14, 0x0b, 0x20, 0x03, 0x45, 0x0d, 0x01,
    0x0b, 0x20, 0x03, 0x20, 0x06, 0x36, 0x02, 0x18, 0x02, 0x40, 0x20, 0x00,
    0x28, 0x02, 0x10, 0x22, 0x04, 0x45, 0x0d, 0x00, 0x20, 0x03, 0x20, 0x04,
    0x36, 0x02, 0x10, 0x20, 0x04, 0x20, 0x03, 0x36, 0x02, 0x18, 0x0b, 0x20,
    0x00, 0x28, 0x02, 0x14, 0x22, 0x04, 0x45, 0x0d, 0x00, 0x20, 0x03, 0x20,
    0x04, 0x36, 0x02, 0x14, 0x20, 0x04, 0x20, 0x03, 0x36, 0x02, 0x18, 0x0b,
    0x02, 0x40, 0x02, 0x40, 0x02, 0x40, 0x02, 0x40, 0x02, 0x40, 0x20, 0x02,
    0x28, 0x02, 0x04, 0x22, 0x04, 0x41, 0x02, 0x71, 0x0d, 0x00, 0x02, 0x40,
    0x20, 0x02, 0x41, 0x00, 0x28, 0x02, 0xd8, 0xd3, 0xc0, 0x80, 0x00, 0x47,
    0x0d, 0x00, 0x41, 0x00, 0x20, 0x00, 0x36, 0x02, 0xd8, 0xd3, 0xc0, 0x80,
    0x00, 0x41, 0x00, 0x41, 0x00, 0x28, 0x02, 0xcc, 0xd3, 0xc0, 0x80, 0x00,
    0x20, 0x01, 0x6a, 0x22, 0x01, 0x36, 0x02, 0xcc, 0xd3, 0xc0, 0x80, 0x00,
    0x20, 0x00, 0x20, 0x01, 0x41, 0x01, 0x72, 0x36, 0x02, 0x04, 0x20, 0x00,
    0x41, 0x00, 0x28, 0x02, 0xd4, 0xd3, 0xc0, 0x80, 0x00, 0x47, 0x0d, 0x06,
    0x41, 0x00, 0x41, 0x00, 0x36, 0x02, 0xc8, 0xd3, 0xc0, 0x80, 0x00, 0x41,
    0x00, 0x41, 0x00, 0x36, 0x02, 0xd4, 0xd3, 0xc0, 0x80, 0x00, 0x0f, 0x0b,
    0x02, 0x40, 0x20, 0x02, 0x41, 0x00, 0x28, 0x02, 0xd4, 0xd3, 0xc0, 0x80,
    0x00, 0x22, 0x06, 0x47, 0x0d, 0x00, 0x41, 0x00, 0x20, 0x00, 0x36, 0x02,
    0xd4, 0xd3, 0xc0, 0x80, 0x00, 0x41, 0x00, 0x41, 0x00, 0x28, 0x02, 0xc8,
    0xd3, 0xc0, 0x80, 0x00, 0x20, 0x01, 0x6a, 0x22, 0x01, 0x36, 0x02, 0xc8,
    0xd3, 0xc0, 0x80, 0x00, 0x20, 0x00, 0x20, 0x01, 0x41, 0x01, 0x72, 0x36,
    0x02, 0x04, 0x20, 0x00, 0x20, 0x01, 0x6a, 0x20, 0x01, 0x36, 0x02, 0x00,
    0x0f, 0x0b, 0x20, 0x04, 0x41, 0x78, 0x71, 0x20, 0x01, 0x6a, 0x21, 0x01,
    0x20, 0x02, 0x28, 0x02, 0x0c, 0x21, 0x03, 0x02, 0x40, 0x20, 0x04, 0x41,
    0xff, 0x01, 0x4b, 0x0d, 0x00, 0x02, 0x40, 0x20, 0x03, 0x20, 0x02, 0x28,
    0x02, 0x08, 0x22, 0x05, 0x47, 0x0d, 0x00, 0x41, 0x00, 0x41, 0x00, 0x28,
    0x02, 0xc0, 0xd3, 0xc0, 0x80, 0x00, 0x41, 0x7e, 0x20, 0x04, 0x41, 0x03,
    0x76, 0x77, 0x71, 0x36, 0x02, 0xc0, 0xd3, 0xc0, 0x80, 0x00, 0x0c, 0x05,
    0x0b, 0x20, 0x03, 0x20, 0x05, 0x36, 0x02, 0x08, 0x20, 0x05, 0x20, 0x03,
    0x36, 0x02, 0x0c, 0x0c, 0x04, 0x0b, 0x20, 0x02, 0x28, 0x02, 0x18, 0x21,
    0x08, 0x02, 0x40, 0x20, 0x03, 0x20, 0x02, 0x46, 0x0d, 0x00, 0x20, 0x02,
    0x28, 0x02, 0x08, 0x22, 0x04, 0x20, 0x03, 0x36, 0x02, 0x0c, 0x20, 0x03,
    0x20, 0x04, 0x36, 0x02, 0x08, 0x0c, 0x03, 0x0b, 0x02, 0x40, 0x02, 0x40,
    0x20, 0x02, 0x28, 0x02, 0x14, 0x22, 0x04, 0x45, 0x0d, 0x00, 0x20, 0x02,
    0x41, 0x14, 0x6a, 0x21, 0x05, 0x0c, 0x01, 0x0b, 0x20, 0x02, 0x28, 0x02,
    0x10, 0x22, 0x04, 0x45, 0x0d, 0x02, 0x20, 0x02, 0x41, 0x10, 0x6a, 0x21,
    0x05, 0x0b, 0x03, 0x40, 0x20, 0x05, 0x21, 0x07, 0x20, 0x04, 0x22, 0x03,
    0x41, 0x14, 0x6a, 0x21, 0x05, 0x20, 0x03, 0x28, 0x02, 0x14, 0x22, 0x04,
    0x0d, 0x00, 0x20, 0x03, 0x41, 0x10, 0x6a, 0x21, 0x05, 0x20, 0x03, 0x28,
    0x02, 0x10, 0x22, 0x04, 0x0d, 0x00, 0x0b, 0x20, 0x07, 0x41, 0x00, 0x36,
    0x02, 0x00, 0x0c, 0x02, 0x0b, 0x20, 0x02, 0x20, 0x04, 0x41, 0x7e, 0x71,
    0x36, 0x02, 0x04, 0x20, 0x00, 0x20, 0x01, 0x6a, 0x20, 0x01, 0x36, 0x02,
    0x00, 0x20, 0x00, 0x20, 0x01, 0x41, 0x01, 0x72, 0x36, 0x02, 0x04, 0x0c,
    0x03, 0x0b, 0x41, 0x00, 0x21, 0x03, 0x0b, 0x20, 0x08, 0x45, 0x0d, 0x00,
    0x02, 0x40, 0x02, 0x40, 0x20, 0x02, 0x20, 0x02, 0x28, 0x02, 0x1c, 0x22,
    0x05, 0x41, 0x02, 0x74, 0x22, 0x04, 0x28, 0x02, 0xf0, 0xd5, 0xc0, 0x80,
    0x00, 0x47, 0x0d, 0x00, 0x20, 0x04, 0x41, 0xf0, 0xd5, 0xc0, 0x80, 0x00,
    0x6a, 0x20, 0x03, 0x36, 0x02, 0x00, 0x20, 0x03, 0x0d, 0x01, 0x41, 0x00,
    0x41, 0x00, 0x28, 0x02, 0xc4, 0xd3, 0xc0, 0x80, 0x00, 0x41, 0x7e, 0x20,
    0x05, 0x77, 0x71, 0x36, 0x02, 0xc4, 0xd3, 0xc0, 0x80, 0x00, 0x0c, 0x02,
    0x0b, 0x02, 0x40, 0x02, 0x40, 0x20, 0x08, 0x28, 0x02, 0x10, 0x20, 0x02,
    0x47, 0x0d, 0x00, 0x20, 0x08, 0x20, 0x03, 0x36, 0x02, 0x10, 0x0c, 0x01,
    0x0b, 0x20, 0x08, 0x20, 0x03, 0x36, 0x02, 0x14, 0x0b, 0x20, 0x03, 0x45,
    0x0d, 0x01, 0x0b, 0x20, 0x03, 0x20, 0x08, 0x36, 0x02, 0x18, 0x02, 0x40,
    0x20, 0x02, 0x28, 0x02, 0x10, 0x22, 0x04, 0x45, 0x0d, 0x00, 0x20, 0x03,
    0x20, 0x04, 0x36, 0x02, 0x10, 0x20, 0x04, 0x20, 0x03, 0x36, 0x02, 0x18,
    0x0b, 0x20, 0x02, 0x28, 0x02, 0x14, 0x22, 0x04, 0x45, 0x0d, 0x00, 0x20,
    0x03, 0x20, 0x04, 0x36, 0x02, 0x14, 0x20, 0x04, 0x20, 0x03, 0x36, 0x02,
    0x18, 0x0b, 0x20, 0x00, 0x20, 0x01, 0x6a, 0x20, 0x01, 0x36, 0x02, 0x00,
    0x20, 0x00, 0x20, 0x01, 0x41, 0x01, 0x72, 0x36, 0x02, 0x04, 0x20, 0x00,
    0x20, 0x06, 0x47, 0x0d, 0x00, 0x41, 0x00, 0x20, 0x01, 0x36, 0x02, 0xc8,
    0xd3, 0xc0, 0x80, 0x00, 0x0f, 0x0b, 0x02, 0x40, 0x20, 0x01, 0x41, 0xff,
    0x01, 0x4b, 0x0d, 0x00, 0x20, 0x01, 0x41, 0xf8, 0x01, 0x71, 0x41, 0xe8,
    0xd3, 0xc0, 0x80, 0x00, 0x6a, 0x21, 0x03, 0x02, 0x40, 0x02, 0x40, 0x41,
    0x00, 0x28, 0x02, 0xc0, 0xd3, 0xc0, 0x80, 0x00, 0x22, 0x04, 0x41, 0x01,
    0x20, 0x01, 0x41, 0x03, 0x76, 0x74, 0x22, 0x01, 0x71, 0x0d, 0x00, 0x41,
    0x00, 0x20, 0x04, 0x20, 0x01, 0x72, 0x36, 0x02, 0xc0, 0xd3, 0xc0, 0x80,
    0x00, 0x20, 0x03, 0x21, 0x01, 0x0c, 0x01, 0x0b, 0x20, 0x03, 0x28, 0x02,
    0x08, 0x21, 0x01, 0x0b, 0x20, 0x01, 0x20, 0x00, 0x36, 0x02, 0x0c, 0x20,
    0x03, 0x20, 0x00, 0x36, 0x02, 0x08, 0x20, 0x00, 0x20, 0x03, 0x36, 0x02,
    0x0c, 0x20, 0x00, 0x20, 0x01, 0x36, 0x02, 0x08, 0x0f, 0x0b, 0x41, 0x1f,
    0x21, 0x03, 0x02, 0x40, 0x20, 0x01, 0x41, 0xff, 0xff, 0xff, 0x07, 0x4b,
    0x0d, 0x00, 0x20, 0x01, 0x41, 0x26, 0x20, 0x01, 0x41, 0x08, 0x76, 0x67,
    0x22, 0x03, 0x6b, 0x76, 0x41, 0x01, 0x71, 0x20, 0x03, 0x41, 0x01, 0x74,
    0x72, 0x41, 0x3e, 0x73, 0x21, 0x03, 0x0b, 0x20, 0x00, 0x20, 0x03, 0x36,
    0x02, 0x1c, 0x20, 0x00, 0x42, 0x00, 0x37, 0x02, 0x10, 0x20, 0x03, 0x41,
    0x02, 0x74, 0x41, 0xf0, 0xd5, 0xc0, 0x80, 0x00, 0x6a, 0x21, 0x04, 0x02,
    0x40, 0x41, 0x00, 0x28, 0x02, 0xc4, 0xd3, 0xc0, 0x80, 0x00, 0x22, 0x05,
    0x41, 0x01, 0x20, 0x03, 0x74, 0x22, 0x02, 0x71, 0x0d, 0x00, 0x20, 0x04,
    0x20, 0x00, 0x36, 0x02, 0x00, 0x41, 0x00, 0x20, 0x05, 0x20, 0x02, 0x72,
    0x36, 0x02, 0xc4, 0xd3, 0xc0, 0x80, 0x00, 0x20, 0x00, 0x20, 0x04, 0x36,
    0x02, 0x18, 0x20, 0x00, 0x20, 0x00, 0x36, 0x02, 0x08, 0x20, 0x00, 0x20,
    0x00, 0x36, 0x02, 0x0c, 0x0f, 0x0b, 0x20, 0x01, 0x41, 0x00, 0x41, 0x19,
    0x20, 0x03, 0x41, 0x01, 0x76, 0x6b, 0x20, 0x03, 0x41, 0x1f, 0x46, 0x1b,
    0x74, 0x21, 0x03, 0x20, 0x04, 0x28, 0x02, 0x00, 0x21, 0x05, 0x02, 0x40,
    0x03, 0x40, 0x20, 0x05, 0x22, 0x04, 0x28, 0x02, 0x04, 0x41, 0x78, 0x71,
    0x20, 0x01, 0x46, 0x0d, 0x01, 0x20, 0x03, 0x41, 0x1d, 0x76, 0x21, 0x05,
    0x20, 0x03, 0x41, 0x01, 0x74, 0x21, 0x03, 0x20, 0x04, 0x20, 0x05, 0x41,
    0x04, 0x71, 0x6a, 0x22, 0x02, 0x28, 0x02, 0x10, 0x22, 0x05, 0x0d, 0x00,
    0x0b, 0x20, 0x02, 0x41, 0x10, 0x6a, 0x20, 0x00, 0x36, 0x02, 0x00, 0x20,
    0x00, 0x20, 0x04, 0x36, 0x02, 0x18, 0x20, 0x00, 0x20, 0x00, 0x36, 0x02,
    0x0c, 0x20, 0x00, 0x20, 0x00, 0x36, 0x02, 0x08, 0x0f, 0x0b, 0x20, 0x04,
    0x28, 0x02, 0x08, 0x22, 0x01, 0x20, 0x00, 0x36, 0x02, 0x0c, 0x20, 0x04,
    0x20, 0x00, 0x36, 0x02, 0x08, 0x20, 0x00, 0x41, 0x00, 0x36, 0x02, 0x18,
    0x20, 0x00, 0x20, 0x04, 0x36, 0x02, 0x0c, 0x20, 0x00, 0x20, 0x01, 0x36,
    0x02, 0x08, 0x0b, 0x0b, 0x78, 0x01, 0x02, 0x7f, 0x02, 0x40, 0x02, 0x40,
    0x02, 0x40, 0x20, 0x01, 0x41, 0x10, 0x47, 0x0d, 0x00, 0x20, 0x02, 0x10,
    0xaa, 0x81, 0x80, 0x80, 0x00, 0x21, 0x01, 0x0c, 0x01, 0x0b, 0x41, 0x1c,
    0x21, 0x03, 0x20, 0x01, 0x41, 0x03, 0x71, 0x0d, 0x01, 0x20, 0x01, 0x41,
    0x02, 0x76, 0x22, 0x04, 0x45, 0x0d, 0x01, 0x20, 0x04, 0x69, 0x41, 0x01,
    0x4b, 0x0d, 0x01, 0x02, 0x40, 0x20, 0x02, 0x41, 0x40, 0x20, 0x01, 0x6b,
    0x4d, 0x0d, 0x00, 0x41, 0x30, 0x0f, 0x0b, 0x20, 0x01, 0x41, 0x10, 0x20,
    0x01, 0x41, 0x10, 0x4b, 0x1b, 0x20, 0x02, 0x10, 0xb2, 0x81, 0x80, 0x80,
    0x00, 0x21, 0x01, 0x0b, 0x02, 0x40, 0x20, 0x01, 0x0d, 0x00, 0x41, 0x30,
    0x0f, 0x0b, 0x20, 0x00, 0x20, 0x01, 0x36, 0x02, 0x00, 0x41, 0x00, 0x21,
    0x03, 0x0b, 0x20, 0x03, 0x0b, 0xad, 0x03, 0x01, 0x05, 0x7f, 0x02, 0x40,
    0x02, 0x40, 0x20, 0x00, 0x41, 0x10, 0x20, 0x00, 0x41, 0x10, 0x4b, 0x1b,
    0x22, 0x02, 0x20, 0x02, 0x41, 0x7f, 0x6a, 0x71, 0x0d, 0x00, 0x20, 0x02,
    0x21, 0x00, 0x0c, 0x01, 0x0b, 0x41, 0x20, 0x21, 0x03, 0x03, 0x40, 0x20,
    0x03, 0x22, 0x00, 0x41, 0x01, 0x74, 0x21, 0x03, 0x20, 0x00, 0x20, 0x02,
    0x49, 0x0d, 0x00, 0x0b, 0x0b, 0x02, 0x40, 0x20, 0x01, 0x41, 0x40, 0x20,
    0x00, 0x6b, 0x49, 0x0d, 0x00, 0x41, 0x00, 0x41, 0x30, 0x36, 0x02, 0x94,
    0xd2, 0xc0, 0x80, 0x00, 0x41, 0x00, 0x0f, 0x0b, 0x02, 0x40, 0x20, 0x00,
    0x41, 0x10, 0x20, 0x01, 0x41, 0x13, 0x6a, 0x41, 0x70, 0x71, 0x20, 0x01,
    0x41, 0x0b, 0x49, 0x1b, 0x22, 0x01, 0x6a, 0x41, 0x0c, 0x6a, 0x10, 0xaa,
    0x81, 0x80, 0x80, 0x00, 0x22, 0x03, 0x0d, 0x00, 0x41, 0x00, 0x0f, 0x0b,
    0x20, 0x03, 0x41, 0x78, 0x6a, 0x21, 0x02, 0x02, 0x40, 0x02, 0x40, 0x20,
    0x00, 0x41, 0x7f, 0x6a, 0x20, 0x03, 0x71, 0x0d, 0x00, 0x20, 0x02, 0x21,
    0x00, 0x0c, 0x01, 0x0b, 0x20, 0x03, 0x41, 0x7c, 0x6a, 0x22, 0x04, 0x28,
    0x02, 0x00, 0x22, 0x05, 0x41, 0x78, 0x71, 0x20, 0x03, 0x20, 0x00, 0x6a,
    0x41, 0x7f, 0x6a, 0x41, 0x00, 0x20, 0x00, 0x6b, 0x71, 0x41, 0x78, 0x6a,
    0x22, 0x03, 0x41, 0x00, 0x20, 0x00, 0x20, 0x03, 0x20, 0x02, 0x6b, 0x41,
    0x0f, 0x4b, 0x1b, 0x6a, 0x22, 0x00, 0x20, 0x02, 0x6b, 0x22, 0x03, 0x6b,
    0x21, 0x06, 0x02, 0x40, 0x20, 0x05, 0x41, 0x03, 0x71, 0x0d, 0x00, 0x20,
    0x00, 0x20, 0x06, 0x36, 0x02, 0x04, 0x20, 0x00, 0x20, 0x02, 0x28, 0x02,
    0x00, 0x20, 0x03, 0x6a, 0x36, 0x02, 0x00, 0x0c, 0x01, 0x0b, 0x20, 0x00,
    0x20, 0x06, 0x20, 0x00, 0x28, 0x02, 0x04, 0x41, 0x01, 0x71, 0x72, 0x41,
    0x02, 0x72, 0x36, 0x02, 0x04, 0x20, 0x00, 0x20, 0x06, 0x6a, 0x22, 0x06,
    0x20, 0x06, 0x28, 0x02, 0x04, 0x41, 0x01, 0x72, 0x36, 0x02, 0x04, 0x20,
    0x04, 0x20, 0x03, 0x20, 0x04, 0x28, 0x02, 0x00, 0x41, 0x01, 0x71, 0x72,
    0x41, 0x02, 0x72, 0x36, 0x02, 0x00, 0x20, 0x02, 0x20, 0x03, 0x6a, 0x22,
    0x06, 0x20, 0x06, 0x28, 0x02, 0x04, 0x41, 0x01, 0x72, 0x36, 0x02, 0x04,
    0x20, 0x02, 0x20, 0x03, 0x10, 0xb0, 0x81, 0x80, 0x80, 0x00, 0x0b, 0x02,
    0x40, 0x20, 0x00, 0x28, 0x02, 0x04, 0x22, 0x03, 0x41, 0x03, 0x71, 0x45,
    0x0d, 0x00, 0x20, 0x03, 0x41, 0x78, 0x71, 0x22, 0x02, 0x20, 0x01, 0x41,
    0x10, 0x6a, 0x4d, 0x0d, 0x00, 0x20, 0x00, 0x20, 0x01, 0x20, 0x03, 0x41,
    0x01, 0x71, 0x72, 0x41, 0x02, 0x72, 0x36, 0x02, 0x04, 0x20, 0x00, 0x20,
    0x01, 0x6a, 0x22, 0x03, 0x20, 0x02, 0x20, 0x01, 0x6b, 0x22, 0x01, 0x41,
    0x03, 0x72, 0x36, 0x02, 0x04, 0x20, 0x00, 0x20, 0x02, 0x6a, 0x22, 0x02,
    0x20, 0x02, 0x28, 0x02, 0x04, 0x41, 0x01, 0x72, 0x36, 0x02, 0x04, 0x20,
    0x03, 0x20, 0x01, 0x10, 0xb0, 0x81, 0x80, 0x80, 0x00, 0x0b, 0x20, 0x00,
    0x41, 0x08, 0x6a, 0x0b, 0x0b, 0xbc, 0x51, 0x02, 0x00, 0x41, 0x80, 0x80,
    0xc0, 0x00, 0x0b, 0x9a, 0x51, 0x77, 0x61, 0x73, 0x6d, 0x3a, 0x20, 0x72,
    0x65, 0x61, 0x64, 0x69, 0x6e, 0x67, 0x20, 0x2f, 0x73, 0x64, 0x2f, 0x77,
    0x34, 0x20, 0x77, 0x69, 0x74, 0x68, 0x20, 0x73, 0x74, 0x64, 0x3a, 0x3a,
    0x66, 0x73, 0x0a, 0x2f, 0x73, 0x64, 0x2f, 0x77, 0x34, 0xc0, 0x01, 0x3a,
    0xc0, 0x01, 0x3a, 0xc0, 0x00, 0x16, 0x73, 0x6c, 0x69, 0x63, 0x65, 0x20,
    0x69, 0x6e, 0x64, 0x65, 0x78, 0x20, 0x73, 0x74, 0x61, 0x72, 0x74, 0x73,
    0x20, 0x61, 0x74, 0x20, 0xc0, 0x0d, 0x20, 0x62, 0x75, 0x74, 0x20, 0x65,
    0x6e, 0x64, 0x73, 0x20, 0x61, 0x74, 0x20, 0xc0, 0x00, 0x15, 0x62, 0x79,
    0x74, 0x65, 0x20, 0x72, 0x61, 0x6e, 0x67, 0x65, 0x20, 0x73, 0x74, 0x61,
    0x72, 0x74, 0x73, 0x20, 0x61, 0x74, 0x20, 0xc0, 0x0d, 0x20, 0x62, 0x75,
    0x74, 0x20, 0x65, 0x6e, 0x64, 0x73, 0x20, 0x61, 0x74, 0x20, 0xc0, 0x00,
    0x11, 0x73, 0x74, 0x61, 0x72, 0x74, 0x20, 0x62, 0x79, 0x74, 0x65, 0x20,
    0x69, 0x6e, 0x64, 0x65, 0x78, 0x20, 0xc0, 0x27, 0x20, 0x69, 0x73, 0x20,
    0x6f, 0x75, 0x74, 0x20, 0x6f, 0x66, 0x20, 0x62, 0x6f, 0x75, 0x6e, 0x64,
    0x73, 0x20, 0x66, 0x6f, 0x72, 0x20, 0x73, 0x74, 0x72, 0x69, 0x6e, 0x67,
    0x20, 0x6f, 0x66, 0x20, 0x6c, 0x65, 0x6e, 0x67, 0x74, 0x68, 0x20, 0xc0,
    0x00, 0x0f, 0x65, 0x6e, 0x64, 0x20, 0x62, 0x79, 0x74, 0x65, 0x20, 0x69,
    0x6e, 0x64, 0x65, 0x78, 0x20, 0xc0, 0x27, 0x20, 0x69, 0x73, 0x20, 0x6f,
    0x75, 0x74, 0x20, 0x6f, 0x66, 0x20, 0x62, 0x6f, 0x75, 0x6e, 0x64, 0x73,
    0x20, 0x66, 0x6f, 0x72, 0x20, 0x73, 0x74, 0x72, 0x69, 0x6e, 0x67, 0x20,
    0x6f, 0x66, 0x20, 0x6c, 0x65, 0x6e, 0x67, 0x74, 0x68, 0x20, 0xc0, 0x00,
    0x12, 0x72, 0x61, 0x6e, 0x67, 0x65, 0x20, 0x73, 0x74, 0x61, 0x72, 0x74,
    0x20, 0x69, 0x6e, 0x64, 0x65, 0x78, 0x20, 0xc0, 0x22, 0x20, 0x6f, 0x75,
    0x74, 0x20, 0x6f, 0x66, 0x20, 0x72, 0x61, 0x6e, 0x67, 0x65, 0x20, 0x66,
    0x6f, 0x72, 0x20, 0x73, 0x6c, 0x69, 0x63, 0x65, 0x20, 0x6f, 0x66, 0x20,
    0x6c, 0x65, 0x6e, 0x67, 0x74, 0x68, 0x20, 0xc0, 0x00, 0x10, 0x72, 0x61,
    0x6e, 0x67, 0x65, 0x20, 0x65, 0x6e, 0x64, 0x20, 0x69, 0x6e, 0x64, 0x65,
    0x78, 0x20, 0xc0, 0x22, 0x20, 0x6f, 0x75, 0x74, 0x20, 0x6f, 0x66, 0x20,
    0x72, 0x61, 0x6e, 0x67, 0x65, 0x20, 0x66, 0x6f, 0x72, 0x20, 0x73, 0x6c,
    0x69, 0x63, 0x65, 0x20, 0x6f, 0x66, 0x20, 0x6c, 0x65, 0x6e, 0x67, 0x74,
    0x68, 0x20, 0xc0, 0x00, 0x10, 0x61, 0x73, 0x73, 0x65, 0x72, 0x74, 0x69,
    0x6f, 0x6e, 0x20, 0x60, 0x6c, 0x65, 0x66, 0x74, 0x20, 0xc0, 0x10, 0x20,
    0x72, 0x69, 0x67, 0x68, 0x74, 0x60, 0x20, 0x66, 0x61, 0x69, 0x6c, 0x65,
    0x64, 0x3a, 0x20, 0xc0, 0x09, 0x0a, 0x20, 0x20, 0x6c, 0x65, 0x66, 0x74,
    0x3a, 0x20, 0xc0, 0x09, 0x0a, 0x20, 0x72, 0x69, 0x67, 0x68, 0x74, 0x3a,
    0x20, 0xc0, 0x00, 0x13, 0x66, 0x61, 0x69, 0x6c, 0x65, 0x64, 0x20, 0x70,
    0x72, 0x69, 0x6e, 0x74, 0x69, 0x6e, 0x67, 0x20, 0x74, 0x6f, 0x20, 0xc0,
    0x02, 0x3a, 0x20, 0xc0, 0x00, 0x2f, 0x72, 0x75, 0x73, 0x74, 0x63, 0x2f,
    0x38, 0x62, 0x61, 0x62, 0x32, 0x36, 0x66, 0x34, 0x66, 0x36, 0x38, 0x65,
    0x30, 0x65, 0x32, 0x36, 0x66, 0x30, 0x62, 0x62, 0x37, 0x39, 0x36, 0x30,
    0x62, 0x65, 0x33, 0x33, 0x34, 0x64, 0x35, 0x62, 0x35, 0x32, 0x30, 0x65,
    0x61, 0x34, 0x35, 0x32, 0x2f, 0x6c, 0x69, 0x62, 0x72, 0x61, 0x72, 0x79,
    0x2f, 0x63, 0x6f, 0x72, 0x65, 0x2f, 0x73, 0x72, 0x63, 0x2f, 0x73, 0x6c,
    0x69, 0x63, 0x65, 0x2f, 0x69, 0x6e, 0x64, 0x65, 0x78, 0x2e, 0x72, 0x73,
    0x00, 0x2f, 0x72, 0x75, 0x73, 0x74, 0x63, 0x2f, 0x38, 0x62, 0x61, 0x62,
    0x32, 0x36, 0x66, 0x34, 0x66, 0x36, 0x38, 0x65, 0x30, 0x65, 0x32, 0x36,
    0x66, 0x30, 0x62, 0x62, 0x37, 0x39, 0x36, 0x30, 0x62, 0x65, 0x33, 0x33,
    0x34, 0x64, 0x35, 0x62, 0x35, 0x32, 0x30, 0x65, 0x61, 0x34, 0x35, 0x32,
    0x2f, 0x6c, 0x69, 0x62, 0x72, 0x61, 0x72, 0x79, 0x2f, 0x73, 0x74, 0x64,
    0x2f, 0x73, 0x72, 0x63, 0x2f, 0x72, 0x74, 0x2e, 0x72, 0x73, 0x00, 0x2f,
    0x72, 0x75, 0x73, 0x74, 0x63, 0x2f, 0x38, 0x62, 0x61, 0x62, 0x32, 0x36,
    0x66, 0x34, 0x66, 0x36, 0x38, 0x65, 0x30, 0x65, 0x32, 0x36, 0x66, 0x30,
    0x62, 0x62, 0x37, 0x39, 0x36, 0x30, 0x62, 0x65, 0x33, 0x33, 0x34, 0x64,
    0x35, 0x62, 0x35, 0x32, 0x30, 0x65, 0x61, 0x34, 0x35, 0x32, 0x2f, 0x6c,
    0x69, 0x62, 0x72, 0x61, 0x72, 0x79, 0x2f, 0x73, 0x74, 0x64, 0x2f, 0x73,
    0x72, 0x63, 0x2f, 0x73, 0x79, 0x73, 0x2f, 0x73, 0x79, 0x6e, 0x63, 0x2f,
    0x6d, 0x75, 0x74, 0x65, 0x78, 0x2f, 0x6e, 0x6f, 0x5f, 0x74, 0x68, 0x72,
    0x65, 0x61, 0x64, 0x73, 0x2e, 0x72, 0x73, 0x00, 0x2f, 0x72, 0x75, 0x73,
    0x74, 0x63, 0x2f, 0x38, 0x62, 0x61, 0x62, 0x32, 0x36, 0x66, 0x34, 0x66,
    0x36, 0x38, 0x65, 0x30, 0x65, 0x32, 0x36, 0x66, 0x30, 0x62, 0x62, 0x37,
    0x39, 0x36, 0x30, 0x62, 0x65, 0x33, 0x33, 0x34, 0x64, 0x35, 0x62, 0x35,
    0x32, 0x30, 0x65, 0x61, 0x34, 0x35, 0x32, 0x2f, 0x6c, 0x69, 0x62, 0x72,
    0x61, 0x72, 0x79, 0x2f, 0x73, 0x74, 0x64, 0x2f, 0x73, 0x72, 0x63, 0x2f,
    0x73, 0x79, 0x73, 0x2f, 0x73, 0x79, 0x6e, 0x63, 0x2f, 0x72, 0x77, 0x6c,
    0x6f, 0x63, 0x6b, 0x2f, 0x6e, 0x6f, 0x5f, 0x74, 0x68, 0x72, 0x65, 0x61,
    0x64, 0x73, 0x2e, 0x72, 0x73, 0x00, 0x2f, 0x72, 0x75, 0x73, 0x74, 0x63,
    0x2f, 0x38, 0x62, 0x61, 0x62, 0x32, 0x36, 0x66, 0x34, 0x66, 0x36, 0x38,
    0x65, 0x30, 0x65, 0x32, 0x36, 0x66, 0x30, 0x62, 0x62, 0x37, 0x39, 0x36,
    0x30, 0x62, 0x65, 0x33, 0x33, 0x34, 0x64, 0x35, 0x62, 0x35, 0x32, 0x30,
    0x65, 0x61, 0x34, 0x35, 0x32, 0x2f, 0x6c, 0x69, 0x62, 0x72, 0x61, 0x72,
    0x79, 0x2f, 0x63, 0x6f, 0x72, 0x65, 0x2f, 0x73, 0x72, 0x63, 0x2f, 0x73,
    0x6c, 0x69, 0x63, 0x65, 0x2f, 0x6d, 0x65, 0x6d, 0x63, 0x68, 0x72, 0x2e,
    0x72, 0x73, 0x00, 0x2f, 0x72, 0x75, 0x73, 0x74, 0x63, 0x2f, 0x38, 0x62,
    0x61, 0x62, 0x32, 0x36, 0x66, 0x34, 0x66, 0x36, 0x38, 0x65, 0x30, 0x65,
    0x32, 0x36, 0x66, 0x30, 0x62, 0x62, 0x37, 0x39, 0x36, 0x30, 0x62, 0x65,
    0x33, 0x33, 0x34, 0x64, 0x35, 0x62, 0x35, 0x32, 0x30, 0x65, 0x61, 0x34,
    0x35, 0x32, 0x2f, 0x6c, 0x69, 0x62, 0x72, 0x61, 0x72, 0x79, 0x2f, 0x73,
    0x74, 0x64, 0x2f, 0x73, 0x72, 0x63, 0x2f, 0x69, 0x6f, 0x2f, 0x73, 0x74,
    0x64, 0x69, 0x6f, 0x2e, 0x72, 0x73, 0x00, 0x2f, 0x72, 0x75, 0x73, 0x74,
    0x63, 0x2f, 0x38, 0x62, 0x61, 0x62, 0x32, 0x36, 0x66, 0x34, 0x66, 0x36,
    0x38, 0x65, 0x30, 0x65, 0x32, 0x36, 0x66, 0x30, 0x62, 0x62, 0x37, 0x39,
    0x36, 0x30, 0x62, 0x65, 0x33, 0x33, 0x34, 0x64, 0x35, 0x62, 0x35, 0x32,
    0x30, 0x65, 0x61, 0x34, 0x35, 0x32, 0x2f, 0x6c, 0x69, 0x62, 0x72, 0x61,
    0x72, 0x79, 0x2f, 0x73, 0x74, 0x64, 0x2f, 0x73, 0x72, 0x63, 0x2f, 0x69,
    0x6f, 0x2f, 0x62, 0x75, 0x66, 0x66, 0x65, 0x72, 0x65, 0x64, 0x2f, 0x6c,
    0x69, 0x6e, 0x65, 0x77, 0x72, 0x69, 0x74, 0x65, 0x72, 0x73, 0x68, 0x69,
    0x6d, 0x2e, 0x72, 0x73, 0x00, 0x2f, 0x72, 0x75, 0x73, 0x74, 0x63, 0x2f,
    0x38, 0x62, 0x61, 0x62, 0x32, 0x36, 0x66, 0x34, 0x66, 0x36, 0x38, 0x65,
    0x30, 0x65, 0x32, 0x36, 0x66, 0x30, 0x62, 0x62, 0x37, 0x39, 0x36, 0x30,
    0x62, 0x65, 0x33, 0x33, 0x34, 0x64, 0x35, 0x62, 0x35, 0x32, 0x30, 0x65,
    0x61, 0x34, 0x35, 0x32, 0x2f, 0x6c, 0x69, 0x62, 0x72, 0x61, 0x72, 0x79,
    0x2f, 0x73, 0x74, 0x64, 0x2f, 0x73, 0x72, 0x63, 0x2f, 0x73, 0x79, 0x6e,
    0x63, 0x2f, 0x72, 0x65, 0x65, 0x6e, 0x74, 0x72, 0x61, 0x6e, 0x74, 0x5f,
    0x6c, 0x6f, 0x63, 0x6b, 0x2e, 0x72, 0x73, 0x00, 0x2f, 0x72, 0x75, 0x73,
    0x74, 0x63, 0x2f, 0x38, 0x62, 0x61, 0x62, 0x32, 0x36, 0x66, 0x34, 0x66,
    0x36, 0x38, 0x65, 0x30, 0x65, 0x32, 0x36, 0x66, 0x30, 0x62, 0x62, 0x37,
    0x39, 0x36, 0x30, 0x62, 0x65, 0x33, 0x33, 0x34, 0x64, 0x35, 0x62, 0x35,
    0x32, 0x30, 0x65, 0x61, 0x34, 0x35, 0x32, 0x2f, 0x6c, 0x69, 0x62, 0x72,
    0x61, 0x72, 0x79, 0x2f, 0x73, 0x74, 0x64, 0x2f, 0x73, 0x72, 0x63, 0x2f,
    0x73, 0x79, 0x73, 0x2f, 0x69, 0x6f, 0x2f, 0x65, 0x72, 0x72, 0x6f, 0x72,
    0x2f, 0x77, 0x61, 0x73, 0x69, 0x2e, 0x72, 0x73, 0x00, 0x2f, 0x72, 0x75,
    0x73, 0x74, 0x63, 0x2f, 0x38, 0x62, 0x61, 0x62, 0x32, 0x36, 0x66, 0x34,
    0x66, 0x36, 0x38, 0x65, 0x30, 0x65, 0x32, 0x36, 0x66, 0x30, 0x62, 0x62,
    0x37, 0x39, 0x36, 0x30, 0x62, 0x65, 0x33, 0x33, 0x34, 0x64, 0x35, 0x62,
    0x35, 0x32, 0x30, 0x65, 0x61, 0x34, 0x35, 0x32, 0x2f, 0x6c, 0x69, 0x62,
    0x72, 0x61, 0x72, 0x79, 0x2f, 0x73, 0x74, 0x64, 0x2f, 0x73, 0x72, 0x63,
    0x2f, 0x70, 0x61, 0x6e, 0x69, 0x63, 0x6b, 0x69, 0x6e, 0x67, 0x2e, 0x72,
    0x73, 0x00, 0x2f, 0x72, 0x75, 0x73, 0x74, 0x63, 0x2f, 0x38, 0x62, 0x61,
    0x62, 0x32, 0x36, 0x66, 0x34, 0x66, 0x36, 0x38, 0x65, 0x30, 0x65, 0x32,
    0x36, 0x66, 0x30, 0x62, 0x62, 0x37, 0x39, 0x36, 0x30, 0x62, 0x65, 0x33,
    0x33, 0x34, 0x64, 0x35, 0x62, 0x35, 0x32, 0x30, 0x65, 0x61, 0x34, 0x35,
    0x32, 0x2f, 0x6c, 0x69, 0x62, 0x72, 0x61, 0x72, 0x79, 0x2f, 0x63, 0x6f,
    0x72, 0x65, 0x2f, 0x73, 0x72, 0x63, 0x2f, 0x75, 0x6e, 0x69, 0x63, 0x6f,
    0x64, 0x65, 0x2f, 0x70, 0x72, 0x69, 0x6e, 0x74, 0x61, 0x62, 0x6c, 0x65,
    0x2e, 0x72, 0x73, 0x00, 0x2f, 0x72, 0x75, 0x73, 0x74, 0x63, 0x2f, 0x38,
    0x62, 0x61, 0x62, 0x32, 0x36, 0x66, 0x34, 0x66, 0x36, 0x38, 0x65, 0x30,
    0x65, 0x32, 0x36, 0x66, 0x30, 0x62, 0x62, 0x37, 0x39, 0x36, 0x30, 0x62,
    0x65, 0x33, 0x33, 0x34, 0x64, 0x35, 0x62, 0x35, 0x32, 0x30, 0x65, 0x61,
    0x34, 0x35, 0x32, 0x2f, 0x6c, 0x69, 0x62, 0x72, 0x61, 0x72, 0x79, 0x2f,
    0x73, 0x74, 0x64, 0x2f, 0x73, 0x72, 0x63, 0x2f, 0x73, 0x79, 0x6e, 0x63,
    0x2f, 0x6f, 0x6e, 0x63, 0x65, 0x2e, 0x72, 0x73, 0x00, 0x2f, 0x72, 0x75,
    0x73, 0x74, 0x63, 0x2f, 0x38, 0x62, 0x61, 0x62, 0x32, 0x36, 0x66, 0x34,
    0x66, 0x36, 0x38, 0x65, 0x30, 0x65, 0x32, 0x36, 0x66, 0x30, 0x62, 0x62,
    0x37, 0x39, 0x36, 0x30, 0x62, 0x65, 0x33, 0x33, 0x34, 0x64, 0x35, 0x62,
    0x35, 0x32, 0x30, 0x65, 0x61, 0x34, 0x35, 0x32, 0x2f, 0x6c, 0x69, 0x62,
    0x72, 0x61, 0x72, 0x79, 0x2f, 0x63, 0x6f, 0x72, 0x65, 0x2f, 0x73, 0x72,
    0x63, 0x2f, 0x66, 0x6d, 0x74, 0x2f, 0x6d, 0x6f, 0x64, 0x2e, 0x72, 0x73,
    0x00, 0x2f, 0x72, 0x75, 0x73, 0x74, 0x63, 0x2f, 0x38, 0x62, 0x61, 0x62,
    0x32, 0x36, 0x66, 0x34, 0x66, 0x36, 0x38, 0x65, 0x30, 0x65, 0x32, 0x36,
    0x66, 0x30, 0x62, 0x62, 0x37, 0x39, 0x36, 0x30, 0x62, 0x65, 0x33, 0x33,
    0x34, 0x64, 0x35, 0x62, 0x35, 0x32, 0x30, 0x65, 0x61, 0x34, 0x35, 0x32,
    0x2f, 0x6c, 0x69, 0x62, 0x72, 0x61, 0x72, 0x79, 0x2f, 0x73, 0x74, 0x64,
    0x2f, 0x73, 0x72, 0x63, 0x2f, 0x69, 0x6f, 0x2f, 0x6d, 0x6f, 0x64, 0x2e,
    0x72, 0x73, 0x00, 0x2f, 0x72, 0x75, 0x73, 0x74, 0x63, 0x2f, 0x38, 0x62,
    0x61, 0x62, 0x32, 0x36, 0x66, 0x34, 0x66, 0x36, 0x38, 0x65, 0x30, 0x65,
    0x32, 0x36, 0x66, 0x30, 0x62, 0x62, 0x37, 0x39, 0x36, 0x30, 0x62, 0x65,
    0x33, 0x33, 0x34, 0x64, 0x35, 0x62, 0x35, 0x32, 0x30, 0x65, 0x61, 0x34,
    0x35, 0x32, 0x2f, 0x6c, 0x69, 0x62, 0x72, 0x61, 0x72, 0x79, 0x2f, 0x61,
    0x6c, 0x6c, 0x6f, 0x63, 0x2f, 0x73, 0x72, 0x63, 0x2f, 0x72, 0x61, 0x77,
    0x5f, 0x76, 0x65, 0x63, 0x2f, 0x6d, 0x6f, 0x64, 0x2e, 0x72, 0x73, 0x00,
    0x2f, 0x72, 0x75, 0x73, 0x74, 0x63, 0x2f, 0x38, 0x62, 0x61, 0x62, 0x32,
    0x36, 0x66, 0x34, 0x66, 0x36, 0x38, 0x65, 0x30, 0x65, 0x32, 0x36, 0x66,
    0x30, 0x62, 0x62, 0x37, 0x39, 0x36, 0x30, 0x62, 0x65, 0x33, 0x33, 0x34,
    0x64, 0x35, 0x62, 0x35, 0x32, 0x30, 0x65, 0x61, 0x34, 0x35, 0x32, 0x2f,
    0x6c, 0x69, 0x62, 0x72, 0x61, 0x72, 0x79, 0x2f, 0x73, 0x74, 0x64, 0x2f,
    0x73, 0x72, 0x63, 0x2f, 0x74, 0x68, 0x72, 0x65, 0x61, 0x64, 0x2f, 0x69,
    0x64, 0x2e, 0x72, 0x73, 0x00, 0x2f, 0x00, 0x2e, 0x00, 0x11, 0x73, 0x74,
    0x61, 0x72, 0x74, 0x20, 0x62, 0x79, 0x74, 0x65, 0x20, 0x69, 0x6e, 0x64,
    0x65, 0x78, 0x20, 0xc0, 0x26, 0x20, 0x69, 0x73, 0x20, 0x6e, 0x6f, 0x74,
    0x20, 0x61, 0x20, 0x63, 0x68, 0x61, 0x72, 0x20, 0x62, 0x6f, 0x75, 0x6e,
    0x64, 0x61, 0x72, 0x79, 0x3b, 0x20, 0x69, 0x74, 0x20, 0x69, 0x73, 0x20,
    0x69, 0x6e, 0x73, 0x69, 0x64, 0x65, 0x20, 0xc0, 0x08, 0x20, 0x28, 0x62,
    0x79, 0x74, 0x65, 0x73, 0x20, 0xc0, 0x0b, 0x20, 0x6f, 0x66, 0x20, 0x73,
    0x74, 0x72, 0x69, 0x6e, 0x67, 0x29, 0x00, 0x0f, 0x65, 0x6e, 0x64, 0x20,
    0x62, 0x79, 0x74, 0x65, 0x20, 0x69, 0x6e, 0x64, 0x65, 0x78, 0x20, 0xc0,
    0x26, 0x20, 0x69, 0x73, 0x20, 0x6e, 0x6f, 0x74, 0x20, 0x61, 0x20, 0x63,
    0x68, 0x61, 0x72, 0x20, 0x62, 0x6f, 0x75, 0x6e, 0x64, 0x61, 0x72, 0x79,
    0x3b, 0x20, 0x69, 0x74, 0x20, 0x69, 0x73, 0x20, 0x69, 0x6e, 0x73, 0x69,
    0x64, 0x65, 0x20, 0xc0, 0x08, 0x20, 0x28, 0x62, 0x79, 0x74, 0x65, 0x73,
    0x20, 0xc0, 0x0b, 0x20, 0x6f, 0x66, 0x20, 0x73, 0x74, 0x72, 0x69, 0x6e,
    0x67, 0x29, 0x00, 0xc0, 0x0b, 0x20, 0x28, 0x6f, 0x73, 0x20, 0x65, 0x72,
    0x72, 0x6f, 0x72, 0x20, 0xc0, 0x01, 0x29, 0x00, 0x15, 0x6d, 0x65, 0x6d,
    0x6f, 0x72, 0x79, 0x20, 0x61, 0x6c, 0x6c, 0x6f, 0x63, 0x61, 0x74, 0x69,
    0x6f, 0x6e, 0x20, 0x6f, 0x66, 0x20, 0xc0, 0x47, 0x20, 0x62, 0x79, 0x74,
    0x65, 0x73, 0x20, 0x66, 0x61, 0x69, 0x6c, 0x65, 0x64, 0x0a, 0x73, 0x6b,
    0x69, 0x70, 0x70, 0x69, 0x6e, 0x67, 0x20, 0x62, 0x61, 0x63, 0x6b, 0x74,
    0x72, 0x61, 0x63, 0x65, 0x20, 0x70, 0x72, 0x69, 0x6e, 0x74, 0x69, 0x6e,
    0x67, 0x20, 0x74, 0x6f, 0x20, 0x61, 0x76, 0x6f, 0x69, 0x64, 0x20, 0x70,
    0x6f, 0x74, 0x65, 0x6e, 0x74, 0x69, 0x61, 0x6c, 0x20, 0x72, 0x65, 0x63,
    0x75, 0x72, 0x73, 0x69, 0x6f, 0x6e, 0x0a, 0x00, 0x15, 0x6d, 0x65, 0x6d,
    0x6f, 0x72, 0x79, 0x20, 0x61, 0x6c, 0x6c, 0x6f, 0x63, 0x61, 0x74, 0x69,
    0x6f, 0x6e, 0x20, 0x6f, 0x66, 0x20, 0xc0, 0x0e, 0x20, 0x62, 0x79, 0x74,
    0x65, 0x73, 0x20, 0x66, 0x61, 0x69, 0x6c, 0x65, 0x64, 0x0a, 0x00, 0x0c,
    0x70, 0x61, 0x6e, 0x69, 0x63, 0x6b, 0x65, 0x64, 0x20, 0x61, 0x74, 0x20,
    0xc0, 0x02, 0x3a, 0x0a, 0xc0, 0x33, 0x0a, 0x74, 0x68, 0x72, 0x65, 0x61,
    0x64, 0x20, 0x70, 0x61, 0x6e, 0x69, 0x63, 0x6b, 0x65, 0x64, 0x20, 0x77,
    0x68, 0x69, 0x6c, 0x65, 0x20, 0x70, 0x72, 0x6f, 0x63, 0x65, 0x73, 0x73,
    0x69, 0x6e, 0x67, 0x20, 0x70, 0x61, 0x6e, 0x69, 0x63, 0x2e, 0x20, 0x61,
    0x62, 0x6f, 0x72, 0x74, 0x69, 0x6e, 0x67, 0x2e, 0x0a, 0x00, 0x19, 0x77,
    0x61, 0x73, 0x6d, 0x3a, 0x20, 0x63, 0x6f, 0x75, 0x6c, 0x64, 0x20, 0x6e,
    0x6f, 0x74, 0x20, 0x6f, 0x70, 0x65, 0x6e, 0x20, 0x69, 0x74, 0x3a, 0x20,
    0xc0, 0x01, 0x0a, 0x00, 0x19, 0x77, 0x61, 0x73, 0x6d, 0x3a, 0x20, 0x63,
    0x6f, 0x75, 0x6c, 0x64, 0x20, 0x6e, 0x6f, 0x74, 0x20, 0x72, 0x65, 0x61,
    0x64, 0x20, 0x69, 0x74, 0x3a, 0x20, 0xc0, 0x01, 0x0a, 0x00, 0x0a, 0x77,
    0x61, 0x73, 0x6d, 0x3a, 0x20, 0x67, 0x6f, 0x74, 0x20, 0xc0, 0x08, 0x20,
    0x62, 0x79, 0x74, 0x65, 0x73, 0x3a, 0x20, 0xc0, 0x01, 0x0a, 0x00, 0x09,
    0x0a, 0x74, 0x68, 0x72, 0x65, 0x61, 0x64, 0x20, 0x27, 0xc0, 0x03, 0x27,
    0x20, 0x28, 0xc0, 0x0e, 0x29, 0x20, 0x70, 0x61, 0x6e, 0x69, 0x63, 0x6b,
    0x65, 0x64, 0x20, 0x61, 0x74, 0x20, 0xc0, 0x02, 0x3a, 0x0a, 0xc0, 0x01,
    0x0a, 0x00, 0x19, 0x61, 0x62, 0x6f, 0x72, 0x74, 0x69, 0x6e, 0x67, 0x20,
    0x64, 0x75, 0x65, 0x20, 0x74, 0x6f, 0x20, 0x70, 0x61, 0x6e, 0x69, 0x63,
    0x20, 0x61, 0x74, 0x20, 0xc0, 0x02, 0x3a, 0x0a, 0xc0, 0x01, 0x0a, 0x00,
    0x77, 0x61, 0x73, 0x6d, 0x3a, 0x20, 0x61, 0x6e, 0x64, 0x20, 0x74, 0x68,
    0x65, 0x20, 0x64, 0x6f, 0x6e, 0x67, 0x6c, 0x65, 0x2c, 0x20, 0x2f, 0x64,
    0x65, 0x76, 0x2f, 0x61, 0x63, 0x6d, 0x0a, 0x77, 0x61, 0x73, 0x6d, 0x3a,
    0x20, 0x6f, 0x70, 0x65, 0x6e, 0x65, 0x64, 0x20, 0x74, 0x68, 0x65, 0x20,
    0x42, 0x6c, 0x65, 0x75, 0x49, 0x4f, 0x20, 0x61, 0x73, 0x20, 0x61, 0x20,
    0x66, 0x69, 0x6c, 0x65, 0x0a, 0x63, 0x61, 0x70, 0x61, 0x63, 0x69, 0x74,
    0x79, 0x20, 0x6f, 0x76, 0x65, 0x72, 0x66, 0x6c, 0x6f, 0x77, 0x00, 0x00,
    0x00, 0x3a, 0x06, 0x10, 0x00, 0x50, 0x00, 0x00, 0x00, 0x1c, 0x00, 0x00,
    0x00, 0x05, 0x00, 0x00, 0x00, 0x02, 0x02, 0x02, 0x02, 0x02, 0x02, 0x02,
    0x02, 0x02, 0x02, 0x02, 0x00, 0x00, 0x00, 0x00, 0x00, 0x00, 0x00, 0x00,
    0x00, 0x00, 0x00, 0x00, 0x00, 0x00, 0x00, 0x00, 0x00, 0x00, 0x00, 0x00,
    0x00, 0x00, 0x00, 0x00, 0x00, 0x00, 0x00, 0x00, 0x00, 0x02, 0x02, 0x00,
    0x00, 0x00, 0x00, 0x00, 0x02, 0x00, 0x00, 0x00, 0x00, 0x00, 0x00, 0x00,
    0x00, 0x00, 0x00, 0x00, 0x00, 0x00, 0x00, 0x00, 0x00, 0x00, 0x00, 0x00,
    0x00, 0x00, 0x00, 0x00, 0x00, 0x00, 0x00, 0x00, 0x00, 0x00, 0x00, 0x00,
    0x00, 0x00, 0x00, 0x00, 0x00, 0x00, 0x00, 0x00, 0x00, 0x00, 0x00, 0x00,
    0x00, 0x00, 0x00, 0x00, 0x02, 0x00, 0x00, 0x00, 0x00, 0x00, 0x00, 0x00,
    0x00, 0x00, 0x00, 0x00, 0x00, 0x00, 0x00, 0x00, 0x00, 0x00, 0x00, 0x00,
    0x00, 0x00, 0x00, 0x00, 0x00, 0x00, 0x00, 0x00, 0x00, 0x00, 0x00, 0x00,
    0x00, 0x00, 0x00, 0x00, 0x00, 0x00, 0x01, 0x00, 0x00, 0x00, 0x00, 0x00,
    0x00, 0x00, 0x00, 0x00, 0x00, 0x00, 0x00, 0x00, 0x00, 0x00, 0x00, 0x00,
    0x00, 0x00, 0x00, 0x00, 0x00, 0x00, 0x00, 0x00, 0x00, 0x01, 0x00, 0x00,
    0x00, 0x00, 0x00, 0x00, 0x00, 0x00, 0x00, 0x00, 0x00, 0x00, 0x00, 0x00,
    0x00, 0x00, 0x00, 0x00, 0x00, 0x00, 0x00, 0x00, 0x00, 0x00, 0x00, 0x00,
    0x00, 0x00, 0x00, 0x00, 0x00, 0x00, 0x00, 0x00, 0x00, 0x00, 0x00, 0x00,
    0x00, 0x00, 0x00, 0x00, 0x00, 0x00, 0x00, 0x00, 0x00, 0x00, 0x00, 0x00,
    0x00, 0x00, 0x00, 0x00, 0x00, 0x00, 0x00, 0x00, 0x00, 0x00, 0x00, 0x00,
    0x00, 0x00, 0x00, 0x00, 0x00, 0x00, 0x00, 0x00, 0x00, 0x00, 0x00, 0x00,
    0x00, 0x00, 0x00, 0x00, 0x00, 0x00, 0x00, 0x00, 0x00, 0x00, 0x00, 0x00,
    0x00, 0x00, 0x00, 0x00, 0x00, 0x00, 0x00, 0x00, 0x00, 0x00, 0x70, 0x00,
    0x07, 0x00, 0x2d, 0x01, 0x01, 0x01, 0x02, 0x01, 0x02, 0x01, 0x01, 0x48,
    0x0b, 0x30, 0x15, 0x10, 0x01, 0x65, 0x07, 0x02, 0x06, 0x02, 0x02, 0x01,
    0x04, 0x23, 0x01, 0x1e, 0x1b, 0x5b, 0x0b, 0x3a, 0x09, 0x09, 0x01, 0x18,
    0x04, 0x01, 0x09, 0x01, 0x03, 0x01, 0x05, 0x2b, 0x03, 0x3b, 0x09, 0x2a,
    0x18, 0x01, 0x20, 0x37, 0x01, 0x01, 0x01, 0x04, 0x08, 0x04, 0x01, 0x03,
    0x07, 0x0a, 0x02, 0x1d, 0x01, 0x3a, 0x01, 0x01, 0x01, 0x02, 0x04, 0x08,
    0x01, 0x09, 0x01, 0x0a, 0x02, 0x1a, 0x01, 0x02, 0x02, 0x39, 0x01, 0x04,
    0x02, 0x04, 0x02, 0x02, 0x03, 0x03, 0x01, 0x1e, 0x02, 0x03, 0x01, 0x0b,
    0x02, 0x39, 0x01, 0x04, 0x05, 0x01, 0x02, 0x04, 0x01, 0x14, 0x02, 0x16,
    0x06, 0x01, 0x01, 0x3a, 0x01, 0x01, 0x02, 0x01, 0x04, 0x08, 0x01, 0x07,
    0x03, 0x0a, 0x02, 0x1e, 0x01, 0x3b, 0x01, 0x01, 0x01, 0x0c, 0x01, 0x09,
    0x01, 0x28, 0x01, 0x03, 0x01, 0x37, 0x01, 0x01, 0x03, 0x05, 0x03, 0x01,
    0x04, 0x07, 0x02, 0x0b, 0x02, 0x1d, 0x01, 0x3a, 0x01, 0x02, 0x02, 0x01,
    0x01, 0x03, 0x03, 0x01, 0x04, 0x07, 0x02, 0x0b, 0x02, 0x1c, 0x02, 0x39,
    0x02, 0x01, 0x01, 0x02, 0x04, 0x08, 0x01, 0x09, 0x01, 0x0a, 0x02, 0x1d,
    0x01, 0x48, 0x01, 0x04, 0x01, 0x02, 0x03, 0x01, 0x01, 0x08, 0x01, 0x51,
    0x01, 0x02, 0x07, 0x0c, 0x08, 0x62, 0x01, 0x02, 0x09, 0x0b, 0x07, 0x49,
    0x02, 0x1b, 0x01, 0x01, 0x01, 0x01, 0x01, 0x37, 0x0e, 0x01, 0x05, 0x01,
    0x02, 0x05, 0x0b, 0x01, 0x24, 0x09, 0x01, 0x66, 0x04, 0x01, 0x06, 0x01,
    0x02, 0x02, 0x02, 0x19, 0x02, 0x04, 0x03, 0x10, 0x04, 0x0d, 0x01, 0x02,
    0x02, 0x06, 0x01, 0x0f, 0x01, 0x00, 0x03, 0x00, 0x04, 0x1c, 0x03, 0x1d,
    0x02, 0x1e, 0x02, 0x40, 0x02, 0x01, 0x07, 0x08, 0x01, 0x02, 0x0b, 0x09,
    0x01, 0x2d, 0x03, 0x01, 0x01, 0x75, 0x02, 0x22, 0x01, 0x76, 0x03, 0x04,
    0x02, 0x09, 0x01, 0x06, 0x03, 0xdb, 0x02, 0x02, 0x01, 0x3a, 0x01, 0x01,
    0x07, 0x01, 0x01, 0x01, 0x01, 0x02, 0x08, 0x06, 0x0a, 0x02, 0x01, 0x30,
    0x2e, 0x02, 0x0c, 0x14, 0x04, 0x30, 0x0a, 0x04, 0x03, 0x26, 0x09, 0x0c,
    0x02, 0x20, 0x04, 0x02, 0x06, 0x38, 0x01, 0x01, 0x02, 0x03, 0x01, 0x01,
    0x05, 0x38, 0x08, 0x02, 0x02, 0x98, 0x03, 0x01, 0x0d, 0x01, 0x07, 0x04,
    0x01, 0x06, 0x01, 0x03, 0x02, 0xc6, 0x40, 0x00, 0x01, 0xc3, 0x21, 0x00,
    0x03, 0x8d, 0x01, 0x60, 0x20, 0x00, 0x06, 0x69, 0x02, 0x00, 0x04, 0x01,
    0x0a, 0x20, 0x02, 0x50, 0x02, 0x00, 0x01, 0x03, 0x01, 0x04, 0x01, 0x19,
    0x02, 0x05, 0x01, 0x97, 0x02, 0x1a, 0x12, 0x0d, 0x01, 0x26, 0x08, 0x19,
    0x0b, 0x01, 0x01, 0x2c, 0x03, 0x30, 0x01, 0x02, 0x04, 0x02, 0x02, 0x02,
    0x01, 0x24, 0x01, 0x43, 0x06, 0x02, 0x02, 0x02, 0x02, 0x0c, 0x01, 0x08,
    0x01, 0x2f, 0x01, 0x33, 0x01, 0x01, 0x03, 0x02, 0x02, 0x05, 0x02, 0x01,
    0x01, 0x2a, 0x02, 0x08, 0x01, 0xee, 0x01, 0x02, 0x01, 0x04, 0x01, 0x00,
    0x01, 0x00, 0x10, 0x10, 0x10, 0x00, 0x02, 0x00, 0x01, 0xe2, 0x01, 0x95,
    0x05, 0x00, 0x03, 0x01, 0x02, 0x05, 0x04, 0x28, 0x03, 0x04, 0x01, 0xa5,
    0x02, 0x00, 0x04, 0x41, 0x05, 0x00, 0x02, 0x4d, 0x06, 0x46, 0x0b, 0x31,
    0x04, 0x7b, 0x01, 0x36, 0x0f, 0x29, 0x01, 0x02, 0x02, 0x0a, 0x03, 0x31,
    0x04, 0x02, 0x02, 0x07, 0x01, 0x3d, 0x03, 0x24, 0x05, 0x01, 0x08, 0x3e,
    0x01, 0x0c, 0x02, 0x34, 0x09, 0x01, 0x01, 0x08, 0x04, 0x02, 0x01, 0x5f,
    0x03, 0x02, 0x04, 0x06, 0x01, 0x02, 0x01, 0x9d, 0x01, 0x03, 0x08, 0x15,
    0x02, 0x39, 0x02, 0x01, 0x01, 0x01, 0x01, 0x0c, 0x01, 0x09, 0x01, 0x0e,
    0x07, 0x03, 0x05, 0x43, 0x01, 0x02, 0x06, 0x01, 0x01, 0x02, 0x01, 0x01,
    0x03, 0x04, 0x03, 0x01, 0x01, 0x0e, 0x02, 0x55, 0x08, 0x02, 0x03, 0x01,
    0x01, 0x17, 0x01, 0x51, 0x01, 0x02, 0x06, 0x01, 0x01, 0x02, 0x01, 0x01,
    0x02, 0x01, 0x02, 0xeb, 0x01, 0x02, 0x04, 0x06, 0x02, 0x01, 0x02, 0x1b,
    0x02, 0x55, 0x08, 0x02, 0x01, 0x01, 0x02, 0x6a, 0x01, 0x01, 0x01, 0x02,
    0x08, 0x65, 0x01, 0x01, 0x01, 0x02, 0x04, 0x01, 0x05, 0x00, 0x09, 0x01,
    0x02, 0xf5, 0x01, 0x0a, 0x04, 0x04, 0x01, 0x90, 0x04, 0x02, 0x02, 0x04,
    0x01, 0x20, 0x0a, 0x28, 0x06, 0x02, 0x04, 0x08, 0x01, 0x09, 0x06, 0x02,
    0x03, 0x2e, 0x0d, 0x01, 0x02, 0xc6, 0x01, 0x01, 0x03, 0x01, 0x01, 0xc9,
    0x07, 0x01, 0x06, 0x01, 0x01, 0x52, 0x16, 0x02, 0x07, 0x01, 0x02, 0x01,
    0x02, 0x7a, 0x06, 0x03, 0x01, 0x01, 0x02, 0x01, 0x07, 0x01, 0x01, 0x48,
    0x02, 0x03, 0x01, 0x01, 0x01, 0x00, 0x02, 0x0b, 0x02, 0x34, 0x05, 0x05,
    0x03, 0x17, 0x01, 0x00, 0x01, 0x06, 0x0f, 0x00, 0x0c, 0x03, 0x03, 0x00,
    0x05, 0x3b, 0x07, 0x00, 0x01, 0x3f, 0x04, 0x51, 0x01, 0x0b, 0x02, 0x00,
    0x02, 0x00, 0x2e, 0x02, 0x17, 0x00, 0x05, 0x03, 0x06, 0x08, 0x08, 0x02,
    0x07, 0x1e, 0x04, 0x94, 0x03, 0x00, 0x37, 0x04, 0x32, 0x08, 0x01, 0x0e,
    0x01, 0x16, 0x05, 0x01, 0x0f, 0x00, 0x07, 0x01, 0x11, 0x02, 0x07, 0x01,
    0x02, 0x01, 0x05, 0x64, 0x01, 0xa0, 0x07, 0x00, 0x01, 0x3d, 0x04, 0x00,
    0x04, 0xfe, 0x02, 0xf3, 0x01, 0x02, 0x01, 0x07, 0x02, 0x05, 0x01, 0x00,
    0x07, 0x6d, 0x07, 0x00, 0x60, 0x80, 0xf0, 0x00, 0x30, 0x31, 0x32, 0x33,
    0x34, 0x35, 0x36, 0x37, 0x38, 0x39, 0x61, 0x62, 0x63, 0x64, 0x65, 0x66,
    0x20, 0x7b, 0x20, 0x2c, 0x20, 0x3a, 0x20, 0x20, 0x7b, 0x0a, 0x2c, 0x0a,
    0x28, 0x28, 0x0a, 0x7d, 0x29, 0x65, 0x6e, 0x74, 0x69, 0x74, 0x79, 0x20,
    0x6e, 0x6f, 0x74, 0x20, 0x66, 0x6f, 0x75, 0x6e, 0x64, 0x70, 0x65, 0x72,
    0x6d, 0x69, 0x73, 0x73, 0x69, 0x6f, 0x6e, 0x20, 0x64, 0x65, 0x6e, 0x69,
    0x65, 0x64, 0x63, 0x6f, 0x6e, 0x6e, 0x65, 0x63, 0x74, 0x69, 0x6f, 0x6e,
    0x20, 0x72, 0x65, 0x66, 0x75, 0x73, 0x65, 0x64, 0x63, 0x6f, 0x6e, 0x6e,
    0x65, 0x63, 0x74, 0x69, 0x6f, 0x6e, 0x20, 0x72, 0x65, 0x73, 0x65, 0x74,
    0x68, 0x6f, 0x73, 0x74, 0x20, 0x75, 0x6e, 0x72, 0x65, 0x61, 0x63, 0x68,
    0x61, 0x62, 0x6c, 0x65, 0x6e, 0x65, 0x74, 0x77, 0x6f, 0x72, 0x6b, 0x20,
    0x75, 0x6e, 0x72, 0x65, 0x61, 0x63, 0x68, 0x61, 0x62, 0x6c, 0x65, 0x63,
    0x6f, 0x6e, 0x6e, 0x65, 0x63, 0x74, 0x69, 0x6f, 0x6e, 0x20, 0x61, 0x62,
    0x6f, 0x72, 0x74, 0x65, 0x64, 0x6e, 0x6f, 0x74, 0x20, 0x63, 0x6f, 0x6e,
    0x6e, 0x65, 0x63, 0x74, 0x65, 0x64, 0x61, 0x64, 0x64, 0x72, 0x65, 0x73,
    0x73, 0x20, 0x69, 0x6e, 0x20, 0x75, 0x73, 0x65, 0x61, 0x64, 0x64, 0x72,
    0x65, 0x73, 0x73, 0x20, 0x6e, 0x6f, 0x74, 0x20, 0x61, 0x76, 0x61, 0x69,
    0x6c, 0x61, 0x62, 0x6c, 0x65, 0x6e, 0x65, 0x74, 0x77, 0x6f, 0x72, 0x6b,
    0x20, 0x64, 0x6f, 0x77, 0x6e, 0x62, 0x72, 0x6f, 0x6b, 0x65, 0x6e, 0x20,
    0x70, 0x69, 0x70, 0x65, 0x65, 0x6e, 0x74, 0x69, 0x74, 0x79, 0x20, 0x61,
    0x6c, 0x72, 0x65, 0x61, 0x64, 0x79, 0x20, 0x65, 0x78, 0x69, 0x73, 0x74,
    0x73, 0x6f, 0x70, 0x65, 0x72, 0x61, 0x74, 0x69, 0x6f, 0x6e, 0x20, 0x77,
    0x6f, 0x75, 0x6c, 0x64, 0x20, 0x62, 0x6c, 0x6f, 0x63, 0x6b, 0x6e, 0x6f,
    0x74, 0x20, 0x61, 0x20, 0x64, 0x69, 0x72, 0x65, 0x63, 0x74, 0x6f, 0x72,
    0x79, 0x69, 0x73, 0x20, 0x61, 0x20, 0x64, 0x69, 0x72, 0x65, 0x63, 0x74,
    0x6f, 0x72, 0x79, 0x64, 0x69, 0x72, 0x65, 0x63, 0x74, 0x6f, 0x72, 0x79,
    0x20, 0x6e, 0x6f, 0x74, 0x20, 0x65, 0x6d, 0x70, 0x74, 0x79, 0x72, 0x65,
    0x61, 0x64, 0x2d, 0x6f, 0x6e, 0x6c, 0x79, 0x20, 0x66, 0x69, 0x6c, 0x65,
    0x73, 0x79, 0x73, 0x74, 0x65, 0x6d, 0x20, 0x6f, 0x72, 0x20, 0x73, 0x74,
    0x6f, 0x72, 0x61, 0x67, 0x65, 0x20, 0x6d, 0x65, 0x64, 0x69, 0x75, 0x6d,
    0x66, 0x69, 0x6c, 0x65, 0x73, 0x79, 0x73, 0x74, 0x65, 0x6d, 0x20, 0x6c,
    0x6f, 0x6f, 0x70, 0x20, 0x6f, 0x72, 0x20, 0x69, 0x6e, 0x64, 0x69, 0x72,
    0x65, 0x63, 0x74, 0x69, 0x6f, 0x6e, 0x20, 0x6c, 0x69, 0x6d, 0x69, 0x74,
    0x20, 0x28, 0x65, 0x2e, 0x67, 0x2e, 0x20, 0x73, 0x79, 0x6d, 0x6c, 0x69,
    0x6e, 0x6b, 0x20, 0x6c, 0x6f, 0x6f, 0x70, 0x29, 0x73, 0x74, 0x61, 0x6c,
    0x65, 0x20, 0x6e, 0x65, 0x74, 0x77, 0x6f, 0x72, 0x6b, 0x20, 0x66, 0x69,
    0x6c, 0x65, 0x20, 0x68, 0x61, 0x6e, 0x64, 0x6c, 0x65, 0x69, 0x6e, 0x76,
    0x61, 0x6c, 0x69, 0x64, 0x20, 0x69, 0x6e, 0x70, 0x75, 0x74, 0x20, 0x70,
    0x61, 0x72, 0x61, 0x6d, 0x65, 0x74, 0x65, 0x72, 0x69, 0x6e, 0x76, 0x61,
    0x6c, 0x69, 0x64, 0x20, 0x64, 0x61, 0x74, 0x61, 0x74, 0x69, 0x6d, 0x65,
    0x64, 0x20, 0x6f, 0x75, 0x74, 0x77, 0x72, 0x69, 0x74, 0x65, 0x20, 0x7a,
    0x65, 0x72, 0x6f, 0x6e, 0x6f, 0x20, 0x73, 0x74, 0x6f, 0x72, 0x61, 0x67,
    0x65, 0x20, 0x73, 0x70, 0x61, 0x63, 0x65, 0x73, 0x65, 0x65, 0x6b, 0x20,
    0x6f, 0x6e, 0x20, 0x75, 0x6e, 0x73, 0x65, 0x65, 0x6b, 0x61, 0x62, 0x6c,
    0x65, 0x20, 0x66, 0x69, 0x6c, 0x65, 0x71, 0x75, 0x6f, 0x74, 0x61, 0x20,
    0x65, 0x78, 0x63, 0x65, 0x65, 0x64, 0x65, 0x64, 0x66, 0x69, 0x6c, 0x65,
    0x20, 0x74, 0x6f, 0x6f, 0x20, 0x6c, 0x61, 0x72, 0x67, 0x65, 0x72, 0x65,
    0x73, 0x6f, 0x75, 0x72, 0x63, 0x65, 0x20, 0x62, 0x75, 0x73, 0x79, 0x65,
    0x78, 0x65, 0x63, 0x75, 0x74, 0x61, 0x62, 0x6c, 0x65, 0x20, 0x66, 0x69,
    0x6c, 0x65, 0x20, 0x62, 0x75, 0x73, 0x79, 0x64, 0x65, 0x61, 0x64, 0x6c,
    0x6f, 0x63, 0x6b, 0x63, 0x72, 0x6f, 0x73, 0x73, 0x2d, 0x64, 0x65, 0x76,
    0x69, 0x63, 0x65, 0x20, 0x6c, 0x69, 0x6e, 0x6b, 0x20, 0x6f, 0x72, 0x20,
    0x72, 0x65, 0x6e, 0x61, 0x6d, 0x65, 0x74, 0x6f, 0x6f, 0x20, 0x6d, 0x61,
    0x6e, 0x79, 0x20, 0x6c, 0x69, 0x6e, 0x6b, 0x73, 0x69, 0x6e, 0x76, 0x61,
    0x6c, 0x69, 0x64, 0x20, 0x66, 0x69, 0x6c, 0x65, 0x6e, 0x61, 0x6d, 0x65,
    0x61, 0x72, 0x67, 0x75, 0x6d, 0x65, 0x6e, 0x74, 0x20, 0x6c, 0x69, 0x73,
    0x74, 0x20, 0x74, 0x6f, 0x6f, 0x20, 0x6c, 0x6f, 0x6e, 0x67, 0x6f, 0x70,
    0x65, 0x72, 0x61, 0x74, 0x69, 0x6f, 0x6e, 0x20, 0x69, 0x6e, 0x74, 0x65,
    0x72, 0x72, 0x75, 0x70, 0x74, 0x65, 0x64, 0x75, 0x6e, 0x73, 0x75, 0x70,
    0x70, 0x6f, 0x72, 0x74, 0x65, 0x64, 0x75, 0x6e, 0x65, 0x78, 0x70, 0x65,
    0x63, 0x74, 0x65, 0x64, 0x20, 0x65, 0x6e, 0x64, 0x20, 0x6f, 0x66, 0x20,
    0x66, 0x69, 0x6c, 0x65, 0x6f, 0x75, 0x74, 0x20, 0x6f, 0x66, 0x20, 0x6d,
    0x65, 0x6d, 0x6f, 0x72, 0x79, 0x69, 0x6e, 0x20, 0x70, 0x72, 0x6f, 0x67,
    0x72, 0x65, 0x73, 0x73, 0x6f, 0x74, 0x68, 0x65, 0x72, 0x20, 0x65, 0x72,
    0x72, 0x6f, 0x72, 0x75, 0x6e, 0x63, 0x61, 0x74, 0x65, 0x67, 0x6f, 0x72,
    0x69, 0x7a, 0x65, 0x64, 0x20, 0x65, 0x72, 0x72, 0x6f, 0x72, 0x20, 0x7d,
    0x00, 0x00, 0x00, 0x00, 0x00, 0x0c, 0x00, 0x00, 0x00, 0x04, 0x00, 0x00,
    0x00, 0x12, 0x00, 0x00, 0x00, 0x13, 0x00, 0x00, 0x00, 0x14, 0x00, 0x00,
    0x00, 0x63, 0x61, 0x6c, 0x6c, 0x65, 0x64, 0x20, 0x60, 0x4f, 0x70, 0x74,
    0x69, 0x6f, 0x6e, 0x3a, 0x3a, 0x75, 0x6e, 0x77, 0x72, 0x61, 0x70, 0x28,
    0x29, 0x60, 0x20, 0x6f, 0x6e, 0x20, 0x61, 0x20, 0x60, 0x4e, 0x6f, 0x6e,
    0x65, 0x60, 0x20, 0x76, 0x61, 0x6c, 0x75, 0x65, 0x3d, 0x3d, 0x30, 0x30,
    0x30, 0x31, 0x30, 0x32, 0x30, 0x33, 0x30, 0x34, 0x30, 0x35, 0x30, 0x36,
    0x30, 0x37, 0x30, 0x38, 0x30, 0x39, 0x31, 0x30, 0x31, 0x31, 0x31, 0x32,
    0x31, 0x33, 0x31, 0x34, 0x31, 0x35, 0x31, 0x36, 0x31, 0x37, 0x31, 0x38,
    0x31, 0x39, 0x32, 0x30, 0x32, 0x31, 0x32, 0x32, 0x32, 0x33, 0x32, 0x34,
    0x32, 0x35, 0x32, 0x36, 0x32, 0x37, 0x32, 0x38, 0x32, 0x39, 0x33, 0x30,
    0x33, 0x31, 0x33, 0x32, 0x33, 0x33, 0x33, 0x34, 0x33, 0x35, 0x33, 0x36,
    0x33, 0x37, 0x33, 0x38, 0x33, 0x39, 0x34, 0x30, 0x34, 0x31, 0x34, 0x32,
    0x34, 0x33, 0x34, 0x34, 0x34, 0x35, 0x34, 0x36, 0x34, 0x37, 0x34, 0x38,
    0x34, 0x39, 0x35, 0x30, 0x35, 0x31, 0x35, 0x32, 0x35, 0x33, 0x35, 0x34,
    0x35, 0x35, 0x35, 0x36, 0x35, 0x37, 0x35, 0x38, 0x35, 0x39, 0x36, 0x30,
    0x36, 0x31, 0x36, 0x32, 0x36, 0x33, 0x36, 0x34, 0x36, 0x35, 0x36, 0x36,
    0x36, 0x37, 0x36, 0x38, 0x36, 0x39, 0x37, 0x30, 0x37, 0x31, 0x37, 0x32,
    0x37, 0x33, 0x37, 0x34, 0x37, 0x35, 0x37, 0x36, 0x37, 0x37, 0x37, 0x38,
    0x37, 0x39, 0x38, 0x30, 0x38, 0x31, 0x38, 0x32, 0x38, 0x33, 0x38, 0x34,
    0x38, 0x35, 0x38, 0x36, 0x38, 0x37, 0x38, 0x38, 0x38, 0x39, 0x39, 0x30,
    0x39, 0x31, 0x39, 0x32, 0x39, 0x33, 0x39, 0x34, 0x39, 0x35, 0x39, 0x36,
    0x39, 0x37, 0x39, 0x38, 0x39, 0x39, 0x01, 0x01, 0x01, 0x01, 0x01, 0x01,
    0x01, 0x01, 0x01, 0x01, 0x01, 0x01, 0x01, 0x01, 0x01, 0x01, 0x01, 0x01,
    0x01, 0x01, 0x01, 0x01, 0x01, 0x01, 0x01, 0x01, 0x01, 0x01, 0x01, 0x01,
    0x01, 0x01, 0x01, 0x01, 0x01, 0x01, 0x01, 0x01, 0x01, 0x01, 0x01, 0x01,
    0x01, 0x01, 0x01, 0x01, 0x01, 0x01, 0x01, 0x01, 0x01, 0x01, 0x01, 0x01,
    0x01, 0x01, 0x01, 0x01, 0x01, 0x01, 0x01, 0x01, 0x01, 0x01, 0x01, 0x01,
    0x01, 0x01, 0x01, 0x01, 0x01, 0x01, 0x01, 0x01, 0x01, 0x01, 0x01, 0x01,
    0x01, 0x01, 0x01, 0x01, 0x01, 0x01, 0x01, 0x01, 0x01, 0x01, 0x01, 0x01,
    0x01, 0x01, 0x01, 0x01, 0x01, 0x01, 0x01, 0x01, 0x01, 0x01, 0x01, 0x01,
    0x01, 0x01, 0x01, 0x01, 0x01, 0x01, 0x01, 0x01, 0x01, 0x01, 0x01, 0x01,
    0x01, 0x01, 0x01, 0x01, 0x01, 0x01, 0x01, 0x01, 0x01, 0x01, 0x01, 0x01,
    0x01, 0x01, 0x00, 0x00, 0x00, 0x00, 0x00, 0x00, 0x00, 0x00, 0x00, 0x00,
    0x00, 0x00, 0x00, 0x00, 0x00, 0x00, 0x00, 0x00, 0x00, 0x00, 0x00, 0x00,
    0x00, 0x00, 0x00, 0x00, 0x00, 0x00, 0x00, 0x00, 0x00, 0x00, 0x00, 0x00,
    0x00, 0x00, 0x00, 0x00, 0x00, 0x00, 0x00, 0x00, 0x00, 0x00, 0x00, 0x00,
    0x00, 0x00, 0x00, 0x00, 0x00, 0x00, 0x00, 0x00, 0x00, 0x00, 0x00, 0x00,
    0x00, 0x00, 0x00, 0x00, 0x00, 0x00, 0x00, 0x00, 0x02, 0x02, 0x02, 0x02,
    0x02, 0x02, 0x02, 0x02, 0x02, 0x02, 0x02, 0x02, 0x02, 0x02, 0x02, 0x02,
    0x02, 0x02, 0x02, 0x02, 0x02, 0x02, 0x02, 0x02, 0x02, 0x02, 0x02, 0x02,
    0x02, 0x02, 0x03, 0x03, 0x03, 0x03, 0x03, 0x03, 0x03, 0x03, 0x03, 0x03,
    0x03, 0x03, 0x03, 0x03, 0x03, 0x03, 0x04, 0x04, 0x04, 0x04, 0x04, 0x00,
    0x00, 0x00, 0x00, 0x00, 0x00, 0x00, 0x00, 0x00, 0x00, 0x00, 0x00, 0x00,
    0x00, 0x0d, 0x03, 0x10, 0x00, 0x50, 0x00, 0x00, 0x00, 0xa0, 0x00, 0x00,
    0x00, 0x09, 0x00, 0x00, 0x00, 0x0d, 0x03, 0x10, 0x00, 0x50, 0x00, 0x00,
    0x00, 0x84, 0x00, 0x00, 0x00, 0x1e, 0x00, 0x00, 0x00, 0x00, 0x06, 0x01,
    0x01, 0x03, 0x01, 0x04, 0x02, 0x05, 0x07, 0x07, 0x02, 0x08, 0x08, 0x09,
    0x02, 0x0a, 0x05, 0x0b, 0x02, 0x0e, 0x04, 0x10, 0x01, 0x11, 0x02, 0x12,
    0x05, 0x13, 0x1c, 0x14, 0x01, 0x15, 0x02, 0x17, 0x02, 0x19, 0x0d, 0x1c,
    0x05, 0x1d, 0x08, 0x1f, 0x01, 0x24, 0x01, 0x6a, 0x04, 0x6b, 0x02, 0x6e,
    0x02, 0xaf, 0x03, 0xb1, 0x02, 0xbc, 0x02, 0xcf, 0x02, 0xd1, 0x02, 0xd4,
    0x0c, 0xd5, 0x09, 0xd6, 0x02, 0xd7, 0x02, 0xda, 0x01, 0xe0, 0x05, 0xe1,
    0x02, 0xe6, 0x01, 0xe7, 0x04, 0xe8, 0x02, 0xee, 0x20, 0xf0, 0x04, 0xf8,
    0x02, 0xfa, 0x05, 0xfb, 0x01, 0x0c, 0x27, 0x3b, 0x3e, 0x4e, 0x4f, 0x8f,
    0x9e, 0x9e, 0x9f, 0x7b, 0x8b, 0x93, 0x96, 0xa2, 0xb2, 0xba, 0x86, 0xb1,
    0x06, 0x07, 0x09, 0x36, 0x3d, 0x3e, 0x56, 0xf3, 0xd0, 0xd1, 0x04, 0x14,
    0x18, 0x36, 0x37, 0x56, 0x57, 0x7f, 0xaa, 0xae, 0xaf, 0xbd, 0x35, 0xe0,
    0x12, 0x87, 0x89, 0x8e, 0x9e, 0x04, 0x0d, 0x0e, 0x11, 0x12, 0x29, 0x31,
    0x34, 0x3a, 0x45, 0x46, 0x49, 0x4a, 0x4e, 0x4f, 0x64, 0x65, 0x8a, 0x8c,
    0x8d, 0x8f, 0xb6, 0xc1, 0xc3, 0xc4, 0xc6, 0xcb, 0xd6, 0x5c, 0xb6, 0xb7,
    0x1b, 0x1c, 0x07, 0x08, 0x0a, 0x0b, 0x14, 0x17, 0x36, 0x39, 0x3a, 0xa8,
    0xa9, 0xd8, 0xd9, 0x09, 0x37, 0x90, 0x91, 0xa8, 0x07, 0x0a, 0x3b, 0x3e,
    0x66, 0x69, 0x8f, 0x92, 0x11, 0x6f, 0x5f, 0xbf, 0xee, 0xef, 0x5a, 0x62,
    0xb9, 0xba, 0xf4, 0xfc, 0xff, 0x53, 0x54, 0x9a, 0x9b, 0x2e, 0x2f, 0x27,
    0x28, 0x55, 0x9d, 0xa0, 0xa1, 0xa3, 0xa4, 0xa7, 0xa8, 0xad, 0xba, 0xbc,
    0xc4, 0x06, 0x0b, 0x0c, 0x15, 0x1d, 0x3a, 0x3f, 0x45, 0x51, 0xa6, 0xa7,
    0xcc, 0xcd, 0xa0, 0x07, 0x19, 0x1a, 0x22, 0x25, 0x3e, 0x3f, 0xdf, 0xe7,
    0xec, 0xef, 0xff, 0xc5, 0xc6, 0x04, 0x20, 0x23, 0x25, 0x26, 0x28, 0x33,
    0x38, 0x3a, 0x48, 0x4a, 0x4c, 0x50, 0x53, 0x55, 0x56, 0x58, 0x5a, 0x5c,
    0x5e, 0x60, 0x63, 0x65, 0x66, 0x6b, 0x73, 0x78, 0x7d, 0x7f, 0x8a, 0xa4,
    0xaa, 0xaf, 0xb0, 0xc0, 0xd0, 0xae, 0xaf, 0x6e, 0x6f, 0xc7, 0xdd, 0xde,
    0x93, 0x5e, 0x22, 0x7b, 0x05, 0x03, 0x04, 0x2d, 0x03, 0x66, 0x03, 0x01,
    0x2f, 0x2e, 0x80, 0x82, 0x1d, 0x03, 0x31, 0x0f, 0x1c, 0x04, 0x24, 0x09,
    0x1e, 0x05, 0x2b, 0x05, 0x44, 0x04, 0x0e, 0x2a, 0x80, 0xaa, 0x06, 0x24,
    0x04, 0x24, 0x04, 0x28, 0x08, 0x34, 0x0b, 0x4e, 0x03, 0x34, 0x0c, 0x81,
    0x37, 0x09, 0x16, 0x0a, 0x08, 0x18, 0x3b, 0x45, 0x39, 0x03, 0x63, 0x08,
    0x09, 0x30, 0x16, 0x05, 0x21, 0x03, 0x1b, 0x05, 0x1b, 0x26, 0x38, 0x04,
    0x4b, 0x05, 0x2f, 0x04, 0x0a, 0x07, 0x09, 0x07, 0x40, 0x20, 0x27, 0x04,
    0x0c, 0x09, 0x36, 0x03, 0x3a, 0x05, 0x1a, 0x07, 0x04, 0x0c, 0x07, 0x50,
    0x49, 0x37, 0x33, 0x0d, 0x33, 0x07, 0x2e, 0x08, 0x0a, 0x06, 0x26, 0x03,
    0x1d, 0x08, 0x02, 0x80, 0xd0, 0x52, 0x10, 0x06, 0x08, 0x09, 0x21, 0x2e,
    0x08, 0x2a, 0x16, 0x1a, 0x26, 0x1c, 0x14, 0x17, 0x09, 0x4e, 0x04, 0x24,
    0x09, 0x44, 0x0d, 0x19, 0x07, 0x0a, 0x06, 0x48, 0x08, 0x27, 0x09, 0x75,
    0x0b, 0x42, 0x3e, 0x2a, 0x06, 0x3b, 0x05, 0x0a, 0x06, 0x51, 0x06, 0x01,
    0x05, 0x10, 0x03, 0x05, 0x0b, 0x59, 0x08, 0x02, 0x1d, 0x62, 0x1e, 0x48,
    0x08, 0x0a, 0x80, 0xa6, 0x5e, 0x22, 0x45, 0x0b, 0x0a, 0x06, 0x0d, 0x13,
    0x3a, 0x06, 0x0a, 0x06, 0x14, 0x1c, 0x2c, 0x04, 0x17, 0x80, 0xb9, 0x3c,
    0x64, 0x53, 0x0c, 0x48, 0x09, 0x0a, 0x46, 0x45, 0x1b, 0x48, 0x08, 0x53,
    0x0d, 0x49, 0x07, 0x0a, 0x56, 0x08, 0x58, 0x22, 0x0e, 0x0a, 0x06, 0x46,
    0x0a, 0x1d, 0x03, 0x47, 0x49, 0x37, 0x03, 0x0e, 0x08, 0x0a, 0x06, 0x39,
    0x07, 0x0a, 0x06, 0x2c, 0x04, 0x0a, 0x80, 0xf6, 0x19, 0x07, 0x3b, 0x03,
    0x1d, 0x55, 0x01, 0x0f, 0x32, 0x0d, 0x83, 0x9b, 0x66, 0x75, 0x0b, 0x80,
    0xc4, 0x8a, 0x4c, 0x63, 0x0d, 0x84, 0x30, 0x10, 0x16, 0x0a, 0x8f, 0x9b,
    0x05, 0x82, 0x47, 0x9a, 0xb9, 0x3a, 0x86, 0xc6, 0x82, 0x39, 0x07, 0x2a,
    0x04, 0x5c, 0x06, 0x26, 0x0a, 0x46, 0x0a, 0x28, 0x05, 0x13, 0x81, 0xb0,
    0x3a, 0x80, 0xc6, 0x5b, 0x05, 0x34, 0x2c, 0x4b, 0x04, 0x39, 0x07, 0x11,
    0x40, 0x05, 0x0b, 0x07, 0x09, 0x9c, 0xd6, 0x29, 0x20, 0x61, 0x73, 0xa1,
    0xfd, 0x81, 0x33, 0x0f, 0x01, 0x1d, 0x06, 0x0e, 0x04, 0x08, 0x81, 0x8c,
    0x89, 0x04, 0x6b, 0x05, 0x0d, 0x03, 0x09, 0x07, 0x10, 0x8f, 0x60, 0x80,
    0xfd, 0x03, 0x81, 0xb4, 0x06, 0x17, 0x0f, 0x11, 0x0f, 0x47, 0x09, 0x74,
    0x3c, 0x80, 0xf6, 0x0a, 0x73, 0x08, 0x70, 0x15, 0x46, 0x7a, 0x14, 0x0c,
    0x14, 0x0c, 0x57, 0x09, 0x19, 0x80, 0x87, 0x81, 0x47, 0x03, 0x85, 0x42,
    0x0f, 0x15, 0x84, 0x50, 0x1f, 0x06, 0x06, 0x80, 0xd5, 0x2b, 0x05, 0x3e,
    0x21, 0x01, 0x70, 0x2d, 0x03, 0x1a, 0x04, 0x02, 0x81, 0x40, 0x1f, 0x11,
    0x3a, 0x05, 0x01, 0x81, 0xd0, 0x2a, 0x80, 0xd6, 0x2b, 0x04, 0x01, 0x80,
    0xc0, 0x36, 0x08, 0x02, 0x80, 0xe0, 0x80, 0xf7, 0x29, 0x4c, 0x04, 0x0a,
    0x04, 0x02, 0x83, 0x11, 0x44, 0x4c, 0x3d, 0x80, 0xc2, 0x3c, 0x06, 0x01,
    0x04, 0x55, 0x05, 0x1b, 0x34, 0x02, 0x81, 0x0e, 0x2c, 0x04, 0x64, 0x0c,
    0x56, 0x0a, 0x80, 0xae, 0x38, 0x1d, 0x0d, 0x2c, 0x04, 0x09, 0x07, 0x02,
    0x0e, 0x06, 0x80, 0x9a, 0x83, 0xd9, 0x03, 0x11, 0x03, 0x0d, 0x03, 0x80,
    0xda, 0x06, 0x0c, 0x04, 0x01, 0x0f, 0x0c, 0x04, 0x38, 0x08, 0x0a, 0x06,
    0x28, 0x08, 0x2c, 0x04, 0x02, 0x0e, 0x09, 0x27, 0x81, 0x58, 0x08, 0x1d,
    0x03, 0x0b, 0x03, 0x3b, 0x04, 0x1e, 0x04, 0x0a, 0x07, 0x80, 0xfb, 0x84,
    0x05, 0x00, 0x01, 0x03, 0x05, 0x05, 0x06, 0x06, 0x02, 0x07, 0x06, 0x08,
    0x07, 0x09, 0x11, 0x0a, 0x1c, 0x0b, 0x19, 0x0c, 0x19, 0x0d, 0x10, 0x0e,
    0x0c, 0x0f, 0x04, 0x10, 0x03, 0x12, 0x12, 0x13, 0x09, 0x16, 0x01, 0x17,
    0x04, 0x18, 0x01, 0x19, 0x03, 0x1a, 0x09, 0x1b, 0x01, 0x1c, 0x02, 0x1f,
    0x16, 0x20, 0x03, 0x2b, 0x02, 0x2d, 0x0b, 0x2e, 0x01, 0x30, 0x04, 0x31,
    0x02, 0x32, 0x01, 0xa9, 0x02, 0xaa, 0x04, 0xab, 0x08, 0xfa, 0x02, 0xfb,
    0x05, 0xfe, 0x03, 0xff, 0x09, 0xad, 0x78, 0x79, 0x8b, 0x8d, 0xa2, 0x30,
    0x57, 0x58, 0x8b, 0x8c, 0x90, 0x1c, 0xdd, 0x0e, 0x0f, 0x4b, 0x4c, 0xfb,
    0xfc, 0x2e, 0x2f, 0x3f, 0x5c, 0x5d, 0x5f, 0xe2, 0x84, 0x8d, 0x8e, 0x91,
    0x92, 0xa9, 0xb1, 0xba, 0xbb, 0xc5, 0xc6, 0xc9, 0xca, 0xde, 0xe4, 0xe5,
    0xff, 0x00, 0x04, 0x11, 0x12, 0x29, 0x31, 0x34, 0x37, 0x3a, 0x3b, 0x3d,
    0x49, 0x4a, 0x5d, 0x84, 0x8e, 0x92, 0xa9, 0xb1, 0xb4, 0xba, 0xbb, 0xc6,
    0xca, 0xce, 0xcf, 0xe4, 0xe5, 0x00, 0x04, 0x0d, 0x0e, 0x11, 0x12, 0x29,
    0x31, 0x34, 0x3a, 0x3b, 0x45, 0x46, 0x49, 0x4a, 0x5e, 0x64, 0x65, 0x84,
    0x91, 0x9b, 0x9d, 0xc9, 0xce, 0xcf, 0x0d, 0x11, 0x29, 0x3a, 0x3b, 0x45,
    0x49, 0x57, 0x5b, 0x5e, 0x5f, 0x64, 0x65, 0x8d, 0x91, 0xa9, 0xb4, 0xba,
    0xbb, 0xc5, 0xc9, 0xdf, 0xe4, 0xe5, 0xf0, 0x0d, 0x11, 0x45, 0x49, 0x64,
    0x65, 0x80, 0x84, 0xb2, 0xbc, 0xbe, 0xbf, 0xd5, 0xd7, 0xf0, 0xf1, 0x83,
    0x85, 0x8b, 0xa4, 0xa6, 0xbe, 0xbf, 0xc5, 0xc7, 0xcf, 0xda, 0xdb, 0x48,
    0x98, 0xbd, 0xcd, 0xc6, 0xce, 0xcf, 0x49, 0x4e, 0x4f, 0x57, 0x59, 0x5e,
    0x5f, 0x89, 0x8e, 0x8f, 0xb1, 0xb6, 0xb7, 0xbf, 0xc1, 0xc6, 0xc7, 0xd7,
    0x11, 0x16, 0x17, 0x5b, 0x5c, 0xf6, 0xf7, 0xfe, 0xff, 0x80, 0x6d, 0x71,
    0xde, 0xdf, 0x0e, 0x1f, 0x6e, 0x6f, 0x1c, 0x1d, 0x5f, 0x7d, 0x7e, 0xae,
    0xaf, 0xde, 0xdf, 0x4d, 0xbb, 0xbc, 0x16, 0x17, 0x1e, 0x1f, 0x46, 0x47,
    0x4e, 0x4f, 0x58, 0x5a, 0x5c, 0x5e, 0x7e, 0x7f, 0xb5, 0xc5, 0xd4, 0xd5,
    0xdc, 0xf0, 0xf1, 0xf5, 0x72, 0x73, 0x8f, 0x74, 0x75, 0x26, 0x2e, 0x2f,
    0xa7, 0xaf, 0xb7, 0xbf, 0xc7, 0xcf, 0xd7, 0xdf, 0x9a, 0x00, 0x40, 0x97,
    0x98, 0x30, 0x8f, 0x1f, 0xce, 0xff, 0x4e, 0x4f, 0x5a, 0x5b, 0x07, 0x08,
    0x0f, 0x10, 0x27, 0x2f, 0xee, 0xef, 0x6e, 0x6f, 0x37, 0x3d, 0x3f, 0x42,
    0x45, 0x53, 0x67, 0x75, 0xc8, 0xc9, 0xd0, 0xd1, 0xd8, 0xd9, 0xe7, 0xfe,
    0xff, 0x00, 0x20, 0x5f, 0x22, 0x82, 0xdf, 0x04, 0x82, 0x44, 0x08, 0x1b,
    0x04, 0x06, 0x11, 0x81, 0xac, 0x0e, 0x80, 0xab, 0x05, 0x20, 0x07, 0x81,
    0x1c, 0x03, 0x19, 0x08, 0x01, 0x04, 0x2f, 0x04, 0x34, 0x04, 0x07, 0x03,
    0x01, 0x07, 0x06, 0x07, 0x11, 0x0a, 0x50, 0x0f, 0x12, 0x07, 0x55, 0x07,
    0x03, 0x04, 0x1c, 0x0a, 0x09, 0x03, 0x08, 0x03, 0x07, 0x03, 0x02, 0x03,
    0x03, 0x03, 0x0c, 0x04, 0x05, 0x03, 0x0b, 0x06, 0x01, 0x0e, 0x15, 0x05,
    0x4e, 0x07, 0x1b, 0x07, 0x57, 0x07, 0x02, 0x05, 0x18, 0x0c, 0x50, 0x04,
    0x43, 0x03, 0x2d, 0x03, 0x01, 0x04, 0x11, 0x06, 0x0f, 0x0c, 0x3a, 0x04,
    0x1d, 0x25, 0x5f, 0x20, 0x6d, 0x04, 0x6a, 0x25, 0x80, 0xc8, 0x05, 0x82,
    0xb0, 0x03, 0x1a, 0x06, 0x82, 0xfd, 0x03, 0x59, 0x07, 0x16, 0x09, 0x18,
    0x09, 0x14, 0x0c, 0x14, 0x0c, 0x6a, 0x06, 0x0a, 0x06, 0x1a, 0x06, 0x59,
    0x07, 0x2b, 0x05, 0x46, 0x0a, 0x2c, 0x04, 0x0c, 0x04, 0x01, 0x03, 0x31,
    0x0b, 0x2c, 0x04, 0x1a, 0x06, 0x0b, 0x03, 0x80, 0xac, 0x06, 0x0a, 0x06,
    0x4c, 0x14, 0x80, 0xf4, 0x08, 0x3c, 0x03, 0x0f, 0x03, 0x3e, 0x05, 0x38,
    0x08, 0x2b, 0x05, 0x82, 0xff, 0x11, 0x18, 0x08, 0x2f, 0x11, 0x2d, 0x03,
    0x22, 0x0e, 0x21, 0x0f, 0x80, 0x8c, 0x04, 0x82, 0x9a, 0x16, 0x0b, 0x15,
    0x88, 0x94, 0x05, 0x2f, 0x05, 0x3b, 0x07, 0x02, 0x0e, 0x18, 0x09, 0x80,
    0xbe, 0x22, 0x74, 0x0c, 0x80, 0xd6, 0x1a, 0x81, 0x10, 0x05, 0x80, 0xe1,
    0x09, 0xf2, 0x9e, 0x03, 0x37, 0x09, 0x81, 0x5c, 0x14, 0x80, 0xb8, 0x08,
    0x80, 0xdd, 0x14, 0x3c, 0x03, 0x0a, 0x06, 0x38, 0x08, 0x46, 0x08, 0x0c,
    0x06, 0x74, 0x0b, 0x1e, 0x03, 0x5a, 0x04, 0x59, 0x09, 0x80, 0x83, 0x18,
    0x1c, 0x0a, 0x16, 0x09, 0x4c, 0x04, 0x80, 0x8a, 0x06, 0xab, 0xa4, 0x0c,
    0x17, 0x04, 0x31, 0xa1, 0x04, 0x81, 0xda, 0x26, 0x07, 0x0c, 0x05, 0x05,
    0x82, 0xb3, 0x20, 0x2a, 0x06, 0x4c, 0x04, 0x80, 0x8d, 0x04, 0x80, 0xbe,
    0x03, 0x1b, 0x03, 0x0f, 0x0d, 0x01, 0x05, 0x10, 0x00, 0x55, 0x00, 0x00,
    0x00, 0x0a, 0x00, 0x00, 0x00, 0x2b, 0x00, 0x00, 0x00, 0x01, 0x05, 0x10,
    0x00, 0x55, 0x00, 0x00, 0x00, 0x1a, 0x00, 0x00, 0x00, 0x36, 0x00, 0x00,
    0x00, 0x00, 0x03, 0x00, 0x00, 0x83, 0x04, 0x20, 0x00, 0x91, 0x05, 0x60,
    0x00, 0x5d, 0x13, 0xa0, 0x00, 0x12, 0x17, 0x20, 0x1f, 0x0c, 0x20, 0x60,
    0x1f, 0xef, 0x2c, 0x60, 0x2b, 0x2a, 0x30, 0xe0, 0x2b, 0x6f, 0xa6, 0xa0,
    0x2c, 0x02, 0xa8, 0x20, 0x2d, 0x1e, 0xfb, 0x20, 0x2e, 0x00, 0xfe, 0x60,
    0x36, 0x9e, 0xff, 0xa0, 0x36, 0xfd, 0x01, 0x21, 0x37, 0x01, 0x0a, 0x61,
    0x37, 0x24, 0x0d, 0x21, 0x38, 0xab, 0x0e, 0xa1, 0x39, 0x2f, 0x18, 0x21,
    0x3a, 0xf3, 0x1e, 0x21, 0x4b, 0x40, 0x34, 0xa1, 0x53, 0x1e, 0x61, 0xe1,
    0x54, 0xf0, 0x6a, 0x61, 0x55, 0x4f, 0x6f, 0xe1, 0x55, 0x9d, 0xbc, 0x61,
    0x56, 0x00, 0xcf, 0x61, 0x57, 0x65, 0xd1, 0xa1, 0x57, 0x00, 0xda, 0x21,
    0x58, 0x00, 0xe0, 0xa1, 0x59, 0xae, 0xe2, 0x21, 0x5b, 0xec, 0xe4, 0xe1,
    0x5c, 0xd0, 0xe8, 0x61, 0x5d, 0x20, 0x00, 0xee, 0x5e, 0xf0, 0x01, 0x7f,
    0x5f, 0x2e, 0x2e, 0x20, 0x20, 0x20, 0x20, 0x30, 0x78, 0x30, 0x31, 0x32,
    0x33, 0x34, 0x35, 0x36, 0x37, 0x38, 0x39, 0x41, 0x42, 0x43, 0x44, 0x45,
    0x46, 0x66, 0x61, 0x6c, 0x73, 0x65, 0x74, 0x72, 0x75, 0x65, 0x00, 0x00,
    0x00, 0xa4, 0x05, 0x10, 0x00, 0x4b, 0x00, 0x00, 0x00, 0x85, 0x0b, 0x00,
    0x00, 0x26, 0x00, 0x00, 0x00, 0xa4, 0x05, 0x10, 0x00, 0x4b, 0x00, 0x00,
    0x00, 0x8e, 0x0b, 0x00, 0x00, 0x1a, 0x00, 0x00, 0x00, 0x52, 0x65, 0x66,
    0x43, 0x65, 0x6c, 0x6c, 0x20, 0x61, 0x6c, 0x72, 0x65, 0x61, 0x64, 0x79,
    0x20, 0x62, 0x6f, 0x72, 0x72, 0x6f, 0x77, 0x65, 0x64, 0x57, 0x05, 0x10,
    0x00, 0x4c, 0x00, 0x00, 0x00, 0xe2, 0x00, 0x00, 0x00, 0x14, 0x00, 0x00,
    0x00, 0x4f, 0x6e, 0x63, 0x65, 0x20, 0x69, 0x6e, 0x73, 0x74, 0x61, 0x6e,
    0x63, 0x65, 0x20, 0x68, 0x61, 0x73, 0x20, 0x70, 0x72, 0x65, 0x76, 0x69,
    0x6f, 0x75, 0x73, 0x6c, 0x79, 0x20, 0x62, 0x65, 0x65, 0x6e, 0x20, 0x70,
    0x6f, 0x69, 0x73, 0x6f, 0x6e, 0x65, 0x64, 0x6f, 0x6e, 0x65, 0x2d, 0x74,
    0x69, 0x6d, 0x65, 0x20, 0x69, 0x6e, 0x69, 0x74, 0x69, 0x61, 0x6c, 0x69,
    0x7a, 0x61, 0x74, 0x69, 0x6f, 0x6e, 0x20, 0x6d, 0x61, 0x79, 0x20, 0x6e,
    0x6f, 0x74, 0x20, 0x62, 0x65, 0x20, 0x70, 0x65, 0x72, 0x66, 0x6f, 0x72,
    0x6d, 0x65, 0x64, 0x20, 0x72, 0x65, 0x63, 0x75, 0x72, 0x73, 0x69, 0x76,
    0x65, 0x6c, 0x79, 0x73, 0x74, 0x72, 0x65, 0x61, 0x6d, 0x20, 0x64, 0x69,
    0x64, 0x20, 0x6e, 0x6f, 0x74, 0x20, 0x63, 0x6f, 0x6e, 0x74, 0x61, 0x69,
    0x6e, 0x20, 0x76, 0x61, 0x6c, 0x69, 0x64, 0x20, 0x55, 0x54, 0x46, 0x2d,
    0x38, 0xc6, 0x19, 0x10, 0x00, 0x22, 0x00, 0x00, 0x00, 0x15, 0x00, 0x00,
    0x00, 0x00, 0x00, 0x00, 0x00, 0x02, 0x00, 0x00, 0x00, 0xe8, 0x19, 0x10,
    0x00, 0x61, 0x20, 0x66, 0x6f, 0x72, 0x6d, 0x61, 0x74, 0x74, 0x69, 0x6e,
    0x67, 0x20, 0x74, 0x72, 0x61, 0x69, 0x74, 0x20, 0x69, 0x6d, 0x70, 0x6c,
    0x65, 0x6d, 0x65, 0x6e, 0x74, 0x61, 0x74, 0x69, 0x6f, 0x6e, 0x20, 0x72,
    0x65, 0x74, 0x75, 0x72, 0x6e, 0x65, 0x64, 0x20, 0x61, 0x6e, 0x20, 0x65,
    0x72, 0x72, 0x6f, 0x72, 0x20, 0x77, 0x68, 0x65, 0x6e, 0x20, 0x74, 0x68,
    0x65, 0x20, 0x75, 0x6e, 0x64, 0x65, 0x72, 0x6c, 0x79, 0x69, 0x6e, 0x67,
    0x20, 0x73, 0x74, 0x72, 0x65, 0x61, 0x6d, 0x20, 0x64, 0x69, 0x64, 0x20,
    0x6e, 0x6f, 0x74, 0x00, 0x00, 0xf0, 0x05, 0x10, 0x00, 0x49, 0x00, 0x00,
    0x00, 0x77, 0x02, 0x00, 0x00, 0x11, 0x00, 0x00, 0x00, 0x15, 0x00, 0x00,
    0x00, 0x0c, 0x00, 0x00, 0x00, 0x04, 0x00, 0x00, 0x00, 0x16, 0x00, 0x00,
    0x00, 0x17, 0x00, 0x00, 0x00, 0x18, 0x00, 0x00, 0x00, 0x15, 0x00, 0x00,
    0x00, 0x0c, 0x00, 0x00, 0x00, 0x04, 0x00, 0x00, 0x00, 0x19, 0x00, 0x00,
    0x00, 0x1a, 0x00, 0x00, 0x00, 0x1b, 0x00, 0x00, 0x00, 0x15, 0x00, 0x00,
    0x00, 0x0c, 0x00, 0x00, 0x00, 0x04, 0x00, 0x00, 0x00, 0x1c, 0x00, 0x00,
    0x00, 0x1d, 0x00, 0x00, 0x00, 0x1e, 0x00, 0x00, 0x00, 0x00, 0x00, 0x00,
    0x00, 0x04, 0x00, 0x00, 0x00, 0x04, 0x00, 0x00, 0x00, 0x1f, 0x00, 0x00,
    0x00, 0x5e, 0x03, 0x10, 0x00, 0x4b, 0x00, 0x00, 0x00, 0x8e, 0x04, 0x00,
    0x00, 0x09, 0x00, 0x00, 0x00, 0x66, 0x69, 0x6c, 0x65, 0x20, 0x6e, 0x61,
    0x6d, 0x65, 0x20, 0x63, 0x6f, 0x6e, 0x74, 0x61, 0x69, 0x6e, 0x65, 0x64,
    0x20, 0x61, 0x6e, 0x20, 0x75, 0x6e, 0x65, 0x78, 0x70, 0x65, 0x63, 0x74,
    0x65, 0x64, 0x20, 0x4e, 0x55, 0x4c, 0x20, 0x62, 0x79, 0x74, 0x65, 0x00,
    0x00, 0xd0, 0x1a, 0x10, 0x00, 0x2a, 0x00, 0x00, 0x00, 0x14, 0x00, 0x00,
    0x00, 0x02, 0x00, 0x00, 0x00, 0xfc, 0x1a, 0x10, 0x00, 0xf0, 0x05, 0x10,
    0x00, 0x49, 0x00, 0x00, 0x00, 0xb1, 0x01, 0x00, 0x00, 0x31, 0x00, 0x00,
    0x00, 0x6d, 0x61, 0x69, 0x6e, 0x3c, 0x75, 0x6e, 0x6e, 0x61, 0x6d, 0x65,
    0x64, 0x3e, 0x00, 0x00, 0x00, 0xb4, 0x04, 0x10, 0x00, 0x4c, 0x00, 0x00,
    0x00, 0x16, 0x01, 0x00, 0x00, 0x2e, 0x00, 0x00, 0x00, 0x20, 0x00, 0x00,
    0x00, 0x0c, 0x00, 0x00, 0x00, 0x04, 0x00, 0x00, 0x00, 0x21, 0x00, 0x00,
    0x00, 0x22, 0x00, 0x00, 0x00, 0x23, 0x00, 0x00, 0x00, 0x6e, 0x6f, 0x74,
    0x65, 0x3a, 0x20, 0x72, 0x75, 0x6e, 0x20, 0x77, 0x69, 0x74, 0x68, 0x20,
    0x60, 0x52, 0x55, 0x53, 0x54, 0x5f, 0x42, 0x41, 0x43, 0x4b, 0x54, 0x52,
    0x41, 0x43, 0x45, 0x3d, 0x31, 0x60, 0x20, 0x65, 0x6e, 0x76, 0x69, 0x72,
    0x6f, 0x6e, 0x6d, 0x65, 0x6e, 0x74, 0x20, 0x76, 0x61, 0x72, 0x69, 0x61,
    0x62, 0x6c, 0x65, 0x20, 0x74, 0x6f, 0x20, 0x64, 0x69, 0x73, 0x70, 0x6c,
    0x61, 0x79, 0x20, 0x61, 0x20, 0x62, 0x61, 0x63, 0x6b, 0x74, 0x72, 0x61,
    0x63, 0x65, 0x0a, 0x00, 0x00, 0x00, 0x00, 0x00, 0x00, 0x08, 0x00, 0x00,
    0x00, 0x04, 0x00, 0x00, 0x00, 0x24, 0x00, 0x00, 0x00, 0x25, 0x00, 0x00,
    0x00, 0x26, 0x00, 0x00, 0x00, 0x27, 0x00, 0x00, 0x00, 0x28, 0x00, 0x00,
    0x00, 0x10, 0x00, 0x00, 0x00, 0x04, 0x00, 0x00, 0x00, 0x29, 0x00, 0x00,
    0x00, 0x2a, 0x00, 0x00, 0x00, 0x2b, 0x00, 0x00, 0x00, 0x2c, 0x00, 0x00,
    0x00, 0x63, 0x61, 0x6c, 0x6c, 0x65, 0x64, 0x20, 0x60, 0x52, 0x65, 0x73,
    0x75, 0x6c, 0x74, 0x3a, 0x3a, 0x75, 0x6e, 0x77, 0x72, 0x61, 0x70, 0x28,
    0x29, 0x60, 0x20, 0x6f, 0x6e, 0x20, 0x61, 0x6e, 0x20, 0x60, 0x45, 0x72,
    0x72, 0x60, 0x20, 0x76, 0x61, 0x6c, 0x75, 0x65, 0x00, 0x5c, 0xf6, 0xe9,
    0x5f, 0xdc, 0x02, 0xf6, 0xb9, 0xf1, 0xc1, 0x70, 0x6c, 0xf2, 0x61, 0xc1,
    0x24, 0x15, 0x7d, 0xe9, 0xd8, 0x89, 0x2a, 0x39, 0xf5, 0x3b, 0xc6, 0xf3,
    0xa7, 0x5a, 0xe2, 0xf2, 0x25, 0x6d, 0x69, 0x64, 0x20, 0x3e, 0x20, 0x6c,
    0x65, 0x6e, 0x66, 0x61, 0x74, 0x61, 0x6c, 0x20, 0x72, 0x75, 0x6e, 0x74,
    0x69, 0x6d, 0x65, 0x20, 0x65, 0x72, 0x72, 0x6f, 0x72, 0x3a, 0x20, 0x72,
    0x77, 0x6c, 0x6f, 0x63, 0x6b, 0x20, 0x6c, 0x6f, 0x63, 0x6b, 0x65, 0x64,
    0x20, 0x66, 0x6f, 0x72, 0x20, 0x77, 0x72, 0x69, 0x74, 0x69, 0x6e, 0x67,
    0x2c, 0x20, 0x61, 0x62, 0x6f, 0x72, 0x74, 0x69, 0x6e, 0x67, 0x0a, 0x72,
    0x77, 0x6c, 0x6f, 0x63, 0x6b, 0x20, 0x6f, 0x76, 0x65, 0x72, 0x66, 0x6c,
    0x6f, 0x77, 0x65, 0x64, 0x20, 0x72, 0x65, 0x61, 0x64, 0x20, 0x6c, 0x6f,
    0x63, 0x6b, 0x73, 0x00, 0x00, 0xaf, 0x02, 0x10, 0x00, 0x5d, 0x00, 0x00,
    0x00, 0x15, 0x00, 0x00, 0x00, 0x2c, 0x00, 0x00, 0x00, 0x52, 0x55, 0x53,
    0x54, 0x5f, 0x42, 0x41, 0x43, 0x4b, 0x54, 0x52, 0x41, 0x43, 0x45, 0x63,
    0x61, 0x6e, 0x6e, 0x6f, 0x74, 0x20, 0x72, 0x65, 0x63, 0x75, 0x72, 0x73,
    0x69, 0x76, 0x65, 0x6c, 0x79, 0x20, 0x61, 0x63, 0x71, 0x75, 0x69, 0x72,
    0x65, 0x20, 0x6d, 0x75, 0x74, 0x65, 0x78, 0x00, 0x00, 0x52, 0x02, 0x10,
    0x00, 0x5c, 0x00, 0x00, 0x00, 0x13, 0x00, 0x00, 0x00, 0x09, 0x00, 0x00,
    0x00, 0x6c, 0x6f, 0x63, 0x6b, 0x20, 0x63, 0x6f, 0x75, 0x6e, 0x74, 0x20,
    0x6f, 0x76, 0x65, 0x72, 0x66, 0x6c, 0x6f, 0x77, 0x20, 0x69, 0x6e, 0x20,
    0x72, 0x65, 0x65, 0x6e, 0x74, 0x72, 0x61, 0x6e, 0x74, 0x20, 0x6d, 0x75,
    0x74, 0x65, 0x78, 0x00, 0x00, 0x08, 0x04, 0x10, 0x00, 0x56, 0x00, 0x00,
    0x00, 0x23, 0x01, 0x00, 0x00, 0x2d, 0x00, 0x00, 0x00, 0x66, 0x61, 0x69,
    0x6c, 0x65, 0x64, 0x20, 0x74, 0x6f, 0x20, 0x77, 0x72, 0x69, 0x74, 0x65,
    0x20, 0x74, 0x68, 0x65, 0x20, 0x62, 0x75, 0x66, 0x66, 0x65, 0x72, 0x65,
    0x64, 0x20, 0x64, 0x61, 0x74, 0x61, 0x00, 0x00, 0x00, 0x14, 0x1d, 0x10,
    0x00, 0x21, 0x00, 0x00, 0x00, 0x17, 0x00, 0x00, 0x00, 0x6d, 0x75, 0x73,
    0x74, 0x20, 0x73, 0x70, 0x65, 0x63, 0x69, 0x66, 0x79, 0x20, 0x61, 0x74,
    0x20, 0x6c, 0x65, 0x61, 0x73, 0x74, 0x20, 0x6f, 0x6e, 0x65, 0x20, 0x6f,
    0x66, 0x20, 0x72, 0x65, 0x61, 0x64, 0x2c, 0x20, 0x77, 0x72, 0x69, 0x74,
    0x65, 0x2c, 0x20, 0x6f, 0x72, 0x20, 0x61, 0x70, 0x70, 0x65, 0x6e, 0x64,
    0x20, 0x61, 0x63, 0x63, 0x65, 0x73, 0x73, 0x63, 0x72, 0x65, 0x61, 0x74,
    0x69, 0x6e, 0x67, 0x20, 0x6f, 0x72, 0x20, 0x74, 0x72, 0x75, 0x6e, 0x63,
    0x61, 0x74, 0x69, 0x6e, 0x67, 0x20, 0x61, 0x20, 0x66, 0x69, 0x6c, 0x65,
    0x20, 0x72, 0x65, 0x71, 0x75, 0x69, 0x72, 0x65, 0x73, 0x20, 0x77, 0x72,
    0x69, 0x74, 0x65, 0x20, 0x6f, 0x72, 0x20, 0x61, 0x70, 0x70, 0x65, 0x6e,
    0x64, 0x20, 0x61, 0x63, 0x63, 0x65, 0x73, 0x73, 0x00, 0x0c, 0x02, 0x10,
    0x00, 0x45, 0x00, 0x00, 0x00, 0x8d, 0x00, 0x00, 0x00, 0x0d, 0x00, 0x00,
    0x00, 0x42, 0x6f, 0x78, 0x3c, 0x64, 0x79, 0x6e, 0x20, 0x41, 0x6e, 0x79,
    0x3e, 0x74, 0x68, 0x72, 0x65, 0x61, 0x64, 0x20, 0x63, 0x61, 0x75, 0x73,
    0x65, 0x64, 0x20, 0x6e, 0x6f, 0x6e, 0x2d, 0x75, 0x6e, 0x77, 0x69, 0x6e,
    0x64, 0x69, 0x6e, 0x67, 0x20, 0x70, 0x61, 0x6e, 0x69, 0x63, 0x2e, 0x20,
    0x61, 0x62, 0x6f, 0x72, 0x74, 0x69, 0x6e, 0x67, 0x2e, 0x0a, 0x73, 0x74,
    0x64, 0x6f, 0x75, 0x74, 0x00, 0x5e, 0x03, 0x10, 0x00, 0x4b, 0x00, 0x00,
    0x00, 0xe4, 0x02, 0x00, 0x00, 0x13, 0x00, 0x00, 0x00, 0x66, 0x61, 0x69,
    0x6c, 0x65, 0x64, 0x20, 0x74, 0x6f, 0x20, 0x77, 0x72, 0x69, 0x74, 0x65,
    0x20, 0x77, 0x68, 0x6f, 0x6c, 0x65, 0x20, 0x62, 0x75, 0x66, 0x66, 0x65,
    0x72, 0x1c, 0x1e, 0x10, 0x00, 0x1c, 0x00, 0x00, 0x00, 0x17, 0x00, 0x00,
    0x00, 0x00, 0x00, 0x00, 0x00, 0x02, 0x00, 0x00, 0x00, 0x38, 0x1e, 0x10,
    0x00, 0x73, 0x74, 0x61, 0x63, 0x6b, 0x20, 0x62, 0x61, 0x63, 0x6b, 0x74,
    0x72, 0x61, 0x63, 0x65, 0x3a, 0x0a, 0x6e, 0x6f, 0x74, 0x65, 0x3a, 0x20,
    0x53, 0x6f, 0x6d, 0x65, 0x20, 0x64, 0x65, 0x74, 0x61, 0x69, 0x6c, 0x73,
    0x20, 0x61, 0x72, 0x65, 0x20, 0x6f, 0x6d, 0x69, 0x74, 0x74, 0x65, 0x64,
    0x2c, 0x20, 0x72, 0x75, 0x6e, 0x20, 0x77, 0x69, 0x74, 0x68, 0x20, 0x60,
    0x52, 0x55, 0x53, 0x54, 0x5f, 0x42, 0x41, 0x43, 0x4b, 0x54, 0x52, 0x41,
    0x43, 0x45, 0x3d, 0x66, 0x75, 0x6c, 0x6c, 0x60, 0x20, 0x66, 0x6f, 0x72,
    0x20, 0x61, 0x20, 0x76, 0x65, 0x72, 0x62, 0x6f, 0x73, 0x65, 0x20, 0x62,
    0x61, 0x63, 0x6b, 0x74, 0x72, 0x61, 0x63, 0x65, 0x2e, 0x0a, 0x00, 0x00,
    0x00, 0xbc, 0x01, 0x10, 0x00, 0x4f, 0x00, 0x00, 0x00, 0x07, 0x04, 0x00,
    0x00, 0x37, 0x00, 0x00, 0x00, 0x00, 0x00, 0x00, 0x00, 0x08, 0x00, 0x00,
    0x00, 0x04, 0x00, 0x00, 0x00, 0x2d, 0x00, 0x00, 0x00, 0x5f, 0x04, 0x10,
    0x00, 0x54, 0x00, 0x00, 0x00, 0x4e, 0x00, 0x00, 0x00, 0x36, 0x00, 0x00,
    0x00, 0x73, 0x74, 0x72, 0x65, 0x72, 0x72, 0x6f, 0x72, 0x5f, 0x72, 0x20,
    0x66, 0x61, 0x69, 0x6c, 0x75, 0x72, 0x65, 0x00, 0x00, 0x5f, 0x04, 0x10,
    0x00, 0x54, 0x00, 0x00, 0x00, 0x4c, 0x00, 0x00, 0x00, 0x0d, 0x00, 0x00,
    0x00, 0x66, 0x61, 0x69, 0x6c, 0x65, 0x64, 0x20, 0x74, 0x6f, 0x20, 0x67,
    0x65, 0x6e, 0x65, 0x72, 0x61, 0x74, 0x65, 0x20, 0x75, 0x6e, 0x69, 0x71,
    0x75, 0x65, 0x20, 0x74, 0x68, 0x72, 0x65, 0x61, 0x64, 0x20, 0x49, 0x44,
    0x3a, 0x20, 0x62, 0x69, 0x74, 0x73, 0x70, 0x61, 0x63, 0x65, 0x20, 0x65,
    0x78, 0x68, 0x61, 0x75, 0x73, 0x74, 0x65, 0x64, 0x00, 0x8b, 0x06, 0x10,
    0x00, 0x4c, 0x00, 0x00, 0x00, 0x26, 0x00, 0x00, 0x00, 0x0d, 0x00, 0x00,
    0x00, 0x00, 0x00, 0x00, 0x00, 0x08, 0x00, 0x00, 0x00, 0x04, 0x00, 0x00,
    0x00, 0x2e, 0x00, 0x00, 0x00, 0x55, 0x74, 0x66, 0x38, 0x45, 0x72, 0x72,
    0x6f, 0x72, 0x76, 0x61, 0x6c, 0x69, 0x64, 0x5f, 0x75, 0x70, 0x5f, 0x74,
    0x6f, 0x65, 0x72, 0x72, 0x6f, 0x72, 0x5f, 0x6c, 0x65, 0x6e, 0x4e, 0x6f,
    0x6e, 0x65, 0x53, 0x6f, 0x6d, 0x65, 0x00, 0x00, 0x00, 0xaa, 0x03, 0x10,
    0x00, 0x5d, 0x00, 0x00, 0x00, 0x16, 0x01, 0x00, 0x00, 0x29, 0x00, 0x00,
    0x00, 0x20, 0x00, 0x00, 0x00, 0x0c, 0x00, 0x00, 0x00, 0x04, 0x00, 0x00,
    0x00, 0x2f, 0x00, 0x00, 0x00, 0x5e, 0x03, 0x10, 0x00, 0x4b, 0x00, 0x00,
    0x00, 0x5d, 0x03, 0x00, 0x00, 0x14, 0x00, 0x00, 0x00, 0x30, 0x00, 0x00,
    0x00, 0x0c, 0x00, 0x00, 0x00, 0x04, 0x00, 0x00, 0x00, 0x31, 0x00, 0x00,
    0x00, 0x30, 0x00, 0x00, 0x00, 0x0c, 0x00, 0x00, 0x00, 0x04, 0x00, 0x00,
    0x00, 0x32, 0x00, 0x00, 0x00, 0x31, 0x00, 0x00, 0x00, 0xc0, 0x1f, 0x10,
    0x00, 0x33, 0x00, 0x00, 0x00, 0x34, 0x00, 0x00, 0x00, 0x35, 0x00, 0x00,
    0x00, 0x33, 0x00, 0x00, 0x00, 0x36, 0x00, 0x00, 0x00, 0x72, 0x77, 0x6c,
    0x6f, 0x63, 0x6b, 0x20, 0x68, 0x61, 0x73, 0x20, 0x6e, 0x6f, 0x74, 0x20,
    0x62, 0x65, 0x65, 0x6e, 0x20, 0x6c, 0x6f, 0x63, 0x6b, 0x65, 0x64, 0x20,
    0x66, 0x6f, 0x72, 0x20, 0x72, 0x65, 0x61, 0x64, 0x69, 0x6e, 0x67, 0x00,
    0x00, 0xaf, 0x02, 0x10, 0x00, 0x5d, 0x00, 0x00, 0x00, 0x3e, 0x00, 0x00,
    0x00, 0x09, 0x00, 0x00, 0x00, 0xf0, 0x05, 0x10, 0x00, 0x49, 0x00, 0x00,
    0x00, 0x48, 0x07, 0x00, 0x00, 0x24, 0x00, 0x00, 0x00, 0x64, 0x65, 0x73,
    0x63, 0x72, 0x69, 0x70, 0x74, 0x69, 0x6f, 0x6e, 0x28, 0x29, 0x20, 0x69,
    0x73, 0x20, 0x64, 0x65, 0x70, 0x72, 0x65, 0x63, 0x61, 0x74, 0x65, 0x64,
    0x3b, 0x20, 0x75, 0x73, 0x65, 0x20, 0x44, 0x69, 0x73, 0x70, 0x6c, 0x61,
    0x79, 0x74, 0x4c, 0x83, 0xf0, 0x1d, 0x29, 0x6a, 0x00, 0xfe, 0x37, 0x7c,
    0x28, 0x98, 0xde, 0x8f, 0xc8, 0x10, 0x00, 0x00, 0x00, 0x11, 0x00, 0x00,
    0x00, 0x12, 0x00, 0x00, 0x00, 0x10, 0x00, 0x00, 0x00, 0x10, 0x00, 0x00,
    0x00, 0x13, 0x00, 0x00, 0x00, 0x12, 0x00, 0x00, 0x00, 0x0d, 0x00, 0x00,
    0x00, 0x0e, 0x00, 0x00, 0x00, 0x15, 0x00, 0x00, 0x00, 0x0c, 0x00, 0x00,
    0x00, 0x0b, 0x00, 0x00, 0x00, 0x15, 0x00, 0x00, 0x00, 0x15, 0x00, 0x00,
    0x00, 0x0f, 0x00, 0x00, 0x00, 0x0e, 0x00, 0x00, 0x00, 0x13, 0x00, 0x00,
    0x00, 0x26, 0x00, 0x00, 0x00, 0x38, 0x00, 0x00, 0x00, 0x19, 0x00, 0x00,
    0x00, 0x17, 0x00, 0x00, 0x00, 0x0c, 0x00, 0x00, 0x00, 0x09, 0x00, 0x00,
    0x00, 0x0a, 0x00, 0x00, 0x00, 0x10, 0x00, 0x00, 0x00, 0x17, 0x00, 0x00,
    0x00, 0x0e, 0x00, 0x00, 0x00, 0x0e, 0x00, 0x00, 0x00, 0x0d, 0x00, 0x00,
    0x00, 0x14, 0x00, 0x00, 0x00, 0x08, 0x00, 0x00, 0x00, 0x1b, 0x00, 0x00,
    0x00, 0x0e, 0x00, 0x00, 0x00, 0x10, 0x00, 0x00, 0x00, 0x16, 0x00, 0x00,
    0x00, 0x15, 0x00, 0x00, 0x00, 0x0b, 0x00, 0x00, 0x00, 0x16, 0x00, 0x00,
    0x00, 0x0d, 0x00, 0x00, 0x00, 0x0b, 0x00, 0x00, 0x00, 0x0b, 0x00, 0x00,
    0x00, 0x13, 0x00, 0x00, 0x00, 0x80, 0x0d, 0x10, 0x00, 0x90, 0x0d, 0x10,
    0x00, 0xa1, 0x0d, 0x10, 0x00, 0xb3, 0x0d, 0x10, 0x00, 0xc3, 0x0d, 0x10,
    0x00, 0xd3, 0x0d, 0x10, 0x00, 0xe6, 0x0d, 0x10, 0x00, 0xf8, 0x0d, 0x10,
    0x00, 0x05, 0x0e, 0x10, 0x00, 0x13, 0x0e, 0x10, 0x00, 0x28, 0x0e, 0x10,
    0x00, 0x34, 0x0e, 0x10, 0x00, 0x3f, 0x0e, 0x10, 0x00, 0x54, 0x0e, 0x10,
    0x00, 0x69, 0x0e, 0x10, 0x00, 0x78, 0x0e, 0x10, 0x00, 0x86, 0x0e, 0x10,
    0x00, 0x99, 0x0e, 0x10, 0x00, 0xbf, 0x0e, 0x10, 0x00, 0xf7, 0x0e, 0x10,
    0x00, 0x10, 0x0f, 0x10, 0x00, 0x27, 0x0f, 0x10, 0x00, 0x33, 0x0f, 0x10,
    0x00, 0x3c, 0x0f, 0x10, 0x00, 0x46, 0x0f, 0x10, 0x00, 0x56, 0x0f, 0x10,
    0x00, 0x6d, 0x0f, 0x10, 0x00, 0x7b, 0x0f, 0x10, 0x00, 0x89, 0x0f, 0x10,
    0x00, 0x96, 0x0f, 0x10, 0x00, 0xaa, 0x0f, 0x10, 0x00, 0xb2, 0x0f, 0x10,
    0x00, 0xcd, 0x0f, 0x10, 0x00, 0xdb, 0x0f, 0x10, 0x00, 0xeb, 0x0f, 0x10,
    0x00, 0x01, 0x10, 0x10, 0x00, 0x16, 0x10, 0x10, 0x00, 0x21, 0x10, 0x10,
    0x00, 0x37, 0x10, 0x10, 0x00, 0x44, 0x10, 0x10, 0x00, 0x4f, 0x10, 0x10,
    0x00, 0x5a, 0x10, 0x10, 0x00, 0x00, 0x20, 0x00, 0x00, 0x00, 0x40, 0x00,
    0x00, 0x00, 0x80, 0x00, 0x00, 0x00, 0xc0, 0x00, 0x00, 0x00, 0xc0, 0x00,
    0x00, 0x00, 0xa0, 0x00, 0x00, 0x53, 0x75, 0x63, 0x63, 0x65, 0x73, 0x73,
    0x00, 0x49, 0x6c, 0x6c, 0x65, 0x67, 0x61, 0x6c, 0x20, 0x62, 0x79, 0x74,
    0x65, 0x20, 0x73, 0x65, 0x71, 0x75, 0x65, 0x6e, 0x63, 0x65, 0x00, 0x44,
    0x6f, 0x6d, 0x61, 0x69, 0x6e, 0x20, 0x65, 0x72, 0x72, 0x6f, 0x72, 0x00,
    0x52, 0x65, 0x73, 0x75, 0x6c, 0x74, 0x20, 0x6e, 0x6f, 0x74, 0x20, 0x72,
    0x65, 0x70, 0x72, 0x65, 0x73, 0x65, 0x6e, 0x74, 0x61, 0x62, 0x6c, 0x65,
    0x00, 0x4e, 0x6f, 0x74, 0x20, 0x61, 0x20, 0x74, 0x74, 0x79, 0x00, 0x50,
    0x65, 0x72, 0x6d, 0x69, 0x73, 0x73, 0x69, 0x6f, 0x6e, 0x20, 0x64, 0x65,
    0x6e, 0x69, 0x65, 0x64, 0x00, 0x4f, 0x70, 0x65, 0x72, 0x61, 0x74, 0x69,
    0x6f, 0x6e, 0x20, 0x6e, 0x6f, 0x74, 0x20, 0x70, 0x65, 0x72, 0x6d, 0x69,
    0x74, 0x74, 0x65, 0x64, 0x00, 0x4e, 0x6f, 0x20, 0x73, 0x75, 0x63, 0x68,
    0x20, 0x66, 0x69, 0x6c, 0x65, 0x20, 0x6f, 0x72, 0x20, 0x64, 0x69, 0x72,
    0x65, 0x63, 0x74, 0x6f, 0x72, 0x79, 0x00, 0x4e, 0x6f, 0x20, 0x73, 0x75,
    0x63, 0x68, 0x20, 0x70, 0x72, 0x6f, 0x63, 0x65, 0x73, 0x73, 0x00, 0x46,
    0x69, 0x6c, 0x65, 0x20, 0x65, 0x78, 0x69, 0x73, 0x74, 0x73, 0x00, 0x56,
    0x61, 0x6c, 0x75, 0x65, 0x20, 0x74, 0x6f, 0x6f, 0x20, 0x6c, 0x61, 0x72,
    0x67, 0x65, 0x20, 0x66, 0x6f, 0x72, 0x20, 0x64, 0x61, 0x74, 0x61, 0x20,
    0x74, 0x79, 0x70, 0x65, 0x00, 0x4e, 0x6f, 0x20, 0x73, 0x70, 0x61, 0x63,
    0x65, 0x20, 0x6c, 0x65, 0x66, 0x74, 0x20, 0x6f, 0x6e, 0x20, 0x64, 0x65,
    0x76, 0x69, 0x63, 0x65, 0x00, 0x4f, 0x75, 0x74, 0x20, 0x6f, 0x66, 0x20,
    0x6d, 0x65, 0x6d, 0x6f, 0x72, 0x79, 0x00, 0x52, 0x65, 0x73, 0x6f, 0x75,
    0x72, 0x63, 0x65, 0x20, 0x62, 0x75, 0x73, 0x79, 0x00, 0x49, 0x6e, 0x74,
    0x65, 0x72, 0x72, 0x75, 0x70, 0x74, 0x65, 0x64, 0x20, 0x73, 0x79, 0x73,
    0x74, 0x65, 0x6d, 0x20, 0x63, 0x61, 0x6c, 0x6c, 0x00, 0x52, 0x65, 0x73,
    0x6f, 0x75, 0x72, 0x63, 0x65, 0x20, 0x74, 0x65, 0x6d, 0x70, 0x6f, 0x72,
    0x61, 0x72, 0x69, 0x6c, 0x79, 0x20, 0x75, 0x6e, 0x61, 0x76, 0x61, 0x69,
    0x6c, 0x61, 0x62, 0x6c, 0x65, 0x00, 0x49, 0x6e, 0x76, 0x61, 0x6c, 0x69,
    0x64, 0x20, 0x73, 0x65, 0x65, 0x6b, 0x00, 0x43, 0x72, 0x6f, 0x73, 0x73,
    0x2d, 0x64, 0x65, 0x76, 0x69, 0x63, 0x65, 0x20, 0x6c, 0x69, 0x6e, 0x6b,
    0x00, 0x52, 0x65, 0x61, 0x64, 0x2d, 0x6f, 0x6e, 0x6c, 0x79, 0x20, 0x66,
    0x69, 0x6c, 0x65, 0x20, 0x73, 0x79, 0x73, 0x74, 0x65, 0x6d, 0x00, 0x44,
    0x69, 0x72, 0x65, 0x63, 0x74, 0x6f, 0x72, 0x79, 0x20, 0x6e, 0x6f, 0x74,
    0x20, 0x65, 0x6d, 0x70, 0x74, 0x79, 0x00, 0x43, 0x6f, 0x6e, 0x6e, 0x65,
    0x63, 0x74, 0x69, 0x6f, 0x6e, 0x20, 0x72, 0x65, 0x73, 0x65, 0x74, 0x20,
    0x62, 0x79, 0x20, 0x70, 0x65, 0x65, 0x72, 0x00, 0x4f, 0x70, 0x65, 0x72,
    0x61, 0x74, 0x69, 0x6f, 0x6e, 0x20, 0x74, 0x69, 0x6d, 0x65, 0x64, 0x20,
    0x6f, 0x75, 0x74, 0x00, 0x43, 0x6f, 0x6e, 0x6e, 0x65, 0x63, 0x74, 0x69,
    0x6f, 0x6e, 0x20, 0x72, 0x65, 0x66, 0x75, 0x73, 0x65, 0x64, 0x00, 0x48,
    0x6f, 0x73, 0x74, 0x20, 0x69, 0x73, 0x20, 0x75, 0x6e, 0x72, 0x65, 0x61,
    0x63, 0x68, 0x61, 0x62, 0x6c, 0x65, 0x00, 0x41, 0x64, 0x64, 0x72, 0x65,
    0x73, 0x73, 0x20, 0x69, 0x6e, 0x20, 0x75, 0x73, 0x65, 0x00, 0x42, 0x72,
    0x6f, 0x6b, 0x65, 0x6e, 0x20, 0x70, 0x69, 0x70, 0x65, 0x00, 0x49, 0x2f,
    0x4f, 0x20, 0x65, 0x72, 0x72, 0x6f, 0x72, 0x00, 0x4e, 0x6f, 0x20, 0x73,
    0x75, 0x63, 0x68, 0x20, 0x64, 0x65, 0x76, 0x69, 0x63, 0x65, 0x20, 0x6f,
    0x72, 0x20, 0x61, 0x64, 0x64, 0x72, 0x65, 0x73, 0x73, 0x00, 0x4e, 0x6f,
    0x20, 0x73, 0x75, 0x63, 0x68, 0x20, 0x64, 0x65, 0x76, 0x69, 0x63, 0x65,
    0x00, 0x4e, 0x6f, 0x74, 0x20, 0x61, 0x20, 0x64, 0x69, 0x72, 0x65, 0x63,
    0x74, 0x6f, 0x72, 0x79, 0x00, 0x49, 0x73, 0x20, 0x61, 0x20, 0x64, 0x69,
    0x72, 0x65, 0x63, 0x74, 0x6f, 0x72, 0x79, 0x00, 0x54, 0x65, 0x78, 0x74,
    0x20, 0x66, 0x69, 0x6c, 0x65, 0x20, 0x62, 0x75, 0x73, 0x79, 0x00, 0x45,
    0x78, 0x65, 0x63, 0x20, 0x66, 0x6f, 0x72, 0x6d, 0x61, 0x74, 0x20, 0x65,
    0x72, 0x72, 0x6f, 0x72, 0x00, 0x49, 0x6e, 0x76, 0x61, 0x6c, 0x69, 0x64,
    0x20, 0x61, 0x72, 0x67, 0x75, 0x6d, 0x65, 0x6e, 0x74, 0x00, 0x41, 0x72,
    0x67, 0x75, 0x6d, 0x65, 0x6e, 0x74, 0x20, 0x6c, 0x69, 0x73, 0x74, 0x20,
    0x74, 0x6f, 0x6f, 0x20, 0x6c, 0x6f, 0x6e, 0x67, 0x00, 0x53, 0x79, 0x6d,
    0x62, 0x6f, 0x6c, 0x69, 0x63, 0x20, 0x6c, 0x69, 0x6e, 0x6b, 0x20, 0x6c,
    0x6f, 0x6f, 0x70, 0x00, 0x46, 0x69, 0x6c, 0x65, 0x6e, 0x61, 0x6d, 0x65,
    0x20, 0x74, 0x6f, 0x6f, 0x20, 0x6c, 0x6f, 0x6e, 0x67, 0x00, 0x54, 0x6f,
    0x6f, 0x20, 0x6d, 0x61, 0x6e, 0x79, 0x20, 0x6f, 0x70, 0x65, 0x6e, 0x20,
    0x66, 0x69, 0x6c, 0x65, 0x73, 0x20, 0x69, 0x6e, 0x20, 0x73, 0x79, 0x73,
    0x74, 0x65, 0x6d, 0x00, 0x4e, 0x6f, 0x20, 0x66, 0x69, 0x6c, 0x65, 0x20,
    0x64, 0x65, 0x73, 0x63, 0x72, 0x69, 0x70, 0x74, 0x6f, 0x72, 0x73, 0x20,
    0x61, 0x76, 0x61, 0x69, 0x6c, 0x61, 0x62, 0x6c, 0x65, 0x00, 0x42, 0x61,
    0x64, 0x20, 0x66, 0x69, 0x6c, 0x65, 0x20, 0x64, 0x65, 0x73, 0x63, 0x72,
    0x69, 0x70, 0x74, 0x6f, 0x72, 0x00, 0x4e, 0x6f, 0x20, 0x63, 0x68, 0x69,
    0x6c, 0x64, 0x20, 0x70, 0x72, 0x6f, 0x63, 0x65, 0x73, 0x73, 0x00, 0x42,
    0x61, 0x64, 0x20, 0x61, 0x64, 0x64, 0x72, 0x65, 0x73, 0x73, 0x00, 0x46,
    0x69, 0x6c, 0x65, 0x20, 0x74, 0x6f, 0x6f, 0x20, 0x6c, 0x61, 0x72, 0x67,
    0x65, 0x00, 0x54, 0x6f, 0x6f, 0x20, 0x6d, 0x61, 0x6e, 0x79, 0x20, 0x6c,
    0x69, 0x6e, 0x6b, 0x73, 0x00, 0x4e, 0x6f, 0x20, 0x6c, 0x6f, 0x63, 0x6b,
    0x73, 0x20, 0x61, 0x76, 0x61, 0x69, 0x6c, 0x61, 0x62, 0x6c, 0x65, 0x00,
    0x52, 0x65, 0x73, 0x6f, 0x75, 0x72, 0x63, 0x65, 0x20, 0x64, 0x65, 0x61,
    0x64, 0x6c, 0x6f, 0x63, 0x6b, 0x20, 0x77, 0x6f, 0x75, 0x6c, 0x64, 0x20,
    0x6f, 0x63, 0x63, 0x75, 0x72, 0x00, 0x53, 0x74, 0x61, 0x74, 0x65, 0x20,
    0x6e, 0x6f, 0x74, 0x20, 0x72, 0x65, 0x63, 0x6f, 0x76, 0x65, 0x72, 0x61,
    0x62, 0x6c, 0x65, 0x00, 0x50, 0x72, 0x65, 0x76, 0x69, 0x6f, 0x75, 0x73,
    0x20, 0x6f, 0x77, 0x6e, 0x65, 0x72, 0x20, 0x64, 0x69, 0x65, 0x64, 0x00,
    0x4f, 0x70, 0x65, 0x72, 0x61, 0x74, 0x69, 0x6f, 0x6e, 0x20, 0x63, 0x61,
    0x6e, 0x63, 0x65, 0x6c, 0x65, 0x64, 0x00, 0x46, 0x75, 0x6e, 0x63, 0x74,
    0x69, 0x6f, 0x6e, 0x20, 0x6e, 0x6f, 0x74, 0x20, 0x69, 0x6d, 0x70, 0x6c,
    0x65, 0x6d, 0x65, 0x6e, 0x74, 0x65, 0x64, 0x00, 0x4e, 0x6f, 0x20, 0x6d,
    0x65, 0x73, 0x73, 0x61, 0x67, 0x65, 0x20, 0x6f, 0x66, 0x20, 0x64, 0x65,
    0x73, 0x69, 0x72, 0x65, 0x64, 0x20, 0x74, 0x79, 0x70, 0x65, 0x00, 0x49,
    0x64, 0x65, 0x6e, 0x74, 0x69, 0x66, 0x69, 0x65, 0x72, 0x20, 0x72, 0x65,
    0x6d, 0x6f, 0x76, 0x65, 0x64, 0x00, 0x4c, 0x69, 0x6e, 0x6b, 0x20, 0x68,
    0x61, 0x73, 0x20, 0x62, 0x65, 0x65, 0x6e, 0x20, 0x73, 0x65, 0x76, 0x65,
    0x72, 0x65, 0x64, 0x00, 0x50, 0x72, 0x6f, 0x74, 0x6f, 0x63, 0x6f, 0x6c,
    0x20, 0x65, 0x72, 0x72, 0x6f, 0x72, 0x00, 0x42, 0x61, 0x64, 0x20, 0x6d,
    0x65, 0x73, 0x73, 0x61, 0x67, 0x65, 0x00, 0x4e, 0x6f, 0x74, 0x20, 0x61,
    0x20, 0x73, 0x6f, 0x63, 0x6b, 0x65, 0x74, 0x00, 0x44, 0x65, 0x73, 0x74,
    0x69, 0x6e, 0x61, 0x74, 0x69, 0x6f, 0x6e, 0x20, 0x61, 0x64, 0x64, 0x72,
    0x65, 0x73, 0x73, 0x20, 0x72, 0x65, 0x71, 0x75, 0x69, 0x72, 0x65, 0x64,
    0x00, 0x4d, 0x65, 0x73, 0x73, 0x61, 0x67, 0x65, 0x20, 0x74, 0x6f, 0x6f,
    0x20, 0x6c, 0x61, 0x72, 0x67, 0x65, 0x00, 0x50, 0x72, 0x6f, 0x74, 0x6f,
    0x63, 0x6f, 0x6c, 0x20, 0x77, 0x72, 0x6f, 0x6e, 0x67, 0x20, 0x74, 0x79,
    0x70, 0x65, 0x20, 0x66, 0x6f, 0x72, 0x20, 0x73, 0x6f, 0x63, 0x6b, 0x65,
    0x74, 0x00, 0x50, 0x72, 0x6f, 0x74, 0x6f, 0x63, 0x6f, 0x6c, 0x20, 0x6e,
    0x6f, 0x74, 0x20, 0x61, 0x76, 0x61, 0x69, 0x6c, 0x61, 0x62, 0x6c, 0x65,
    0x00, 0x50, 0x72, 0x6f, 0x74, 0x6f, 0x63, 0x6f, 0x6c, 0x20, 0x6e, 0x6f,
    0x74, 0x20, 0x73, 0x75, 0x70, 0x70, 0x6f, 0x72, 0x74, 0x65, 0x64, 0x00,
    0x4e, 0x6f, 0x74, 0x20, 0x73, 0x75, 0x70, 0x70, 0x6f, 0x72, 0x74, 0x65,
    0x64, 0x00, 0x41, 0x64, 0x64, 0x72, 0x65, 0x73, 0x73, 0x20, 0x66, 0x61,
    0x6d, 0x69, 0x6c, 0x79, 0x20, 0x6e, 0x6f, 0x74, 0x20, 0x73, 0x75, 0x70,
    0x70, 0x6f, 0x72, 0x74, 0x65, 0x64, 0x20, 0x62, 0x79, 0x20, 0x70, 0x72,
    0x6f, 0x74, 0x6f, 0x63, 0x6f, 0x6c, 0x00, 0x41, 0x64, 0x64, 0x72, 0x65,
    0x73, 0x73, 0x20, 0x6e, 0x6f, 0x74, 0x20, 0x61, 0x76, 0x61, 0x69, 0x6c,
    0x61, 0x62, 0x6c, 0x65, 0x00, 0x4e, 0x65, 0x74, 0x77, 0x6f, 0x72, 0x6b,
    0x20, 0x69, 0x73, 0x20, 0x64, 0x6f, 0x77, 0x6e, 0x00, 0x4e, 0x65, 0x74,
    0x77, 0x6f, 0x72, 0x6b, 0x20, 0x75, 0x6e, 0x72, 0x65, 0x61, 0x63, 0x68,
    0x61, 0x62, 0x6c, 0x65, 0x00, 0x43, 0x6f, 0x6e, 0x6e, 0x65, 0x63, 0x74,
    0x69, 0x6f, 0x6e, 0x20, 0x72, 0x65, 0x73, 0x65, 0x74, 0x20, 0x62, 0x79,
    0x20, 0x6e, 0x65, 0x74, 0x77, 0x6f, 0x72, 0x6b, 0x00, 0x43, 0x6f, 0x6e,
    0x6e, 0x65, 0x63, 0x74, 0x69, 0x6f, 0x6e, 0x20, 0x61, 0x62, 0x6f, 0x72,
    0x74, 0x65, 0x64, 0x00, 0x4e, 0x6f, 0x20, 0x62, 0x75, 0x66, 0x66, 0x65,
    0x72, 0x20, 0x73, 0x70, 0x61, 0x63, 0x65, 0x20, 0x61, 0x76, 0x61, 0x69,
    0x6c, 0x61, 0x62, 0x6c, 0x65, 0x00, 0x53, 0x6f, 0x63, 0x6b, 0x65, 0x74,
    0x20, 0x69, 0x73, 0x20, 0x63, 0x6f, 0x6e, 0x6e, 0x65, 0x63, 0x74, 0x65,
    0x64, 0x00, 0x53, 0x6f, 0x63, 0x6b, 0x65, 0x74, 0x20, 0x6e, 0x6f, 0x74,
    0x20, 0x63, 0x6f, 0x6e, 0x6e, 0x65, 0x63, 0x74, 0x65, 0x64, 0x00, 0x4f,
    0x70, 0x65, 0x72, 0x61, 0x74, 0x69, 0x6f, 0x6e, 0x20, 0x61, 0x6c, 0x72,
    0x65, 0x61, 0x64, 0x79, 0x20, 0x69, 0x6e, 0x20, 0x70, 0x72, 0x6f, 0x67,
    0x72, 0x65, 0x73, 0x73, 0x00, 0x4f, 0x70, 0x65, 0x72, 0x61, 0x74, 0x69,
    0x6f, 0x6e, 0x20, 0x69, 0x6e, 0x20, 0x70, 0x72, 0x6f, 0x67, 0x72, 0x65,
    0x73, 0x73, 0x00, 0x53, 0x74, 0x61, 0x6c, 0x65, 0x20, 0x66, 0x69, 0x6c,
    0x65, 0x20, 0x68, 0x61, 0x6e, 0x64, 0x6c, 0x65, 0x00, 0x51, 0x75, 0x6f,
    0x74, 0x61, 0x20, 0x65, 0x78, 0x63, 0x65, 0x65, 0x64, 0x65, 0x64, 0x00,
    0x4d, 0x75, 0x6c, 0x74, 0x69, 0x68, 0x6f, 0x70, 0x20, 0x61, 0x74, 0x74,
    0x65, 0x6d, 0x70, 0x74, 0x65, 0x64, 0x00, 0x43, 0x61, 0x70, 0x61, 0x62,
    0x69, 0x6c, 0x69, 0x74, 0x69, 0x65, 0x73, 0x20, 0x69, 0x6e, 0x73, 0x75,
    0x66, 0x66, 0x69, 0x63, 0x69, 0x65, 0x6e, 0x74, 0x00, 0x00, 0x00, 0x00,
    0x00, 0x00, 0x00, 0x00, 0x00, 0x00, 0x00, 0x00, 0x00, 0x00, 0x00, 0x75,
    0x02, 0x4e, 0x00, 0xd6, 0x01, 0xe2, 0x04, 0xb9, 0x04, 0x18, 0x01, 0x8e,
    0x05, 0xed, 0x02, 0x16, 0x04, 0xf2, 0x00, 0x97, 0x03, 0x01, 0x03, 0x38,
    0x05, 0xaf, 0x01, 0x82, 0x01, 0x4f, 0x03, 0x2f, 0x04, 0x1e, 0x00, 0xd4,
    0x05, 0xa2, 0x00, 0x12, 0x03, 0x1e, 0x03, 0xc2, 0x01, 0xde, 0x03, 0x08,
    0x00, 0xac, 0x05, 0x00, 0x01, 0x64, 0x02, 0xf1, 0x01, 0x65, 0x05, 0x34,
    0x02, 0x8c, 0x02, 0xcf, 0x02, 0x2d, 0x03, 0x4c, 0x04, 0xe3, 0x05, 0x9f,
    0x02, 0xf8, 0x04, 0x1c, 0x05, 0x08, 0x05, 0xb1, 0x02, 0x4b, 0x05, 0x15,
    0x02, 0x78, 0x00, 0x52, 0x02, 0x3c, 0x03, 0xf1, 0x03, 0xe4, 0x00, 0xc3,
    0x03, 0x7d, 0x04, 0xcc, 0x00, 0xaa, 0x03, 0x79, 0x05, 0x24, 0x02, 0x6e,
    0x01, 0x6d, 0x03, 0x22, 0x04, 0xab, 0x04, 0x44, 0x00, 0xfb, 0x01, 0xae,
    0x00, 0x83, 0x03, 0x60, 0x00, 0xe5, 0x01, 0x07, 0x04, 0x94, 0x04, 0x5e,
    0x04, 0x2b, 0x00, 0x58, 0x01, 0x39, 0x01, 0x92, 0x00, 0xc2, 0x05, 0x9b,
    0x01, 0x43, 0x02, 0x46, 0x01, 0xf6, 0x05, 0x00, 0x41, 0x9c, 0xd1, 0xc0,
    0x00, 0x0b, 0x10, 0x01, 0x00, 0x00, 0x00, 0xd8, 0x06, 0x10, 0x00, 0xff,
    0xff, 0xff, 0xff, 0x00, 0x00, 0x02, 0x00,
};
const unsigned int hello_wasm_len = 56551;
